#miRNA;read_count;precursor;total;1;2;3;4;5;6;7;8;9;10;11;12;13;14;15;16;17;18;19;20;21;22;23;24;25;26;27;28;29;30;31;32;33;34;35;36;37;38;39;40;41;42;43;44;45;46;47;48;49;50;51;52;53;54;55;56;57;58;59;60;61;62;63;64;65;66;67;68;69;70;71;72;73;74;75;76;77;78;79;80;81;82;83;84;85;86;87;88;89;90;91;92;93;94;95;96;97;98;99;100;101;102;103;104;105;106;107;108;109;001(norm);002(norm);003(norm);004(norm);005(norm);006(norm);007(norm);008(norm);009(norm);010(norm);011(norm);012(norm);013(norm);014(norm);015(norm);016(norm);017(norm);018(norm);019(norm);020(norm);021(norm);022(norm);023(norm);024(norm);025(norm);026(norm);027(norm);028(norm);029(norm);030(norm);031(norm);032(norm);033(norm);034(norm);035(norm);036(norm);037(norm);038(norm);039(norm);040(norm);041(norm);042(norm);043(norm);044(norm);045(norm);046(norm);047(norm);048(norm);049(norm);050(norm);051(norm);052(norm);053(norm);054(norm);055(norm);056(norm);057(norm);058(norm);059(norm);060(norm);061(norm);062(norm);063(norm);064(norm);065(norm);066(norm);067(norm);068(norm);069(norm);070(norm);071(norm);072(norm);073(norm);074(norm);075(norm);076(norm);077(norm);078(norm);079(norm);080(norm);081(norm);082(norm);083(norm);084(norm);085(norm);086(norm);087(norm);088(norm);089(norm);090(norm);091(norm);092(norm);093(norm);094(norm);095(norm);096(norm);097(norm);098(norm);099(norm);100(norm);101(norm);102(norm);103(norm);104(norm);105(norm);106(norm);107(norm);108(norm);109(norm)
AF210726.1_10;630.00;AF210726.1_10;630.00;0;64.00;0;0;0;0;0;0;0;0;0;0;0;0;0;0;0;0;0;0;0;0;0;0;0;0;0;0;0;0;0;0;0;0;0;0;0;0;0;0;0;0;0;21.00;0;0;0;0;0;0;0;0;0;0;0;0;3.00;0;0;1.00;0;0;0;282.00;0;37.00;69.00;0;0;0;0;0;0;0;0;60.00;0;0;0;0;0;0;0;0;0;0;11.00;0;0;0;3.00;0;0;0;0;0;0;0;0;0;0;0;0;0;0;0;79.00;0;0;0;2400.24;0;0;0;0;0;0;0;0;0;0;0;0;0;0;0;0;0;0;0;0;0;0;0;0;0;0;0;0;0;0;0;0;0;0;0;0;0;0;0;0;0;1015.72;0;0;0;0;0;0;0;0;0;0;0;0;578.59;0;0;39.82;0;0;0;8005.00;0;1612.27;2700.16;0;0;0;0;0;0;0;0;1244.50;0;0;0;0;0;0;0;0;0;0;532.10;0;0;0;210.88;0;0;0;0;0;0;0;0;0;0;0;0;0;0;0;8508.35;0;0
AF210726.1_21;18748.00;AF210726.1_21;18748.00;98.00;128.00;782.00;25.00;12.00;72.00;289.00;201.00;265.00;36.00;71.00;180.00;1.00;57.00;0;232.00;698.00;83.00;2.00;102.00;0;124.00;190.00;2.00;267.00;506.00;0;43.00;231.00;218.00;291.00;99.00;40.00;58.00;92.00;76.00;505.00;67.00;522.00;56.00;38.00;209.00;1.00;123.00;191.00;80.00;51.00;91.00;385.00;54.00;53.00;78.00;456.00;385.00;232.00;18.00;41.00;4.00;150.00;112.00;98.00;54.00;61.00;258.00;38.00;89.00;456.00;72.00;81.00;70.00;142.00;837.00;2.00;535.00;2.00;742.00;71.00;0;3.00;569.00;174.00;283.00;55.00;0;200.00;2.00;100.00;55.00;0;81.00;678.00;279.00;912.00;124.00;7.00;128.00;26.00;1.00;114.00;212.00;37.00;381.00;31.00;355.00;670.00;87.00;101.00;0;2.00;2940.56;4800.48;21287.02;3639.01;612.49;2650.08;26460.36;17006.51;12782.79;944.09;6977.89;18720.75;344.71;2248.43;0;11118.03;25965.33;1955.56;115.97;26962.73;0;9973.46;35474.23;266.28;14606.93;37225.04;0;5737.92;13530.93;9863.36;9685.47;2321.11;2768.93;2109.24;4050.72;3174.34;20585.36;4257.75;33130.24;8517.11;1125.59;13015.32;122.56;5949.21;9297.57;2239.20;1368.91;5925.25;35764.05;3040.88;7116.96;5085.41;21165.00;9850.83;6506.62;1461.75;7907.43;9456.26;8997.12;4460.20;4304.66;4084.72;2905.73;7323.72;4030.55;3878.16;17844.56;4924.76;3139.41;3762.03;4680.44;30425.30;127.91;17605.63;51.74;15390.36;3238.90;0;202.42;22305.85;27332.70;6682.41;1963.30;0;7005.25;126.10;4837.23;1553.41;0;1760.41;47659.22;15368.51;17640.91;6172.53;6439.74;9934.03;2127.83;34.40;5423.66;111286.09;12771.83;15993.62;498.38;22972.89;12198.67;1786.85;10877.76;0;1788.91
AJ507799.2_217;12678.00;AJ507799.2_217;12678.00;0;346.00;551.00;66.00;78.00;44.00;0;67.00;383.00;93.00;37.00;82.00;0;212.00;0;174.00;0;90.00;0;0;0;334.00;75.00;0;122.00;0;0;59.00;95.00;48.00;199.00;630.00;58.00;195.00;277.00;45.00;145.00;1.00;174.00;65.00;37.00;0;72.00;176.00;77.00;407.00;123.00;102.00;1.00;51.00;33.00;115.00;111.00;240.00;457.00;0;97.00;0;73.00;126.00;0;49.00;82.00;1.00;65.00;121.00;305.00;20.00;76.00;96.00;409.00;236.00;238.00;103.00;0;819.00;60.00;1.00;124.00;66.00;214.00;1.00;207.00;51.00;760.00;85.00;409.00;89.00;2.00;81.00;0;0;1.00;0;1.00;47.00;0;77.00;151.00;0;26.00;47.00;34.00;334.00;32.00;114.00;0;0;1.00;0;12976.30;14998.91;9606.99;3981.22;1619.49;0;5668.84;18474.75;2438.90;3636.36;8528.34;0;8362.59;0;8338.52;0;2120.49;0;0;0;26863.99;14002.99;0;6674.33;0;0;7872.97;5564.67;2171.75;6623.40;14770.70;4014.95;7091.42;12196.20;1879.54;5910.65;63.55;11043.41;9885.93;1095.97;0;8824.61;8512.70;3748.24;11391.94;3301.48;6641.49;92.89;2871.95;4431.31;7497.72;5152.01;6140.78;12816.92;0;18707.81;0;4378.60;5017.72;0;3706.51;3906.06;28.39;6894.36;5272.56;11935.51;1367.99;2945.62;5159.35;13481.00;8578.70;15221.28;3389.50;0;16987.47;2737.10;30.04;8366.51;2587.32;33616.09;23.61;7389.16;2551.40;26619.96;5359.39;19784.26;2513.70;75.55;1760.41;0;0;19.34;0;919.96;3647.65;0;2648.60;7183.98;0;8974.80;1972.97;546.62;21613.93;582.62;2341.39;0;0;894.45
CoV2-miR-MN938384.1-1;0.00;CoV2-miR-MN938384.1-1;0.00;0;0;0;0;0;0;0;0;0;0;0;0;0;0;0;0;0;0;0;0;0;0;0;0;0;0;0;0;0;0;0;0;0;0;0;0;0;0;0;0;0;0;0;0;0;0;0;0;0;0;0;0;0;0;0;0;0;0;0;0;0;0;0;0;0;0;0;0;0;0;0;0;0;0;0;0;0;0;0;0;0;0;0;0;0;0;0;0;0;0;0;0;0;0;0;0;0;0;0;0;0;0;0;0;0;0;0;0;0;0;0;0;0;0;0;0;0;0;0;0;0;0;0;0;0;0;0;0;0;0;0;0;0;0;0;0;0;0;0;0;0;0;0;0;0;0;0;0;0;0;0;0;0;0;0;0;0;0;0;0;0;0;0;0;0;0;0;0;0;0;0;0;0;0;0;0;0;0;0;0;0;0;0;0;0;0;0;0;0;0;0;0;0;0;0;0;0;0;0;0;0;0;0;0;0;0;0;0;0;0;0;0;0;0;0;0;0;0
CoV2-miR-MN938384.1-2;1.00;CoV2-miR-MN938384.1-2;1.00;0;0;0;0;0;0;0;0;0;0;0;0;0;0;0;0;0;0;0;0;0;0;0;0;0;0;0;0;0;0;0;0;0;0;0;0;0;0;0;0;0;0;0;0;0;0;0;0;0;0;0;0;0;0;0;0;0;0;0;0;0;0;0;0;0;0;0;0;0;0;0;0;0;0;0;0;0;0;0;0;0;0;0;0;0;0;0;0;0;0;0;0;0;0;0;0;0;0;1.00;0;0;0;0;0;0;0;0;0;0;0;0;0;0;0;0;0;0;0;0;0;0;0;0;0;0;0;0;0;0;0;0;0;0;0;0;0;0;0;0;0;0;0;0;0;0;0;0;0;0;0;0;0;0;0;0;0;0;0;0;0;0;0;0;0;0;0;0;0;0;0;0;0;0;0;0;0;0;0;0;0;0;0;0;0;0;0;0;0;0;0;0;0;0;0;0;0;0;0;0;0;0;0;0;0;0;0;0;47.58;0;0;0;0;0;0;0;0;0;0
CoV2-miR-MN938384.1-3;1.00;CoV2-miR-MN938384.1-3;1.00;0;0;0;0;0;0;0;0;0;0;0;0;0;0;0;0;0;0;0;0;0;0;0;0;0;0;0;0;0;0;0;0;0;0;0;0;0;0;0;0;0;0;0;0;0;0;0;0;0;0;0;0;0;0;0;0;0;0;0;0;0;0;0;0;0;1.00;0;0;0;0;0;0;0;0;0;0;0;0;0;0;0;0;0;0;0;0;0;0;0;0;0;0;0;0;0;0;0;0;0;0;0;0;0;0;0;0;0;0;0;0;0;0;0;0;0;0;0;0;0;0;0;0;0;0;0;0;0;0;0;0;0;0;0;0;0;0;0;0;0;0;0;0;0;0;0;0;0;0;0;0;0;0;0;0;0;0;0;0;0;0;0;0;0;0;0;0;0;0;0;0;0;0;0;0;43.57;0;0;0;0;0;0;0;0;0;0;0;0;0;0;0;0;0;0;0;0;0;0;0;0;0;0;0;0;0;0;0;0;0;0;0;0;0;0;0;0;0;0;0
CoV2-miR-N-29094;0.00;CoV2-miR-N-29094;0.00;0;0;0;0;0;0;0;0;0;0;0;0;0;0;0;0;0;0;0;0;0;0;0;0;0;0;0;0;0;0;0;0;0;0;0;0;0;0;0;0;0;0;0;0;0;0;0;0;0;0;0;0;0;0;0;0;0;0;0;0;0;0;0;0;0;0;0;0;0;0;0;0;0;0;0;0;0;0;0;0;0;0;0;0;0;0;0;0;0;0;0;0;0;0;0;0;0;0;0;0;0;0;0;0;0;0;0;0;0;0;0;0;0;0;0;0;0;0;0;0;0;0;0;0;0;0;0;0;0;0;0;0;0;0;0;0;0;0;0;0;0;0;0;0;0;0;0;0;0;0;0;0;0;0;0;0;0;0;0;0;0;0;0;0;0;0;0;0;0;0;0;0;0;0;0;0;0;0;0;0;0;0;0;0;0;0;0;0;0;0;0;0;0;0;0;0;0;0;0;0;0;0;0;0;0;0;0;0;0;0;0;0;0;0;0;0;0;0
CoV2-miR-O7a-3p;0.00;CoV2-miR-O7a-3p;0.00;0;0;0;0;0;0;0;0;0;0;0;0;0;0;0;0;0;0;0;0;0;0;0;0;0;0;0;0;0;0;0;0;0;0;0;0;0;0;0;0;0;0;0;0;0;0;0;0;0;0;0;0;0;0;0;0;0;0;0;0;0;0;0;0;0;0;0;0;0;0;0;0;0;0;0;0;0;0;0;0;0;0;0;0;0;0;0;0;0;0;0;0;0;0;0;0;0;0;0;0;0;0;0;0;0;0;0;0;0;0;0;0;0;0;0;0;0;0;0;0;0;0;0;0;0;0;0;0;0;0;0;0;0;0;0;0;0;0;0;0;0;0;0;0;0;0;0;0;0;0;0;0;0;0;0;0;0;0;0;0;0;0;0;0;0;0;0;0;0;0;0;0;0;0;0;0;0;0;0;0;0;0;0;0;0;0;0;0;0;0;0;0;0;0;0;0;0;0;0;0;0;0;0;0;0;0;0;0;0;0;0;0;0;0;0;0;0;0
CoV2-miR-O7a-5p;52.00;CoV2-miR-O7a-5p;52.00;0;0;0;0;0;0;0;0;0;0;0;0;0;0;0;0;0;0;0;0;0;0;0;0;0;0;0;0;0;0;0;0;0;0;0;1.00;0;0;0;0;0;0;0;0;0;1.00;0;0;0;0;0;0;0;0;5.00;0;0;0;0;0;0;0;0;0;0;0;0;0;0;0;0;0;0;0;0;1.00;0;0;0;0;0;0;0;0;0;0;0;0;28.00;0;3.00;0;0;0;0;0;0;0;0;0;0;0;0;0;0;0;13.00;0;0;0;0;0;0;0;0;0;0;0;0;0;0;0;0;0;0;0;0;0;0;0;0;0;0;0;0;0;0;0;0;0;0;0;0;0;41.77;0;0;0;0;0;0;0;0;0;27.99;0;0;0;0;0;0;0;0;140.23;0;0;0;0;0;0;0;0;0;0;0;0;0;0;0;0;0;0;0;0;20.74;0;0;0;0;0;0;0;0;0;0;0;0;1057.72;0;210.88;0;0;0;0;0;0;0;0;0;0;0;0;0;0;0;1400.11;0;0
CoV2-miR-orf7a;52.00;CoV2-miR-orf7a;52.00;0;0;0;0;0;0;0;0;0;0;0;0;0;0;0;0;0;0;0;0;0;0;0;0;0;0;0;0;0;0;0;0;0;0;0;1.00;0;0;0;0;0;0;0;0;0;1.00;0;0;0;0;0;0;0;0;5.00;0;0;0;0;0;0;0;0;0;0;0;0;0;0;0;0;0;0;0;0;1.00;0;0;0;0;0;0;0;0;0;0;0;0;28.00;0;3.00;0;0;0;0;0;0;0;0;0;0;0;0;0;0;0;13.00;0;0;0;0;0;0;0;0;0;0;0;0;0;0;0;0;0;0;0;0;0;0;0;0;0;0;0;0;0;0;0;0;0;0;0;0;0;41.77;0;0;0;0;0;0;0;0;0;27.99;0;0;0;0;0;0;0;0;140.23;0;0;0;0;0;0;0;0;0;0;0;0;0;0;0;0;0;0;0;0;20.74;0;0;0;0;0;0;0;0;0;0;0;0;1057.72;0;210.88;0;0;0;0;0;0;0;0;0;0;0;0;0;0;0;1400.11;0;0
CoV2-miR-MN938384.1-1;0.00;CoV2-mir-MN938384.1-1;0.00;0;0;0;0;0;0;0;0;0;0;0;0;0;0;0;0;0;0;0;0;0;0;0;0;0;0;0;0;0;0;0;0;0;0;0;0;0;0;0;0;0;0;0;0;0;0;0;0;0;0;0;0;0;0;0;0;0;0;0;0;0;0;0;0;0;0;0;0;0;0;0;0;0;0;0;0;0;0;0;0;0;0;0;0;0;0;0;0;0;0;0;0;0;0;0;0;0;0;0;0;0;0;0;0;0;0;0;0;0;0;0;0;0;0;0;0;0;0;0;0;0;0;0;0;0;0;0;0;0;0;0;0;0;0;0;0;0;0;0;0;0;0;0;0;0;0;0;0;0;0;0;0;0;0;0;0;0;0;0;0;0;0;0;0;0;0;0;0;0;0;0;0;0;0;0;0;0;0;0;0;0;0;0;0;0;0;0;0;0;0;0;0;0;0;0;0;0;0;0;0;0;0;0;0;0;0;0;0;0;0;0;0;0;0;0;0;0;0
CoV2-miR-MN938384.1-2;3.00;CoV2-mir-MN938384.1-2;3.00;0;0;0;0;0;0;0;0;0;0;0;0;0;0;0;0;0;1.00;0;0;0;0;0;0;0;0;0;0;0;0;0;0;0;0;0;0;0;0;0;0;0;0;0;0;0;0;0;0;0;0;0;0;0;0;0;0;0;0;0;0;0;0;0;0;0;0;0;0;0;0;0;0;0;0;0;0;0;0;0;0;0;0;0;0;0;0;0;0;0;0;0;0;0;0;0;0;0;1.00;1.00;0;0;0;0;0;0;0;0;0;0;0;0;0;0;0;0;0;0;0;0;0;0;0;0;0;0;0;23.56;0;0;0;0;0;0;0;0;0;0;0;0;0;0;0;0;0;0;0;0;0;0;0;0;0;0;0;0;0;0;0;0;0;0;0;0;0;0;0;0;0;0;0;0;0;0;0;0;0;0;0;0;0;0;0;0;0;0;0;0;0;0;0;0;0;0;0;0;0;0;0;0;0;0;0;0;0;0;0;34.40;47.58;0;0;0;0;0;0;0;0;0;0
CoV2-miR-MN938384.1-3;3.00;CoV2-mir-MN938384.1-3;3.00;0;0;0;0;0;0;0;0;0;0;0;0;0;0;0;0;0;0;0;0;0;0;0;0;0;0;0;0;0;0;0;0;0;0;0;0;0;0;0;0;0;0;0;0;0;0;0;0;0;0;0;0;0;0;0;0;0;0;0;0;0;0;0;0;0;1.00;0;0;0;2.00;0;0;0;0;0;0;0;0;0;0;0;0;0;0;0;0;0;0;0;0;0;0;0;0;0;0;0;0;0;0;0;0;0;0;0;0;0;0;0;0;0;0;0;0;0;0;0;0;0;0;0;0;0;0;0;0;0;0;0;0;0;0;0;0;0;0;0;0;0;0;0;0;0;0;0;0;0;0;0;0;0;0;0;0;0;0;0;0;0;0;0;0;0;0;0;0;0;0;0;0;0;0;0;0;43.57;0;0;0;107.49;0;0;0;0;0;0;0;0;0;0;0;0;0;0;0;0;0;0;0;0;0;0;0;0;0;0;0;0;0;0;0;0;0;0;0;0;0;0;0
CoV2-miR-N-28595-5p;0.00;CoV2-mir-N-28595-5p;0.00;0;0;0;0;0;0;0;0;0;0;0;0;0;0;0;0;0;0;0;0;0;0;0;0;0;0;0;0;0;0;0;0;0;0;0;0;0;0;0;0;0;0;0;0;0;0;0;0;0;0;0;0;0;0;0;0;0;0;0;0;0;0;0;0;0;0;0;0;0;0;0;0;0;0;0;0;0;0;0;0;0;0;0;0;0;0;0;0;0;0;0;0;0;0;0;0;0;0;0;0;0;0;0;0;0;0;0;0;0;0;0;0;0;0;0;0;0;0;0;0;0;0;0;0;0;0;0;0;0;0;0;0;0;0;0;0;0;0;0;0;0;0;0;0;0;0;0;0;0;0;0;0;0;0;0;0;0;0;0;0;0;0;0;0;0;0;0;0;0;0;0;0;0;0;0;0;0;0;0;0;0;0;0;0;0;0;0;0;0;0;0;0;0;0;0;0;0;0;0;0;0;0;0;0;0;0;0;0;0;0;0;0;0;0;0;0;0;0
CoV2-miR-N-28595-5p;135.00;CoV2-mir-N-28595-5p;135.00;0;0;1.00;0;0;0;0;0;0;0;0;0;0;0;0;0;1.00;0;0;0;0;0;0;0;0;0;0;0;0;0;0;0;0;1.00;0;0;0;0;0;0;0;0;0;0;0;0;0;0;0;19.00;0;0;0;0;0;0;0;0;0;0;0;0;1.00;0;0;0;0;0;0;0;0;35.00;0;0;0;0;0;0;0;0;0;0;0;0;0;75.00;0;0;0;0;0;0;0;0;0;0;0;0;0;0;0;2.00;0;0;0;0;0;0;0;0;0;27.22;0;0;0;0;0;0;0;0;0;0;0;0;0;37.20;0;0;0;0;0;0;0;0;0;0;0;0;0;0;0;0;36.37;0;0;0;0;0;0;0;0;0;0;0;0;0;0;0;1069.94;0;0;0;0;0;0;0;0;0;0;0;0;47.63;0;0;0;0;0;0;0;0;1272.26;0;0;0;0;0;0;0;0;0;0;0;0;0;4728.88;0;0;0;0;0;0;0;0;0;0;0;0;0;0;0;83.96;0;0;0;0;0;0;0
K02120.1_227;234865.00;K02120.1_227;234865.00;11673.00;1882.00;1114.00;504.00;4378.00;9034.00;1503.00;72.00;1138.00;9149.00;600.00;872.00;6.00;162.00;5.00;898.00;77.00;315.00;491.00;14.00;14.00;574.00;459.00;1074.00;105.00;2122.00;3389.00;754.00;582.00;700.00;966.00;1685.00;1279.00;1100.00;579.00;2851.00;796.00;2067.00;1863.00;720.00;4086.00;1169.00;1266.00;472.00;1671.00;3159.00;4554.00;622.00;1307.00;2530.00;131.00;720.00;621.00;7238.00;3427.00;1602.00;346.00;47.00;1803.00;5047.00;4233.00;308.00;574.00;2522.00;667.00;1008.00;669.00;2773.00;1121.00;1383.00;7132.00;442.00;660.00;5408.00;11821.00;1407.00;749.00;4052.00;1997.00;344.00;11.00;6940.00;673.00;2398.00;1148.00;4133.00;931.00;6835.00;1213.00;7296.00;405.00;1180.00;3536.00;4227.00;64.00;1505.00;925.00;1317.00;748.00;193.00;118.00;1699.00;782.00;2969.00;2860.00;19714.00;2327.00;58.00;6.00;350256.55;70582.06;30324.48;73362.45;223458.55;332511.32;137612.16;6091.89;54893.64;239929.72;58968.06;90691.63;2068.25;6390.28;640.04;43034.46;2864.37;7421.72;28470.37;3700.77;1701.92;46167.46;85698.28;142990.28;5744.30;156109.76;160562.85;100613.82;34090.91;31671.34;32151.77;39505.77;88536.62;40002.91;25493.13;119079.44;32447.42;131354.86;118240.67;109505.70;121030.81;72798.61;155166.07;22829.50;81341.58;88420.52;122235.34;40500.07;121411.98;142471.00;17590.98;46942.23;28823.39;185195.61;96112.86;130095.83;66730.95;111111.11;108145.39;200987.61;185935.17;23298.03;27342.45;71590.78;70746.71;43923.48;26179.85;189671.68;43447.93;74326.87;235076.96;16066.88;42210.28;177964.99;305791.97;29183.61;34168.15;121714.58;134741.25;13485.44;1727.93;163872.49;24023.70;119965.98;40210.16;260592.69;45034.59;193046.38;45822.00;158567.33;28469.00;64999.45;68397.23;210413.66;58877.64;116802.48;75701.78;45301.32;35586.85;101312.34;40731.79;71320.63;12572.15;192130.98;52071.95;404896.38;250619.28;35409.04;5366.73
K02120.1_228;234865.00;K02120.1_228;234865.00;11673.00;1882.00;1114.00;504.00;4378.00;9034.00;1503.00;72.00;1138.00;9149.00;600.00;872.00;6.00;162.00;5.00;898.00;77.00;315.00;491.00;14.00;14.00;574.00;459.00;1074.00;105.00;2122.00;3389.00;754.00;582.00;700.00;966.00;1685.00;1279.00;1100.00;579.00;2851.00;796.00;2067.00;1863.00;720.00;4086.00;1169.00;1266.00;472.00;1671.00;3159.00;4554.00;622.00;1307.00;2530.00;131.00;720.00;621.00;7238.00;3427.00;1602.00;346.00;47.00;1803.00;5047.00;4233.00;308.00;574.00;2522.00;667.00;1008.00;669.00;2773.00;1121.00;1383.00;7132.00;442.00;660.00;5408.00;11821.00;1407.00;749.00;4052.00;1997.00;344.00;11.00;6940.00;673.00;2398.00;1148.00;4133.00;931.00;6835.00;1213.00;7296.00;405.00;1180.00;3536.00;4227.00;64.00;1505.00;925.00;1317.00;748.00;193.00;118.00;1699.00;782.00;2969.00;2860.00;19714.00;2327.00;58.00;6.00;350256.55;70582.06;30324.48;73362.45;223458.55;332511.32;137612.16;6091.89;54893.64;239929.72;58968.06;90691.63;2068.25;6390.28;640.04;43034.46;2864.37;7421.72;28470.37;3700.77;1701.92;46167.46;85698.28;142990.28;5744.30;156109.76;160562.85;100613.82;34090.91;31671.34;32151.77;39505.77;88536.62;40002.91;25493.13;119079.44;32447.42;131354.86;118240.67;109505.70;121030.81;72798.61;155166.07;22829.50;81341.58;88420.52;122235.34;40500.07;121411.98;142471.00;17590.98;46942.23;28823.39;185195.61;96112.86;130095.83;66730.95;111111.11;108145.39;200987.61;185935.17;23298.03;27342.45;71590.78;70746.71;43923.48;26179.85;189671.68;43447.93;74326.87;235076.96;16066.88;42210.28;177964.99;305791.97;29183.61;34168.15;121714.58;134741.25;13485.44;1727.93;163872.49;24023.70;119965.98;40210.16;260592.69;45034.59;193046.38;45822.00;158567.33;28469.00;64999.45;68397.23;210413.66;58877.64;116802.48;75701.78;45301.32;35586.85;101312.34;40731.79;71320.63;12572.15;192130.98;52071.95;404896.38;250619.28;35409.04;5366.73
NC_000898.1_262;2668.00;NC_000898.1_262;2668.00;41.00;0;54.00;0;0;3.00;1.00;6.00;0;3.00;9.00;0;90.00;123.00;114.00;5.00;8.00;13.00;64.00;0;84.00;133.00;0;0;14.00;0;0;6.00;3.00;3.00;3.00;2.00;29.00;9.00;23.00;0;2.00;0;2.00;46.00;1.00;0;0;11.00;0;65.00;6.00;18.00;1.00;0;28.00;2.00;8.00;7.00;8.00;0;11.00;0;3.00;101.00;91.00;0;3.00;2.00;3.00;98.00;1.00;2.00;13.00;36.00;3.00;72.00;4.00;88.00;0;4.00;1.00;5.00;1.00;105.00;1.00;113.00;2.00;1.00;93.00;1.00;5.00;8.00;9.00;0;37.00;66.00;4.00;0;2.00;7.00;0;165.00;0;3.00;6.00;1.00;357.00;64.00;9.00;19.00;0;0;0;1230.23;0;1469.95;0;0;110.42;91.56;507.66;0;78.67;884.52;0;31023.78;4851.88;14592.93;239.61;297.60;306.29;3711.01;0;10211.52;10697.34;0;0;765.91;0;0;800.64;175.73;135.73;99.85;46.89;2007.48;327.30;1012.68;0;81.53;0;126.94;6996.20;29.62;0;0;532.04;0;1819.35;161.05;1172.03;92.89;0;3759.90;130.40;371.32;179.11;224.37;0;2121.50;0;179.94;4022.14;3997.19;0;142.90;56.77;318.20;4270.34;39.13;136.80;503.86;1934.76;98.88;2617.23;255.82;2895.88;0;82.97;45.62;150.19;67.47;4116.19;157.08;2668.24;71.39;50.03;3257.44;63.05;241.86;225.95;339.98;0;2600.87;3635.56;77.37;0;1839.93;543.27;0;5675.56;0;1574.80;2071.11;41.98;5739.46;4141.59;163.86;390.23;0;0;0
NC_000898.1_276;5896.00;NC_000898.1_276;5896.00;0;0;1.00;0;0;0;0;40.00;0;0;0;0;0;3.00;0;22.00;0;0;0;0;0;0;733.00;1573.00;955.00;0;0;0;95.00;1.00;0;64.00;0;59.00;43.00;0;92.00;0;1.00;0;0;0;0;23.00;0;0;0;1.00;0;17.00;0;59.00;0;1.00;0;0;12.00;0;0;66.00;36.00;0;78.00;3.00;0;0;34.00;0;157.00;0;0;1592.00;0;0;1.00;0;1.00;38.00;3.00;0;0;0;0;0;0;0;0;1.00;0;0;0;0;0;0;0;0;0;0;50.00;0;0;0;0;1.00;0;40.00;0;0;0;0;0;27.22;0;0;0;0;3384.38;0;0;0;0;0;118.34;0;1054.30;0;0;0;0;0;0;136855.86;209426.17;52245.75;0;0;0;5564.67;45.24;0;1500.52;0;2145.61;1893.27;0;3750.20;0;63.47;0;0;0;0;1112.45;0;0;0;65.11;0;957.32;0;3846.66;0;25.59;0;0;2314.37;0;0;2628.33;1581.31;0;3715.52;85.16;0;0;1330.52;0;6085.04;0;0;57869.87;0;0;25.87;0;45.62;1141.45;202.42;0;0;0;0;0;0;0;0;28.24;0;0;0;0;0;0;0;0;0;0;2378.80;0;0;0;0;64.71;0;821.54;0;0;0
NC_000898.1_280;1065.00;NC_000898.1_280;1065.00;0;0;0;0;0;0;0;0;0;0;0;0;0;0;0;0;59.00;0;0;0;0;0;193.00;315.00;142.00;0;0;0;0;0;2.00;1.00;0;0;0;0;4.00;0;22.00;0;0;0;0;1.00;0;0;0;0;0;7.00;0;0;0;0;0;0;0;0;0;0;0;0;0;0;0;0;0;0;0;0;0;50.00;0;0;0;0;0;0;0;0;0;123.00;0;0;0;0;0;0;146.00;0;0;0;0;0;0;0;0;0;0;0;0;0;0;0;0;0;0;0;0;0;0;0;0;0;0;0;0;0;0;0;0;0;0;0;0;2194.78;0;0;0;0;0;36034.35;41938.49;7768.48;0;0;0;0;0;66.57;23.45;0;0;0;0;163.05;0;1396.29;0;0;0;0;48.37;0;0;0;0;0;394.19;0;0;0;0;0;0;0;0;0;0;0;0;0;0;0;0;0;0;0;0;0;1817.52;0;0;0;0;0;0;0;0;0;2904.37;0;0;0;0;0;0;5515.26;0;0;0;0;0;0;0;0;0;0;0;0;0;0;0;0;0;0;0;0
NC_001348.1_316;10390.00;NC_001348.1_316;10390.00;92.00;0;180.00;29.00;2.00;4.00;330.00;0;1.00;96.00;49.00;52.00;0;0;2.00;49.00;0;0;0;12.00;0;72.00;200.00;38.00;112.00;120.00;296.00;0;29.00;164.00;215.00;213.00;73.00;210.00;74.00;128.00;10.00;543.00;57.00;0;239.00;603.00;0;42.00;393.00;281.00;111.00;36.00;0;139.00;0;1.00;3.00;79.00;62.00;149.00;19.00;0;304.00;37.00;103.00;119.00;2.00;322.00;218.00;149.00;0;128.00;159.00;191.00;193.00;544.00;3.00;231.00;99.00;4.00;18.00;212.00;0;204.00;1.00;475.00;24.00;26.00;11.00;25.00;48.00;10.00;133.00;87.00;423.00;3.00;112.00;0;1.00;0;5.00;0;50.00;0;0;93.00;3.00;1.00;0;7.00;3.00;0;0;2760.52;0;4899.83;4221.25;102.08;147.23;30214.25;0;48.24;2517.57;4815.72;5408.22;0;0;256.02;2348.21;0;0;0;3172.09;0;5791.04;37341.30;5059.25;6127.25;8828.07;14023.78;0;1698.69;7420.14;7155.93;4993.90;5053.30;7636.92;3258.19;5346.25;407.63;34506.86;3617.67;0;7079.38;37551.38;0;2031.44;19130.60;7865.20;2979.39;2344.06;0;7827.46;0;65.20;139.24;2021.34;1738.84;12100.05;3664.42;0;18234.17;1473.46;4524.29;9001.51;95.27;9140.46;23122.61;6492.66;0;8755.13;6162.55;10264.95;6361.45;19774.63;191.86;7601.68;2560.99;82.97;821.13;6368.09;0;7997.18;157.08;11216.06;856.71;1300.72;385.29;1576.29;2321.87;282.44;5024.18;1890.81;29734.29;165.25;2166.43;0;919.96;0;409.20;0;2378.80;0;0;3903.95;48.23;64.71;0;143.77;323.10;0;0
NC_001348.1_351;10390.00;NC_001348.1_351;10390.00;92.00;0;180.00;29.00;2.00;4.00;330.00;0;1.00;96.00;49.00;52.00;0;0;2.00;49.00;0;0;0;12.00;0;72.00;200.00;38.00;112.00;120.00;296.00;0;29.00;164.00;215.00;213.00;73.00;210.00;74.00;128.00;10.00;543.00;57.00;0;239.00;603.00;0;42.00;393.00;281.00;111.00;36.00;0;139.00;0;1.00;3.00;79.00;62.00;149.00;19.00;0;304.00;37.00;103.00;119.00;2.00;322.00;218.00;149.00;0;128.00;159.00;191.00;193.00;544.00;3.00;231.00;99.00;4.00;18.00;212.00;0;204.00;1.00;475.00;24.00;26.00;11.00;25.00;48.00;10.00;133.00;87.00;423.00;3.00;112.00;0;1.00;0;5.00;0;50.00;0;0;93.00;3.00;1.00;0;7.00;3.00;0;0;2760.52;0;4899.83;4221.25;102.08;147.23;30214.25;0;48.24;2517.57;4815.72;5408.22;0;0;256.02;2348.21;0;0;0;3172.09;0;5791.04;37341.30;5059.25;6127.25;8828.07;14023.78;0;1698.69;7420.14;7155.93;4993.90;5053.30;7636.92;3258.19;5346.25;407.63;34506.86;3617.67;0;7079.38;37551.38;0;2031.44;19130.60;7865.20;2979.39;2344.06;0;7827.46;0;65.20;139.24;2021.34;1738.84;12100.05;3664.42;0;18234.17;1473.46;4524.29;9001.51;95.27;9140.46;23122.61;6492.66;0;8755.13;6162.55;10264.95;6361.45;19774.63;191.86;7601.68;2560.99;82.97;821.13;6368.09;0;7997.18;157.08;11216.06;856.71;1300.72;385.29;1576.29;2321.87;282.44;5024.18;1890.81;29734.29;165.25;2166.43;0;919.96;0;409.20;0;2378.80;0;0;3903.95;48.23;64.71;0;143.77;323.10;0;0
NC_001664.4_474;61582.00;NC_001664.4_474;61582.00;358.00;981.00;2055.00;11.00;155.00;321.00;326.00;646.00;1288.00;807.00;210.00;134.00;78.00;983.00;28.00;702.00;272.00;1197.00;364.00;1.00;287.00;909.00;67.00;57.00;487.00;45.00;61.00;45.00;595.00;106.00;1463.00;1992.00;190.00;500.00;965.00;514.00;1630.00;69.00;828.00;276.00;416.00;147.00;545.00;833.00;574.00;1243.00;430.00;498.00;28.00;191.00;428.00;1029.00;1113.00;386.00;1662.00;97.00;204.00;7.00;233.00;377.00;390.00;409.00;292.00;1028.00;383.00;433.00;1791.00;256.00;1063.00;387.00;141.00;1703.00;1971.00;651.00;434.00;4472.00;444.00;212.00;72.00;1463.00;3.00;940.00;623.00;559.00;1412.00;157.00;594.00;843.00;840.00;231.00;196.00;38.00;111.00;222.00;15.00;59.00;0;775.00;1393.00;0;205.00;835.00;40.00;352.00;38.00;381.00;279.00;2.00;0;10742.04;36791.18;55939.68;1601.16;7911.39;11814.94;29848.01;54657.75;62129.18;21163.33;20638.82;13936.56;26887.28;38775.59;3584.23;33641.64;10118.29;28202.53;21106.34;264.34;34889.38;73111.88;12509.34;7588.87;26642.60;3310.53;2890.04;6004.80;34852.39;4795.95;48693.63;46703.55;13152.43;18183.14;42488.55;21468.55;66443.83;4384.85;52551.41;41977.19;12322.27;9154.32;66797.40;40290.21;27941.39;34791.61;11541.77;32426.10;2601.02;10755.72;57472.81;67088.28;51659.32;9876.42;46612.07;7877.21;39344.26;16548.46;13975.53;15013.34;17130.81;30937.97;13909.40;29181.33;40623.67;18867.92;70086.87;17510.26;41199.95;20798.62;4647.48;61904.76;126055.26;21422.93;11226.94;92756.99;20254.55;6368.09;4857.97;57352.31;471.25;22195.99;22238.88;27965.38;49457.09;9899.12;28733.13;23809.52;31731.64;5020.43;13777.59;2093.20;2147.08;11050.82;13799.45;4578.97;0;26657.95;66273.37;0;70762.86;35051.63;643.08;22778.75;691.87;7825.18;30048.47;1221.00;0
NC_001664.4_481;390.00;NC_001664.4_481;390.00;0;0;0;0;0;0;0;0;0;0;0;0;0;0;0;0;0;0;0;0;0;0;1.00;0;1.00;0;0;0;0;0;0;1.00;0;0;8.00;0;4.00;0;0;0;0;0;0;0;0;43.00;0;0;0;0;6.00;0;0;0;0;0;0;0;0;0;0;0;0;0;0;0;0;0;16.00;0;0;0;0;0;0;27.00;0;0;0;0;0;0;0;0;0;0;0;0;146.00;38.00;0;0;0;0;0;0;0;0;35.00;0;0;0;0;64.00;0;0;0;0;0;0;0;0;0;0;0;0;0;0;0;0;0;0;0;0;0;0;0;0;0;0;0;186.71;0;54.71;0;0;0;0;0;0;23.45;0;0;352.24;0;163.05;0;0;0;0;0;0;0;0;1203.57;0;0;0;0;805.69;0;0;0;0;0;0;0;0;0;0;0;0;0;0;0;0;0;620.13;0;0;0;0;0;0;560.03;0;0;0;0;0;0;0;0;0;0;0;0;5515.26;825.87;0;0;0;0;0;0;0;0;1665.16;0;0;0;0;4141.59;0;0;0;0;0
NC_001722.1_599;5870.00;NC_001722.1_599;5870.00;116.00;0;10.00;0;132.00;1.00;0;26.00;0;0;173.00;0;0;0;0;0;0;0;0;0;0;0;0;41.00;38.00;111.00;145.00;13.00;0;51.00;130.00;87.00;0;0;247.00;180.00;25.00;0;50.00;0;368.00;0;12.00;54.00;0;109.00;364.00;2.00;131.00;32.00;13.00;66.00;78.00;171.00;35.00;90.00;23.00;0;64.00;0;20.00;31.00;100.00;264.00;140.00;308.00;44.00;1.00;125.00;252.00;0;0;0;119.00;1.00;142.00;33.00;74.00;243.00;27.00;0;103.00;0;0;1.00;0;221.00;69.00;2.00;291.00;0;0;1.00;1.00;0;0;1.00;0;44.00;0;24.00;0;0;0;0;0;0;0;0;3480.66;0;272.21;0;6737.44;36.81;0;2199.85;0;0;17002.46;0;0;0;0;0;0;0;0;0;0;0;0;5458.66;2078.89;8165.97;6869.76;1734.72;0;2307.48;4326.84;2039.76;0;0;10875.31;7518.17;1019.08;0;3173.39;0;10900.47;0;1470.77;2611.85;0;3050.91;9770.24;130.23;12169.07;1802.00;1745.67;4303.04;3620.33;4375.30;981.60;7308.75;4435.87;0;3838.77;0;878.50;2344.93;4763.49;7494.04;14849.38;13421.06;1721.84;68.40;4844.77;13543.29;0;0;0;3916.02;25.87;2945.32;1505.41;2222.82;16395.65;1058.45;0;2432.11;0;0;35.03;0;10690.27;1948.82;75.55;6324.44;0;0;19.34;49.78;0;0;81.84;0;2093.34;0;8284.43;0;0;0;0;0;0;0;0
NC_004718.3_629;4111.00;NC_004718.3_629;4111.00;0;0;14.00;0;31.00;14.00;1.00;5.00;95.00;1.00;3.00;5.00;0;66.00;2.00;69.00;1.00;0;0;3.00;1.00;0;0;0;0;1.00;26.00;166.00;47.00;100.00;157.00;59.00;0;62.00;19.00;18.00;0;0;0;0;3.00;0;0;0;119.00;20.00;0;0;1.00;9.00;13.00;2.00;0;17.00;46.00;3.00;0;0;0;65.00;131.00;22.00;109.00;129.00;0;7.00;168.00;0;0;0;0;1.00;0;120.00;0;1.00;28.00;129.00;233.00;1.00;3.00;1.00;358.00;125.00;1.00;60.00;13.00;0;0;80.00;3.00;24.00;1.00;54.00;34.00;607.00;53.00;0;15.00;0;0;1.00;175.00;154.00;0;2.00;0;3.00;1.00;0;0;381.10;0;1582.28;515.29;91.56;423.05;4582.51;26.22;294.84;520.02;0;2603.45;256.02;3306.66;37.20;0;0;793.02;121.57;0;0;0;0;73.57;1231.82;22151.05;2753.05;4524.48;5225.50;1383.29;0;2254.71;836.56;751.82;0;0;0;0;88.86;0;0;0;5792.73;559.80;0;0;92.89;506.81;1745.67;130.40;0;434.97;1290.11;243.63;0;0;0;2588.51;5754.19;1664.15;5192.21;3661.86;0;305.02;6574.31;0;0;0;0;36.35;0;3948.93;0;20.74;1277.31;3874.92;15720.94;39.20;471.25;23.61;12779.32;6253.44;35.03;3783.10;628.84;0;0;1738.68;210.88;1322.02;19.34;2688.04;31278.75;47109.04;4337.51;0;713.64;0;0;41.98;2813.46;9965.70;0;41.08;0;1831.50;894.45
NC_004812.1_658;26.00;NC_004812.1_658;26.00;0;0;0;0;26.00;0;0;0;0;0;0;0;0;0;0;0;0;0;0;0;0;0;0;0;0;0;0;0;0;0;0;0;0;0;0;0;0;0;0;0;0;0;0;0;0;0;0;0;0;0;0;0;0;0;0;0;0;0;0;0;0;0;0;0;0;0;0;0;0;0;0;0;0;0;0;0;0;0;0;0;0;0;0;0;0;0;0;0;0;0;0;0;0;0;0;0;0;0;0;0;0;0;0;0;0;0;0;0;0;0;0;0;0;1327.07;0;0;0;0;0;0;0;0;0;0;0;0;0;0;0;0;0;0;0;0;0;0;0;0;0;0;0;0;0;0;0;0;0;0;0;0;0;0;0;0;0;0;0;0;0;0;0;0;0;0;0;0;0;0;0;0;0;0;0;0;0;0;0;0;0;0;0;0;0;0;0;0;0;0;0;0;0;0;0;0;0;0;0;0;0;0;0;0;0;0;0;0;0;0;0;0;0;0;0;0;0;0;0;0
NC_004812.1_674;5940.00;NC_004812.1_674;5940.00;35.00;46.00;1.00;36.00;2.00;28.00;1.00;0;161.00;97.00;10.00;27.00;0;64.00;0;1.00;1.00;64.00;0;15.00;0;0;0;0;107.00;35.00;14.00;15.00;59.00;0;57.00;65.00;0;0;25.00;103.00;83.00;0;0;0;21.00;0;0;30.00;97.00;113.00;5.00;1.00;107.00;12.00;5.00;15.00;39.00;0;62.00;16.00;0;6.00;50.00;137.00;79.00;22.00;128.00;0;0;7.00;2.00;2.00;27.00;3.00;125.00;0;3.00;0;0;1.00;89.00;0;151.00;82.00;97.00;2.00;288.00;3.00;75.00;0;12.00;0;0;1.00;36.00;29.00;1.00;96.00;6.00;112.00;0;0;82.00;0;68.00;0;2203.00;66.00;80.00;1.00;0;92.00;1.00;1050.20;1725.17;27.22;5240.17;102.08;1030.59;91.56;0;7766.15;2543.80;982.80;2808.11;0;2524.56;0;47.92;37.20;1507.90;0;3965.11;0;0;0;0;5853.71;2574.85;663.29;2001.60;3455.95;0;1897.15;1523.96;0;0;1100.74;4302.06;3383.34;0;0;0;622.04;0;0;1451.03;4721.80;3162.87;134.21;65.11;9939.62;675.75;671.41;977.96;1810.16;0;1738.84;1299.33;0;14184.40;2999.04;5455.78;3470.09;1664.15;6097.27;0;0;305.02;78.27;136.80;1046.47;161.23;4120.11;0;191.86;0;0;20.74;4060.03;0;10188.25;3214.55;15237.20;47.23;10280.57;150.08;2626.97;0;580.47;0;0;21.73;2530.58;1597.44;19.34;4778.73;5519.78;8692.28;0;0;3901.23;0;23472.56;0;35417.44;4271.02;1456.56;20.54;0;56166.06;894.45
NC_006151.1_1015;15616.00;NC_006151.1_1015;15616.00;272.00;412.00;111.00;306.00;24.00;277.00;173.00;90.00;74.00;1375.00;2.00;246.00;48.00;0;193.00;144.00;0;1.00;0;0;0;2.00;1.00;1.00;0;291.00;128.00;24.00;109.00;606.00;139.00;56.00;31.00;107.00;63.00;849.00;161.00;16.00;19.00;185.00;79.00;2.00;1.00;85.00;78.00;58.00;72.00;244.00;214.00;45.00;61.00;63.00;243.00;814.00;67.00;102.00;12.00;16.00;114.00;204.00;383.00;165.00;118.00;220.00;259.00;137.00;104.00;0;45.00;153.00;2.00;4.00;16.00;2.00;1.00;147.00;276.00;155.00;92.00;204.00;135.00;990.00;208.00;55.00;5.00;560.00;38.00;48.00;0;23.00;37.00;339.00;110.00;97.00;0;140.00;238.00;1.00;3.00;157.00;5.00;256.00;352.00;0;69.00;32.00;124.00;0;1.00;8161.55;15451.55;3021.56;44541.48;1224.99;10195.44;15839.59;7614.86;3569.53;36058.95;196.56;25585.02;16546.02;0;24705.58;6900.85;0;23.56;0;0;0;160.86;186.71;133.14;0;21408.08;6064.34;3202.56;6384.72;27418.33;4626.39;1312.95;2145.92;3891.19;2773.86;35460.70;6562.86;1016.78;1205.89;28136.88;2340.05;124.55;122.56;4111.25;3796.91;1623.42;1932.57;15887.49;19879.24;2534.07;8191.22;4107.45;11278.72;20827.47;1879.07;8283.25;2314.37;37825.06;6837.81;8123.93;16823.33;12481.09;5620.92;6245.03;27471.36;5969.76;4069.81;0;1744.12;8222.71;65.92;145.40;1023.28;65.82;25.87;3049.03;12590.67;4655.91;6207.41;7997.18;21206.41;23376.62;7424.86;2751.51;175.13;35308.95;1838.15;1355.70;0;499.87;2600.87;18673.57;2127.74;4828.51;0;10865.35;19477.86;34.40;142.73;82414.70;1725.92;10746.37;5659.07;0;1256.28;657.23;13354.87;0;894.45
NC_006151.1_1055;32291.00;NC_006151.1_1055;32291.00;2.00;7.00;90.00;123.00;176.00;53.00;2.00;36.00;417.00;144.00;72.00;101.00;81.00;2189.00;3.00;54.00;127.00;0;61.00;11.00;69.00;4.00;2.00;36.00;5.00;124.00;54.00;565.00;80.00;38.00;456.00;1893.00;51.00;343.00;37.00;324.00;434.00;981.00;49.00;69.00;72.00;407.00;306.00;16.00;176.00;0;26.00;36.00;124.00;15.00;13.00;239.00;2.00;114.00;163.00;77.00;32.00;20.00;101.00;97.00;172.00;34.00;652.00;353.00;0;200.00;754.00;8.00;18.00;87.00;18.00;42.00;309.00;99.00;857.00;135.00;221.00;740.00;512.00;76.00;385.00;147.00;5188.00;1931.00;376.00;447.00;116.00;1144.00;0;582.00;277.00;373.00;1022.00;371.00;108.00;954.00;643.00;268.00;321.00;0;1.00;189.00;91.00;155.00;149.00;155.00;114.00;93.00;5.00;60.01;262.53;2449.91;17903.93;8983.26;1950.75;183.12;3045.94;20114.80;3776.36;7076.17;10504.42;27921.41;86347.68;384.02;2587.82;4724.35;0;3537.05;2907.75;8388.04;321.72;373.41;4792.97;273.54;9122.34;2558.39;75393.65;4686.04;1719.30;15177.23;44382.44;3530.39;12473.63;1629.09;13532.70;17691.18;62341.13;3109.93;10494.30;2132.70;25345.62;37504.60;773.88;8567.40;0;697.87;2344.06;11518.81;844.69;1745.67;15582.21;92.83;2916.87;4571.46;6253.05;6171.65;47281.32;6058.06;3862.85;7555.13;2571.86;31057.97;10020.44;0;8714.98;29506.14;547.20;697.65;4675.66;593.30;1526.72;19762.09;3257.86;22169.34;2800.13;10081.66;22228.23;34545.58;2979.34;60477.54;3471.07;185193.12;96603.13;13169.88;28184.11;5611.18;32310.91;0;12648.87;19471.39;20546.44;19768.66;18467.82;99356.03;74039.58;52622.96;9218.49;15271.90;0;345.18;7933.84;1463.00;10030.41;2712.84;3183.47;12277.87;56776.56;4472.27
NC_006151.1_1094;3923.00;NC_006151.1_1094;3923.00;0;0;37.00;26.00;45.00;5.00;0;15.00;5.00;1.00;12.00;0;5.00;440.00;60.00;132.00;185.00;118.00;265.00;78.00;98.00;47.00;6.00;212.00;111.00;69.00;4.00;0;1.00;3.00;79.00;2.00;0;6.00;18.00;2.00;1.00;0;66.00;0;12.00;223.00;89.00;77.00;0;0;18.00;7.00;0;5.00;19.00;61.00;33.00;87.00;37.00;39.00;0;0;0;2.00;2.00;42.00;53.00;165.00;0;0;1.00;2.00;10.00;26.00;0;69.00;0;1.00;0;64.00;117.00;3.00;0;0;0;0;1.00;0;3.00;0;2.00;54.00;0;42.00;0;17.00;0;0;0;0;0;0;0;0;0;185.00;0;196.00;1.00;2.00;0;0;2.00;0;0;1007.19;3784.57;2296.86;184.03;0;1269.14;241.18;26.22;1179.36;0;1723.54;17356.32;7680.49;6325.78;6881.93;2780.20;15365.88;20618.56;11913.45;3780.26;1120.24;28225.27;6072.54;5076.14;189.51;0;58.58;135.73;2629.39;46.89;0;218.20;792.53;83.54;40.76;0;4188.88;0;355.45;13887.16;10908.20;3724.30;0;0;483.14;455.79;0;281.56;2551.36;3977.05;1531.68;2226.03;1037.69;3167.13;0;0;0;79.65;87.85;3177.00;2524.65;4683.77;0;0;39.13;136.80;387.58;1397.32;0;2508.18;0;32.91;0;1327.47;5337.35;90.11;0;0;0;0;35.70;0;105.08;0;96.74;1525.17;0;912.81;0;936.43;0;0;0;0;0;0;0;0;0;7765.93;0;12683.62;18.21;41.08;0;0;1788.91
NC_006151.1_915;70720.00;NC_006151.1_915;70720.00;586.00;1089.00;272.00;521.00;316.00;228.00;757.00;99.00;74.00;1939.00;201.00;681.00;8.00;497.00;4.00;242.00;108.00;128.00;365.00;21.00;97.00;267.00;84.00;134.00;219.00;450.00;445.00;141.00;1189.00;2419.00;934.00;708.00;721.00;768.00;401.00;1295.00;526.00;502.00;252.00;381.00;612.00;4.00;207.00;477.00;1715.00;566.00;1321.00;849.00;786.00;853.00;391.00;587.00;545.00;3102.00;453.00;890.00;108.00;12.00;885.00;917.00;958.00;1226.00;2651.00;1348.00;153.00;1301.00;710.00;320.00;992.00;387.00;379.00;374.00;313.00;720.00;901.00;771.00;711.00;1910.00;48.00;665.00;760.00;2114.00;1272.00;610.00;301.00;693.00;272.00;648.00;1059.00;250.00;639.00;4082.00;1135.00;584.00;59.00;306.00;887.00;29.00;848.00;3.00;3.00;309.00;1106.00;0;169.00;196.00;112.00;87.00;0;17583.34;40841.58;7404.18;75836.97;16129.03;8391.92;69309.65;8376.34;3569.53;50849.68;19754.30;70826.83;2757.67;19604.75;512.03;11597.26;4017.56;3015.81;21164.33;5551.15;11791.88;21475.11;15683.35;17840.50;11980.96;33105.27;21083.05;18815.05;69646.20;109447.11;31086.70;16599.46;49910.01;27929.30;17655.86;54089.05;21441.38;31901.37;15993.91;57946.77;18127.96;249.10;25370.76;23071.34;83483.43;15842.36;35457.38;55280.64;73014.40;48034.69;52504.36;38270.96;25295.89;79369.55;12704.73;72275.46;20829.32;28368.79;53083.01;36517.86;42080.30;92738.28;126280.19;38265.02;16228.26;56690.92;27784.30;21887.82;38448.12;20798.62;12492.17;13595.06;20017.91;23693.56;23307.55;15991.87;32434.65;57372.86;3238.65;26069.23;119384.23;49917.36;45405.87;30516.78;10542.91;43694.83;13157.26;18301.98;40004.53;5433.37;44917.76;224854.03;21954.43;29070.64;54277.83;23748.54;72591.87;997.52;40344.45;1574.80;1035.55;12971.20;17781.06;0;3076.98;4025.55;12062.47;53113.55;0
NC_006151.1_923;3923.00;NC_006151.1_923;3923.00;0;0;37.00;26.00;45.00;5.00;0;15.00;5.00;1.00;12.00;0;5.00;440.00;60.00;132.00;185.00;118.00;265.00;78.00;98.00;47.00;6.00;212.00;111.00;69.00;4.00;0;1.00;3.00;79.00;2.00;0;6.00;18.00;2.00;1.00;0;66.00;0;12.00;223.00;89.00;77.00;0;0;18.00;7.00;0;5.00;19.00;61.00;33.00;87.00;37.00;39.00;0;0;0;2.00;2.00;42.00;53.00;165.00;0;0;1.00;2.00;10.00;26.00;0;69.00;0;1.00;0;64.00;117.00;3.00;0;0;0;0;1.00;0;3.00;0;2.00;54.00;0;42.00;0;17.00;0;0;0;0;0;0;0;0;0;185.00;0;196.00;1.00;2.00;0;0;2.00;0;0;1007.19;3784.57;2296.86;184.03;0;1269.14;241.18;26.22;1179.36;0;1723.54;17356.32;7680.49;6325.78;6881.93;2780.20;15365.88;20618.56;11913.45;3780.26;1120.24;28225.27;6072.54;5076.14;189.51;0;58.58;135.73;2629.39;46.89;0;218.20;792.53;83.54;40.76;0;4188.88;0;355.45;13887.16;10908.20;3724.30;0;0;483.14;455.79;0;281.56;2551.36;3977.05;1531.68;2226.03;1037.69;3167.13;0;0;0;79.65;87.85;3177.00;2524.65;4683.77;0;0;39.13;136.80;387.58;1397.32;0;2508.18;0;32.91;0;1327.47;5337.35;90.11;0;0;0;0;35.70;0;105.08;0;96.74;1525.17;0;912.81;0;936.43;0;0;0;0;0;0;0;0;0;7765.93;0;12683.62;18.21;41.08;0;0;1788.91
NC_006151.1_964;32291.00;NC_006151.1_964;32291.00;2.00;7.00;90.00;123.00;176.00;53.00;2.00;36.00;417.00;144.00;72.00;101.00;81.00;2189.00;3.00;54.00;127.00;0;61.00;11.00;69.00;4.00;2.00;36.00;5.00;124.00;54.00;565.00;80.00;38.00;456.00;1893.00;51.00;343.00;37.00;324.00;434.00;981.00;49.00;69.00;72.00;407.00;306.00;16.00;176.00;0;26.00;36.00;124.00;15.00;13.00;239.00;2.00;114.00;163.00;77.00;32.00;20.00;101.00;97.00;172.00;34.00;652.00;353.00;0;200.00;754.00;8.00;18.00;87.00;18.00;42.00;309.00;99.00;857.00;135.00;221.00;740.00;512.00;76.00;385.00;147.00;5188.00;1931.00;376.00;447.00;116.00;1144.00;0;582.00;277.00;373.00;1022.00;371.00;108.00;954.00;643.00;268.00;321.00;0;1.00;189.00;91.00;155.00;149.00;155.00;114.00;93.00;5.00;60.01;262.53;2449.91;17903.93;8983.26;1950.75;183.12;3045.94;20114.80;3776.36;7076.17;10504.42;27921.41;86347.68;384.02;2587.82;4724.35;0;3537.05;2907.75;8388.04;321.72;373.41;4792.97;273.54;9122.34;2558.39;75393.65;4686.04;1719.30;15177.23;44382.44;3530.39;12473.63;1629.09;13532.70;17691.18;62341.13;3109.93;10494.30;2132.70;25345.62;37504.60;773.88;8567.40;0;697.87;2344.06;11518.81;844.69;1745.67;15582.21;92.83;2916.87;4571.46;6253.05;6171.65;47281.32;6058.06;3862.85;7555.13;2571.86;31057.97;10020.44;0;8714.98;29506.14;547.20;697.65;4675.66;593.30;1526.72;19762.09;3257.86;22169.34;2800.13;10081.66;22228.23;34545.58;2979.34;60477.54;3471.07;185193.12;96603.13;13169.88;28184.11;5611.18;32310.91;0;12648.87;19471.39;20546.44;19768.66;18467.82;99356.03;74039.58;52622.96;9218.49;15271.90;0;345.18;7933.84;1463.00;10030.41;2712.84;3183.47;12277.87;56776.56;4472.27
NC_006273.2_1122;2564.00;NC_006273.2_1122;2564.00;0;0;2.00;0;0;31.00;0;0;0;0;0;0;0;0;0;79.00;0;0;0;0;1.00;0;89.00;0;40.00;0;0;0;0;0;0;0;0;1.00;0;0;0;0;1152.00;0;20.00;177.00;0;0;0;0;15.00;0;0;0;0;57.00;0;0;0;2.00;13.00;0;0;0;0;0;0;0;0;0;0;0;0;14.00;0;293.00;0;97.00;0;177.00;0;0;0;0;0;245.00;0;0;0;0;0;0;0;0;58.00;0;0;0;0;0;0;0;0;0;0;0;0;0;0;0;0;0;1.00;0;0;54.44;0;0;1141.01;0;0;0;0;0;0;0;0;0;3785.88;0;0;0;0;121.57;0;16616.88;0;2188.30;0;0;0;0;0;0;0;0;36.37;0;0;0;0;73115.00;0;592.42;11022.54;0;0;0;0;402.62;0;0;0;0;3716.26;0;0;0;162.42;2507.23;0;0;0;0;0;0;0;0;0;0;0;0;752.41;0;10650.67;0;3192.05;0;3671.29;0;0;0;0;0;5785.12;0;0;0;0;0;0;0;0;4077.04;0;0;0;0;0;0;0;0;0;0;0;0;0;0;0;0;0;894.45
NC_006273.2_1175;2063.00;NC_006273.2_1175;2063.00;0;49.00;0;0;0;3.00;0;0;0;1.00;0;0;0;0;2.00;0;0;116.00;0;0;0;0;0;0;0;16.00;0;0;0;0;0;0;0;0;25.00;0;133.00;0;0;66.00;2.00;0;0;0;1.00;0;1.00;16.00;9.00;0;117.00;1.00;0;0;1.00;0;1.00;0;25.00;0;93.00;0;0;2.00;0;30.00;2.00;0;20.00;22.00;0;0;7.00;8.00;0;4.00;0;0;0;1.00;0;1051.00;161.00;0;0;0;0;0;0;0;0;31.00;0;0;0;0;0;0;0;0;0;0;4.00;0;0;42.00;0;0;0;0;1837.68;0;0;0;110.42;0;0;0;26.22;0;0;0;0;256.02;0;0;2733.08;0;0;0;0;0;0;0;1177.08;0;0;0;0;0;0;0;0;1100.74;0;5421.49;0;0;10038.02;59.24;0;0;0;48.68;0;26.84;1041.80;836.04;0;15711.02;65.20;0;0;28.05;0;192.86;0;1499.52;0;4085.04;0;0;56.77;0;1307.25;78.27;0;775.16;1182.35;0;0;447.68;263.26;0;82.97;0;0;0;39.20;0;24817.00;5747.13;0;0;0;0;0;0;0;0;1707.61;0;0;0;0;0;0;0;0;0;0;64.31;0;0;862.62;0;0;0
NC_006273.2_1253;2247.00;NC_006273.2_1253;2247.00;0;0;8.00;62.00;0;0;0;0;0;1.00;7.00;334.00;3.00;72.00;4.00;73.00;0;1.00;109.00;0;64.00;0;140.00;36.00;50.00;2.00;0;0;0;0;0;0;0;0;0;0;0;0;0;7.00;0;0;1.00;0;0;50.00;0;0;6.00;0;8.00;0;0;1.00;0;0;0;0;0;2.00;0;0;0;0;86.00;0;65.00;0;23.00;0;2.00;0;0;0;2.00;1.00;0;0;0;2.00;0;149.00;0;2.00;11.00;7.00;0;0;0;0;0;0;9.00;0;15.00;0;0;0;0;54.00;12.00;148.00;40.00;2.00;238.00;123.00;136.00;79.00;0;0;0;217.77;9024.75;0;0;0;0;0;26.22;687.96;34737.39;1034.13;2840.12;512.03;3498.35;0;23.56;6320.31;0;7780.21;0;26138.91;4792.97;2735.38;147.13;0;0;0;0;0;0;0;0;0;0;0;0;0;1064.64;0;0;122.56;0;0;1399.50;0;0;557.36;0;1074.26;0;0;25.59;0;0;0;0;0;79.65;0;0;0;0;9121.76;0;2543.63;0;891.44;0;65.92;0;0;0;51.74;20.74;0;0;0;78.40;0;3518.30;0;100.06;385.29;441.36;0;0;0;0;0;0;174.09;0;13799.45;0;0;0;0;28346.46;4142.22;6212.74;643.08;129.42;4333.26;2526.24;14647.28;48229.55;0
NC_007605.1_1443;12678.00;NC_007605.1_1443;12678.00;0;346.00;551.00;66.00;78.00;44.00;0;67.00;383.00;93.00;37.00;82.00;0;212.00;0;174.00;0;90.00;0;0;0;334.00;75.00;0;122.00;0;0;59.00;95.00;48.00;199.00;630.00;58.00;195.00;277.00;45.00;145.00;1.00;174.00;65.00;37.00;0;72.00;176.00;77.00;407.00;123.00;102.00;1.00;51.00;33.00;115.00;111.00;240.00;457.00;0;97.00;0;73.00;126.00;0;49.00;82.00;1.00;65.00;121.00;305.00;20.00;76.00;96.00;409.00;236.00;238.00;103.00;0;819.00;60.00;1.00;124.00;66.00;214.00;1.00;207.00;51.00;760.00;85.00;409.00;89.00;2.00;81.00;0;0;1.00;0;1.00;47.00;0;77.00;151.00;0;26.00;47.00;34.00;334.00;32.00;114.00;0;0;1.00;0;12976.30;14998.91;9606.99;3981.22;1619.49;0;5668.84;18474.75;2438.90;3636.36;8528.34;0;8362.59;0;8338.52;0;2120.49;0;0;0;26863.99;14002.99;0;6674.33;0;0;7872.97;5564.67;2171.75;6623.40;14770.70;4014.95;7091.42;12196.20;1879.54;5910.65;63.55;11043.41;9885.93;1095.97;0;8824.61;8512.70;3748.24;11391.94;3301.48;6641.49;92.89;2871.95;4431.31;7497.72;5152.01;6140.78;12816.92;0;18707.81;0;4378.60;5017.72;0;3706.51;3906.06;28.39;6894.36;5272.56;11935.51;1367.99;2945.62;5159.35;13481.00;8578.70;15221.28;3389.50;0;16987.47;2737.10;30.04;8366.51;2587.32;33616.09;23.61;7389.16;2551.40;26619.96;5359.39;19784.26;2513.70;75.55;1760.41;0;0;19.34;0;919.96;3647.65;0;2648.60;7183.98;0;8974.80;1972.97;546.62;21613.93;582.62;2341.39;0;0;894.45
NC_009334.1_1637;12678.00;NC_009334.1_1637;12678.00;0;346.00;551.00;66.00;78.00;44.00;0;67.00;383.00;93.00;37.00;82.00;0;212.00;0;174.00;0;90.00;0;0;0;334.00;75.00;0;122.00;0;0;59.00;95.00;48.00;199.00;630.00;58.00;195.00;277.00;45.00;145.00;1.00;174.00;65.00;37.00;0;72.00;176.00;77.00;407.00;123.00;102.00;1.00;51.00;33.00;115.00;111.00;240.00;457.00;0;97.00;0;73.00;126.00;0;49.00;82.00;1.00;65.00;121.00;305.00;20.00;76.00;96.00;409.00;236.00;238.00;103.00;0;819.00;60.00;1.00;124.00;66.00;214.00;1.00;207.00;51.00;760.00;85.00;409.00;89.00;2.00;81.00;0;0;1.00;0;1.00;47.00;0;77.00;151.00;0;26.00;47.00;34.00;334.00;32.00;114.00;0;0;1.00;0;12976.30;14998.91;9606.99;3981.22;1619.49;0;5668.84;18474.75;2438.90;3636.36;8528.34;0;8362.59;0;8338.52;0;2120.49;0;0;0;26863.99;14002.99;0;6674.33;0;0;7872.97;5564.67;2171.75;6623.40;14770.70;4014.95;7091.42;12196.20;1879.54;5910.65;63.55;11043.41;9885.93;1095.97;0;8824.61;8512.70;3748.24;11391.94;3301.48;6641.49;92.89;2871.95;4431.31;7497.72;5152.01;6140.78;12816.92;0;18707.81;0;4378.60;5017.72;0;3706.51;3906.06;28.39;6894.36;5272.56;11935.51;1367.99;2945.62;5159.35;13481.00;8578.70;15221.28;3389.50;0;16987.47;2737.10;30.04;8366.51;2587.32;33616.09;23.61;7389.16;2551.40;26619.96;5359.39;19784.26;2513.70;75.55;1760.41;0;0;19.34;0;919.96;3647.65;0;2648.60;7183.98;0;8974.80;1972.97;546.62;21613.93;582.62;2341.39;0;0;894.45
NC_012957.1_1757;1075.00;NC_012957.1_1757;1075.00;0;0;84.00;0;0;0;149.00;0;1.00;0;0;0;0;0;0;0;0;0;0;0;0;0;0;0;1.00;0;0;0;0;0;0;0;0;29.00;24.00;0;190.00;0;11.00;0;23.00;0;0;31.00;0;0;18.00;0;1.00;0;0;0;0;0;35.00;0;0;0;0;217.00;0;1.00;0;2.00;0;0;0;0;0;0;0;0;0;0;0;51.00;0;0;0;0;0;4.00;24.00;1.00;0;0;14.00;44.00;0;0;76.00;0;0;0;0;39.00;0;0;0;0;5.00;0;0;0;0;0;0;0;0;0;0;2286.59;0;0;0;13642.19;0;48.24;0;0;0;0;0;0;0;0;0;0;0;0;0;0;0;54.71;0;0;0;0;0;0;0;0;1054.62;1056.71;0;7744.99;0;698.15;0;681.28;0;0;1499.40;0;0;483.14;0;92.89;0;0;0;0;0;981.60;0;0;0;0;8641.63;0;75.64;0;56.77;0;0;0;0;0;0;0;0;0;0;0;1057.83;0;0;0;0;0;94.45;856.71;50.03;0;0;677.21;1242.73;0;0;5342.33;0;0;0;0;3026.78;0;0;0;0;1725.92;0;0;0;0;0;0;0;0
NC_014956.1_1834;4722.00;NC_014956.1_1834;4722.00;220.00;71.00;0;0;0;0;1.00;54.00;0;0;98.00;0;0;0;0;12.00;0;0;0;0;0;0;0;0;0;64.00;22.00;0;0;0;188.00;77.00;5.00;327.00;92.00;37.00;88.00;0;60.00;0;78.00;0;0;85.00;0;65.00;38.00;52.00;0;63.00;144.00;0;0;0;0;0;0;10.00;0;0;0;0;0;0;0;100.00;0;0;111.00;33.00;0;258.00;279.00;1.00;81.00;191.00;65.00;0;0;253.00;0;127.00;0;142.00;274.00;0;75.00;127.00;0;0;0;0;0;0;0;1.00;0;0;576.00;0;0;0;0;77.00;0;0;0;0;0;6601.25;2662.77;0;0;0;0;91.56;4568.91;0;0;9631.45;0;0;0;0;575.07;0;0;0;0;0;0;0;0;0;4708.31;1042.31;0;0;0;6257.28;1805.31;346.12;11891.77;4050.72;1545.40;3587.15;0;3808.07;0;2310.43;0;0;4111.25;0;1819.35;1019.97;3385.86;0;3547.70;19336.65;0;0;0;0;0;0;23640.66;0;0;0;0;0;0;0;4357.49;0;0;4302.16;1773.53;0;9378.41;17843.44;32.91;2095.35;3961.67;2965.19;0;0;9918.07;0;2998.82;0;7103.91;9597.20;0;3627.92;3586.96;0;0;0;0;0;0;0;77.61;0;0;27403.78;0;0;0;0;4982.85;0;0;0;0;0
NC_024070.1_1965;2573.00;NC_024070.1_1965;2573.00;0;145.00;32.00;0;9.00;39.00;0;0;0;0;0;0;0;0;0;0;0;0;0;0;12.00;37.00;0;50.00;0;0;0;0;47.00;63.00;1.00;0;0;77.00;44.00;40.00;312.00;0;31.00;0;5.00;295.00;0;21.00;0;0;1.00;0;0;28.00;16.00;243.00;19.00;0;153.00;0;0;0;0;0;0;0;1.00;1.00;0;37.00;25.00;3.00;1.00;52.00;1.00;0;64.00;0;0;1.00;2.00;0;1.00;233.00;0;1.00;1.00;23.00;186.00;0;0;87.00;1.00;10.00;0;0;0;0;0;59.00;0;2.00;1.00;0;0;0;0;60.00;0;0;0;0;0;0;5438.04;871.08;0;459.37;1435.46;0;0;0;0;0;0;0;0;0;0;0;0;0;0;1458.79;2975.95;0;6656.90;0;0;0;0;2753.05;2850.42;33.28;0;0;2800.20;1937.30;1670.70;12718.08;0;1967.50;0;148.10;18370.91;0;1015.72;0;0;26.84;0;0;1576.75;2148.52;15843.00;881.88;0;4291.00;0;0;0;0;0;0;0;47.63;28.39;0;1612.27;978.32;205.20;38.76;2794.65;32.96;0;4093.12;0;0;20.74;91.24;0;67.47;9134.03;0;23.61;35.70;1150.63;6514.89;0;0;2457.21;37.78;217.33;0;0;0;0;0;4578.97;0;68.79;47.58;0;0;0;0;3882.74;0;0;0;0;0
NC_029647.1_2041;3137.00;NC_029647.1_2041;3137.00;1.00;0;0;0;0;11.00;1.00;0;1.00;0;0;185.00;0;0;1.00;157.00;56.00;2.00;0;0;3.00;20.00;0;0;81.00;0;1.00;0;0;0;0;83.00;0;0;12.00;0;61.00;0;37.00;0;11.00;0;0;42.00;0;0;12.00;18.00;1.00;0;8.00;37.00;36.00;0;0;1.00;9.00;0;105.00;0;0;27.00;56.00;0;0;0;64.00;0;58.00;0;0;54.00;95.00;1.00;0;136.00;0;0;386.00;160.00;0;0;277.00;0;3.00;79.00;25.00;2.00;1.00;0;0;46.00;1.00;0;23.00;59.00;0;0;65.00;0;14.00;3.00;0;241.00;133.00;94.00;40.00;0;1.00;30.01;0;0;0;0;404.87;91.56;0;48.24;0;0;19240.77;0;0;128.01;7523.84;2083.18;47.12;0;0;364.70;1608.62;0;0;4431.31;0;47.38;0;0;0;0;1945.98;0;0;528.36;0;2486.55;0;2348.31;0;325.83;0;0;2031.44;0;0;322.10;1172.03;92.89;0;1074.26;2412.31;1670.92;0;0;81.21;1735.78;0;6297.98;0;0;2042.36;2667.56;0;0;0;2504.50;0;2247.97;0;0;1962.92;6075.72;32.91;0;2820.87;0;0;26044.13;6272.30;0;0;9887.91;0;105.08;4981.08;1209.31;56.49;37.78;0;0;2533.88;19.34;0;21159.15;4578.97;0;0;3092.44;0;4832.59;125.93;0;15595.68;2421.53;1930.62;4308.02;0;894.45
NC_035469.1_2168;104660.00;NC_035469.1_2168;104660.00;697.00;1689.00;2068.00;76.00;247.00;413.00;367.00;898.00;1124.00;1521.00;391.00;516.00;724.00;5891.00;794.00;4680.00;2160.00;3283.00;4128.00;3.00;1639.00;4180.00;88.00;45.00;1861.00;418.00;48.00;208.00;1036.00;195.00;1894.00;823.00;686.00;594.00;1468.00;249.00;2027.00;187.00;829.00;218.00;658.00;727.00;146.00;1389.00;1625.00;1839.00;616.00;1108.00;655.00;160.00;669.00;943.00;842.00;520.00;1700.00;102.00;292.00;0;331.00;536.00;368.00;437.00;477.00;620.00;343.00;589.00;1673.00;321.00;1113.00;806.00;218.00;1993.00;1364.00;179.00;301.00;5048.00;993.00;253.00;1.00;1283.00;207.00;2328.00;157.00;714.00;1003.00;3.00;993.00;796.00;1071.00;389.00;888.00;97.00;544.00;245.00;16.00;239.00;81.00;2302.00;1574.00;58.00;213.00;3257.00;127.00;1797.00;161.00;861.00;932.00;2.00;4.00;20913.97;63343.83;56293.55;11062.59;12607.19;15201.15;33601.90;75979.36;54218.32;39887.76;38427.52;53666.15;249569.11;232377.42;101638.50;224277.57;80351.16;77350.80;239359.85;793.02;199246.29;336202.04;16430.17;5991.21;101810.82;30751.12;2274.13;27755.54;60684.16;8822.73;63038.78;19295.70;47487.19;21601.57;64635.44;10400.13;82626.77;11883.58;52614.88;33155.89;19490.52;45273.38;17894.35;67182.59;79102.37;51473.68;16534.25;72144.81;60845.33;9010.02;89834.83;61481.29;39080.99;13305.02;47677.81;8283.25;56316.30;0;19853.65;21345.23;16164.46;33055.98;22721.86;17599.64;36380.99;25665.61;65469.20;21956.22;43137.86;43317.03;7185.47;72446.38;87234.59;5890.48;7786.43;104704.22;45299.03;7599.65;67.47;50295.97;32516.49;54970.48;5604.34;35719.65;35131.35;189.16;48033.67;22482.07;40457.84;8454.32;62420.92;5343.18;10522.65;12195.73;14719.41;18548.70;6629.02;79182.72;74884.63;30446.19;73524.34;136722.36;2041.77;116288.10;2931.32;17683.67;100376.95;1221.00;3577.82
NC_038522.1_2292;370.00;NC_038522.1_2292;370.00;0;52.00;0;0;0;0;0;25.00;0;0;0;0;0;0;0;0;0;0;105.00;0;0;0;0;0;0;0;0;0;0;0;57.00;0;0;0;0;0;74.00;0;0;0;0;0;0;0;0;0;0;0;0;0;0;0;2.00;0;44.00;0;0;0;0;0;0;0;0;0;0;0;0;0;0;0;0;2.00;0;0;0;0;1.00;0;0;6.00;0;0;0;0;0;0;0;0;0;0;0;0;0;0;0;0;0;0;0;0;0;0;0;2.00;0;0;0;0;0;0;1950.20;0;0;0;0;0;2115.24;0;0;0;0;0;0;0;0;0;0;6088.37;0;0;0;0;0;0;0;0;0;0;0;1897.15;0;0;0;0;0;3016.47;0;0;0;0;0;0;0;0;0;0;0;0;0;0;0;92.83;0;1234.01;0;0;0;0;0;0;0;0;0;0;0;0;0;0;0;0;72.70;0;0;0;0;45.62;0;0;235.21;0;0;0;0;0;0;0;0;0;0;0;0;0;0;0;0;0;0;0;0;0;0;0;129.42;0;0;0;0;0
X17403.1_2779;685.00;X17403.1_2779;685.00;0;0;0;0;0;0;0;0;0;1.00;0;0;0;0;0;0;0;1.00;0;0;0;0;0;1.00;0;0;0;0;0;0;0;0;54.00;0;0;32.00;0;0;0;0;7.00;0;0;0;0;0;0;0;0;0;17.00;0;14.00;102.00;0;0;0;0;0;0;1.00;26.00;0;0;0;34.00;0;0;0;0;0;0;0;0;0;1.00;25.00;56.00;0;0;0;0;89.00;0;0;0;0;44.00;0;0;0;36.00;0;0;0;0;83.00;0;23.00;0;0;0;5.00;0;33.00;0;0;0;0;0;0;0;0;0;0;0;0;0;26.22;0;0;0;0;0;0;0;23.56;0;0;0;0;0;133.14;0;0;0;0;0;0;0;0;3738.06;0;0;1336.56;0;0;0;0;207.35;0;0;0;0;0;0;0;0;0;2282.80;0;649.80;2609.83;0;0;0;0;0;0;43.93;1966.72;0;0;0;1481.55;0;0;0;0;0;0;0;0;0;20.74;1140.46;1682.14;0;0;0;0;3176.98;0;0;0;0;1242.73;0;0;0;1983.03;0;0;0;0;6792.70;0;1094.25;0;0;0;80.38;0;600.83;0;0;0;0
X17403.1_2797;4216.00;X17403.1_2797;4216.00;0;0;0;0;0;45.00;0;0;0;0;0;0;0;3.00;0;2.00;0;2.00;4.00;0;0;0;0;0;1.00;0;0;0;0;0;0;0;0;0;9.00;1.00;0;0;29.00;1.00;5.00;0;0;0;4.00;0;6.00;8.00;0;0;0;0;0;0;0;0;0;0;0;0;0;0;0;0;45.00;0;0;0;19.00;0;1.00;0;0;0;0;2.00;0;0;0;0;0;4.00;213.00;0;0;0;0;0;0;0;0;0;0;0;0;0;0;0;0;0;1.00;0;125.00;3.00;3682.00;0;1.00;0;0;0;0;0;0;0;1656.30;0;0;0;0;0;0;0;118.34;0;95.85;0;47.12;231.94;0;0;0;0;0;54.71;0;0;0;0;0;0;0;0;0;396.27;41.77;0;0;1840.57;152.09;148.10;0;0;0;194.71;0;161.05;520.90;0;0;0;0;0;0;0;0;0;0;0;0;0;0;0;0;4773.02;0;0;0;736.41;0;32.96;0;0;0;0;41.48;0;0;0;0;0;94.45;7603.34;0;0;0;0;0;0;0;0;0;0;0;0;0;0;0;0;0;345.18;0;2009.61;194.14;67038.09;0;107.70;0;0
X17403.1_2798;12279.00;X17403.1_2798;12279.00;5.00;36.00;2.00;0;0;77.00;0;1.00;0;4.00;0;1.00;3.00;2.00;0;2.00;0;0;11.00;0;2.00;0;2.00;1.00;2.00;0;0;0;56.00;0;0;35.00;10.00;0;8.00;0;1.00;0;0;1.00;0;0;0;0;0;0;0;11.00;0;0;1.00;0;0;0;43.00;0;2.00;0;0;0;0;0;1.00;0;45.00;0;23.00;0;19.00;7.00;219.00;0;0;0;0;49.00;2.00;0;1.00;0;1.00;2.00;213.00;0;0;0;9.00;0;0;0;58.00;0;0;0;0;0;0;0;0;63.00;0;5.00;197.00;7.00;11039.00;0;0;0;0;150.03;1350.14;54.44;0;0;2834.11;0;84.61;0;104.90;0;104.00;1034.13;78.89;0;95.85;0;0;637.83;0;243.13;0;373.41;133.14;109.42;0;0;0;3280.22;0;0;820.59;692.23;0;352.24;0;40.76;0;0;152.09;0;0;0;0;0;0;0;716.24;0;0;134.28;0;0;0;1205.97;0;385.73;0;0;0;0;0;47.63;0;4773.02;0;900.05;0;736.41;376.20;7218.43;0;0;0;0;1016.34;91.24;0;67.47;0;157.08;47.23;7603.34;0;0;0;435.35;0;0;0;4077.04;0;0;0;0;0;0;0;0;33070.87;0;209.89;3167.15;452.99;200986.82;0;0;0;0
X17403.1_2835;26547.00;X17403.1_2835;26547.00;38.00;540.00;407.00;468.00;727.00;231.00;246.00;11.00;687.00;759.00;77.00;661.00;49.00;54.00;107.00;166.00;9.00;1.00;132.00;1.00;159.00;24.00;2.00;1.00;76.00;115.00;62.00;55.00;196.00;676.00;83.00;72.00;90.00;87.00;22.00;759.00;113.00;580.00;92.00;71.00;98.00;1.00;4.00;86.00;45.00;29.00;111.00;138.00;504.00;30.00;104.00;64.00;242.00;556.00;5.00;126.00;40.00;30.00;665.00;1428.00;563.00;198.00;502.00;2978.00;2.00;277.00;73.00;14.00;60.00;23.00;165.00;70.00;66.00;31.00;1.00;221.00;458.00;359.00;242.00;631.00;111.00;946.00;607.00;2.00;1.00;601.00;94.00;42.00;2.00;95.00;150.00;468.00;326.00;219.00;37.00;377.00;432.00;0;249.00;0;42.00;410.00;653.00;4.00;411.00;139.00;0;181.00;2.00;1140.22;20252.03;11079.05;68122.27;37106.98;8502.34;22523.35;930.70;33138.78;19904.54;7567.57;68746.75;16890.73;2130.09;13696.88;7955.14;334.80;23.56;7653.95;264.34;19328.96;1930.35;373.41;133.14;4157.78;8460.24;2937.41;7339.20;11480.79;30585.47;2762.52;1688.08;6230.10;3163.87;968.65;31701.61;4606.23;36858.16;5839.05;10798.48;2902.84;62.27;490.26;4159.61;2190.53;811.71;2979.39;8985.54;46818.39;1689.38;13965.36;4172.64;11232.30;14226.13;140.23;10232.26;7714.56;70921.99;39887.24;56867.51;24729.86;14977.31;23912.73;84535.03;212.13;12070.24;2856.70;957.59;2325.49;1236.09;5438.54;2544.53;4221.03;1020.14;25.87;4583.92;20893.21;10783.70;16328.18;24736.37;17436.38;22337.66;21667.74;100.06;35.03;37894.07;4546.99;1186.24;75.55;2064.68;10544.07;25779.44;6305.85;10901.49;34038.64;29258.83;35354.78;0;11846.42;0;14497.76;17210.98;10498.22;258.85;7483.07;2854.85;0;110500.61;1788.91
X17403.1_2879;12279.00;X17403.1_2879;12279.00;5.00;36.00;2.00;0;0;77.00;0;1.00;0;4.00;0;1.00;3.00;2.00;0;2.00;0;0;11.00;0;2.00;0;2.00;1.00;2.00;0;0;0;56.00;0;0;35.00;10.00;0;8.00;0;1.00;0;0;1.00;0;0;0;0;0;0;0;11.00;0;0;1.00;0;0;0;43.00;0;2.00;0;0;0;0;0;1.00;0;45.00;0;23.00;0;19.00;7.00;219.00;0;0;0;0;49.00;2.00;0;1.00;0;1.00;2.00;213.00;0;0;0;9.00;0;0;0;58.00;0;0;0;0;0;0;0;0;63.00;0;5.00;197.00;7.00;11039.00;0;0;0;0;150.03;1350.14;54.44;0;0;2834.11;0;84.61;0;104.90;0;104.00;1034.13;78.89;0;95.85;0;0;637.83;0;243.13;0;373.41;133.14;109.42;0;0;0;3280.22;0;0;820.59;692.23;0;352.24;0;40.76;0;0;152.09;0;0;0;0;0;0;0;716.24;0;0;134.28;0;0;0;1205.97;0;385.73;0;0;0;0;0;47.63;0;4773.02;0;900.05;0;736.41;376.20;7218.43;0;0;0;0;1016.34;91.24;0;67.47;0;157.08;47.23;7603.34;0;0;0;435.35;0;0;0;4077.04;0;0;0;0;0;0;0;0;33070.87;0;209.89;3167.15;452.99;200986.82;0;0;0;0
X17403.1_2880;4216.00;X17403.1_2880;4216.00;0;0;0;0;0;45.00;0;0;0;0;0;0;0;3.00;0;2.00;0;2.00;4.00;0;0;0;0;0;1.00;0;0;0;0;0;0;0;0;0;9.00;1.00;0;0;29.00;1.00;5.00;0;0;0;4.00;0;6.00;8.00;0;0;0;0;0;0;0;0;0;0;0;0;0;0;0;0;45.00;0;0;0;19.00;0;1.00;0;0;0;0;2.00;0;0;0;0;0;4.00;213.00;0;0;0;0;0;0;0;0;0;0;0;0;0;0;0;0;0;1.00;0;125.00;3.00;3682.00;0;1.00;0;0;0;0;0;0;0;1656.30;0;0;0;0;0;0;0;118.34;0;95.85;0;47.12;231.94;0;0;0;0;0;54.71;0;0;0;0;0;0;0;0;0;396.27;41.77;0;0;1840.57;152.09;148.10;0;0;0;194.71;0;161.05;520.90;0;0;0;0;0;0;0;0;0;0;0;0;0;0;0;0;4773.02;0;0;0;736.41;0;32.96;0;0;0;0;41.48;0;0;0;0;0;94.45;7603.34;0;0;0;0;0;0;0;0;0;0;0;0;0;0;0;0;0;345.18;0;2009.61;194.14;67038.09;0;107.70;0;0
bfv-miR-BF1-5p;57.00;bfv-miR-BF1;57.00;0;0;0;0;0;0;0;0;0;0;0;0;0;0;0;0;57.00;0;0;0;0;0;0;0;0;0;0;0;0;0;0;0;0;0;0;0;0;0;0;0;0;0;0;0;0;0;0;0;0;0;0;0;0;0;0;0;0;0;0;0;0;0;0;0;0;0;0;0;0;0;0;0;0;0;0;0;0;0;0;0;0;0;0;0;0;0;0;0;0;0;0;0;0;0;0;0;0;0;0;0;0;0;0;0;0;0;0;0;0;0;0;0;0;0;0;0;0;0;0;0;0;0;0;0;0;2120.38;0;0;0;0;0;0;0;0;0;0;0;0;0;0;0;0;0;0;0;0;0;0;0;0;0;0;0;0;0;0;0;0;0;0;0;0;0;0;0;0;0;0;0;0;0;0;0;0;0;0;0;0;0;0;0;0;0;0;0;0;0;0;0;0;0;0;0;0;0;0;0;0;0;0;0;0;0;0;0;0;0;0;0;0;0;0;0;0;0;0;0;0
bfv-miR-BF1-3p;0.00;bfv-miR-BF1;0.00;0;0;0;0;0;0;0;0;0;0;0;0;0;0;0;0;0;0;0;0;0;0;0;0;0;0;0;0;0;0;0;0;0;0;0;0;0;0;0;0;0;0;0;0;0;0;0;0;0;0;0;0;0;0;0;0;0;0;0;0;0;0;0;0;0;0;0;0;0;0;0;0;0;0;0;0;0;0;0;0;0;0;0;0;0;0;0;0;0;0;0;0;0;0;0;0;0;0;0;0;0;0;0;0;0;0;0;0;0;0;0;0;0;0;0;0;0;0;0;0;0;0;0;0;0;0;0;0;0;0;0;0;0;0;0;0;0;0;0;0;0;0;0;0;0;0;0;0;0;0;0;0;0;0;0;0;0;0;0;0;0;0;0;0;0;0;0;0;0;0;0;0;0;0;0;0;0;0;0;0;0;0;0;0;0;0;0;0;0;0;0;0;0;0;0;0;0;0;0;0;0;0;0;0;0;0;0;0;0;0;0;0;0;0;0;0;0;0
bfv-miR-BF2-5p;0.00;bfv-miR-BF2;0.00;0;0;0;0;0;0;0;0;0;0;0;0;0;0;0;0;0;0;0;0;0;0;0;0;0;0;0;0;0;0;0;0;0;0;0;0;0;0;0;0;0;0;0;0;0;0;0;0;0;0;0;0;0;0;0;0;0;0;0;0;0;0;0;0;0;0;0;0;0;0;0;0;0;0;0;0;0;0;0;0;0;0;0;0;0;0;0;0;0;0;0;0;0;0;0;0;0;0;0;0;0;0;0;0;0;0;0;0;0;0;0;0;0;0;0;0;0;0;0;0;0;0;0;0;0;0;0;0;0;0;0;0;0;0;0;0;0;0;0;0;0;0;0;0;0;0;0;0;0;0;0;0;0;0;0;0;0;0;0;0;0;0;0;0;0;0;0;0;0;0;0;0;0;0;0;0;0;0;0;0;0;0;0;0;0;0;0;0;0;0;0;0;0;0;0;0;0;0;0;0;0;0;0;0;0;0;0;0;0;0;0;0;0;0;0;0;0;0
bfv-miR-BF2-3p;79.00;bfv-miR-BF2;79.00;0;0;0;0;0;0;0;0;0;0;0;0;0;0;66.00;0;0;0;0;0;0;0;0;0;0;0;0;0;0;0;0;0;0;0;0;0;0;0;0;0;0;0;0;0;0;0;0;0;0;0;2.00;0;0;0;0;0;0;0;0;0;0;0;0;7.00;0;0;0;0;0;0;0;0;1.00;0;0;0;0;0;0;0;0;0;0;0;0;0;0;0;0;0;0;0;0;0;0;0;0;0;3.00;0;0;0;0;0;0;0;0;0;0;0;0;0;0;0;0;0;0;0;0;0;0;0;0;8448.54;0;0;0;0;0;0;0;0;0;0;0;0;0;0;0;0;0;0;0;0;0;0;0;0;0;0;0;0;0;0;0;0;0;0;0;268.56;0;0;0;0;0;0;0;0;0;0;0;0;198.71;0;0;0;0;0;0;0;0;63.95;0;0;0;0;0;0;0;0;0;0;0;0;0;0;0;0;0;0;0;0;0;0;0;0;0;142.73;0;0;0;0;0;0;0;0;0;0
bhv1-miR-B1;166.00;bhv1-mir-B1;166.00;0;0;0;0;31.00;0;0;0;0;0;0;0;0;0;0;0;0;0;0;0;0;0;0;0;0;0;0;0;0;0;41.00;0;0;0;0;0;0;0;0;0;0;0;0;0;1.00;0;0;0;0;0;0;0;0;0;0;0;0;0;0;0;0;0;0;0;0;0;0;0;0;0;2.00;0;0;0;0;0;0;0;0;0;2.00;0;0;54.00;0;0;0;28.00;0;0;0;3.00;0;0;0;1.00;0;0;0;0;0;0;0;0;3.00;0;0;0;0;0;0;0;0;1582.28;0;0;0;0;0;0;0;0;0;0;0;0;0;0;0;0;0;0;0;0;0;0;0;0;0;1364.62;0;0;0;0;0;0;0;0;0;0;0;0;0;48.68;0;0;0;0;0;0;0;0;0;0;0;0;0;0;0;0;0;0;0;0;0;0;0;0;0;65.92;0;0;0;0;0;0;0;0;0;314.17;0;0;2701.49;0;0;0;790.83;0;0;0;165.25;0;0;0;77.61;0;0;0;0;0;0;0;0;54.62;0;0;0;0
bhv1-miR-B10;4173.00;bhv1-mir-B10;4173.00;1.00;73.00;132.00;0;0;28.00;0;20.00;0;1.00;11.00;37.00;69.00;2.00;88.00;0;0;1.00;93.00;0;0;60.00;0;35.00;55.00;0;0;55.00;148.00;54.00;21.00;8.00;62.00;2.00;139.00;90.00;162.00;0;31.00;1.00;13.00;0;0;31.00;132.00;86.00;56.00;123.00;1.00;1.00;36.00;1.00;104.00;0;51.00;0;10.00;2.00;0;9.00;0;0;54.00;304.00;23.00;133.00;46.00;35.00;18.00;0;0;156.00;0;0;100.00;222.00;31.00;31.00;0;0;311.00;0;90.00;50.00;89.00;0;2.00;155.00;0;0;1.00;0;0;0;5.00;1.00;0;1.00;39.00;0;0;90.00;0;49.00;2.00;0;0;0;0;30.01;2737.77;3593.21;0;0;1030.59;0;1692.19;0;26.22;1081.08;3848.15;23784.90;78.89;11264.72;0;0;23.56;5392.55;0;0;4825.87;0;4659.83;3008.92;0;0;7339.20;8669.17;2443.22;698.95;187.56;4291.85;72.73;6120.11;3759.08;6603.62;0;1967.50;152.09;385.07;0;0;1499.40;6425.55;2407.14;1503.11;8008.86;92.89;56.31;4834.16;65.20;4827.11;0;1430.33;0;1928.64;4728.13;0;358.41;0;0;2572.29;8629.50;2439.54;5795.46;1800.11;2393.98;697.65;0;0;5670.67;0;0;2586.85;4604.66;1414.17;931.18;0;0;48853.28;0;3212.68;2501.38;3117.34;0;96.74;4377.79;0;0;70.29;0;0;0;4599.82;77.61;0;34.40;1855.46;0;0;3778.02;0;3170.91;36.41;0;0;0;0
bhv1-miR-B2;40.00;bhv1-mir-B2;40.00;0;0;0;0;0;0;0;0;0;0;0;0;0;0;0;0;1.00;4.00;0;0;0;0;0;0;0;0;0;0;0;0;0;0;0;0;0;0;0;0;0;0;0;0;0;0;0;0;0;0;0;0;0;0;0;0;0;0;0;0;0;0;0;0;0;0;0;0;0;0;0;0;0;34.00;0;0;0;0;0;0;0;0;0;0;0;0;0;0;0;0;0;0;0;0;0;0;0;1.00;0;0;0;0;0;0;0;0;0;0;0;0;0;0;0;0;0;0;0;0;0;0;0;0;0;0;0;0;0;37.20;94.24;0;0;0;0;0;0;0;0;0;0;0;0;0;0;0;0;0;0;0;0;0;0;0;0;0;0;0;0;0;0;0;0;0;0;0;0;0;0;0;0;0;0;0;0;0;0;0;0;0;0;0;0;0;1235.91;0;0;0;0;0;0;0;0;0;0;0;0;0;0;0;0;0;0;0;0;0;0;0;77.61;0;0;0;0;0;0;0;0;0;0;0;0;0
bhv1-miR-B3;7.00;bhv1-mir-B3;7.00;0;0;0;0;0;0;0;0;0;0;0;0;0;0;0;0;0;0;0;0;0;0;1.00;0;0;0;0;0;0;0;0;0;0;0;0;0;0;0;0;0;0;0;0;0;0;0;0;0;0;0;0;0;0;0;0;0;0;0;0;0;0;0;0;0;0;0;0;0;0;0;0;0;0;0;0;0;0;0;1.00;0;0;0;0;0;0;0;1.00;1.00;0;0;0;0;0;0;0;0;0;0;0;0;3.00;0;0;0;0;0;0;0;0;0;0;0;0;0;0;0;0;0;0;0;0;0;0;0;0;0;0;0;0;0;0;186.71;0;0;0;0;0;0;0;0;0;0;0;0;0;0;0;0;0;0;0;0;0;0;0;0;0;0;0;0;0;0;0;0;0;0;0;0;0;0;0;0;0;0;0;0;0;0;0;0;0;0;0;0;0;0;0;67.47;0;0;0;0;0;0;0;48.37;28.24;0;0;0;0;0;0;0;0;0;0;0;0;1035.55;0;0;0;0;0;0;0;0
bhv1-miR-B4;332.00;bhv1-mir-B4;332.00;0;0;2.00;1.00;0;0;0;1.00;0;0;0;0;98.00;0;0;0;9.00;0;0;0;0;0;0;0;3.00;0;0;0;0;0;4.00;0;0;0;0;2.00;61.00;0;0;0;0;0;0;2.00;0;0;0;7.00;0;14.00;0;0;0;0;1.00;0;0;0;1.00;0;0;0;1.00;0;0;0;14.00;2.00;0;0;0;4.00;0;0;0;0;0;0;0;0;0;0;0;0;8.00;0;0;22.00;0;0;0;0;1.00;0;0;0;0;1.00;0;0;2.00;69.00;2.00;0;0;0;0;0;0;0;0;54.44;145.56;0;0;0;84.61;0;0;0;0;33781.45;0;0;0;334.80;0;0;0;0;0;0;0;164.12;0;0;0;0;0;133.13;0;0;0;0;83.54;2486.55;0;0;0;0;0;0;96.74;0;0;0;455.79;0;788.38;0;0;0;0;28.05;0;0;0;59.98;0;0;0;47.63;0;0;0;547.86;136.80;0;0;0;145.40;0;0;0;0;0;0;0;0;0;0;0;0;280.21;0;0;621.36;0;0;0;0;19.34;0;0;0;0;34.40;0;0;690.37;2896.48;32.15;0;0;0;0;0;0
bhv1-miR-B5;330.00;bhv1-mir-B5;330.00;2.00;0;1.00;0;0;0;0;0;0;0;0;0;0;0;0;83.00;0;0;0;0;0;2.00;1.00;0;0;0;0;0;2.00;0;5.00;1.00;0;57.00;0;0;1.00;0;0;0;0;147.00;0;0;0;0;0;0;0;0;2.00;1.00;0;0;1.00;0;0;0;0;0;0;0;0;0;0;0;0;0;1.00;0;0;0;0;0;0;1.00;0;0;0;0;0;2.00;1.00;3.00;0;0;0;0;0;0;0;0;0;0;0;0;2.00;0;4.00;0;0;0;9.00;0;1.00;0;0;0;0;60.01;0;27.22;0;0;0;0;0;0;0;0;0;0;0;0;3977.57;0;0;0;0;0;160.86;186.71;0;0;0;0;0;117.15;0;166.42;23.45;0;2072.88;0;0;40.76;0;0;0;0;9154.32;0;0;0;0;0;0;0;0;268.56;65.20;0;0;28.05;0;0;0;0;0;0;0;0;0;0;0;0;0;38.76;0;0;0;0;0;0;20.74;0;0;0;0;0;47.23;35.70;150.08;0;0;0;0;0;0;0;0;0;0;0;0;163.68;0;190.30;0;0;0;144.69;0;18.21;0;0;0;0
bhv1-miR-B6-5p;29.00;bhv1-mir-B6;29.00;0;0;0;0;0;0;0;0;0;0;0;0;0;0;0;0;1.00;0;0;0;0;0;0;0;0;0;0;0;0;0;0;0;0;0;0;0;0;0;0;0;0;0;0;0;0;0;0;0;0;0;1.00;0;0;0;0;0;0;0;0;0;1.00;0;1.00;0;0;0;0;0;0;4.00;0;0;0;0;0;0;0;0;1.00;0;0;0;14.00;0;0;0;0;0;0;0;0;0;0;0;0;0;0;0;0;0;0;0;5.00;1.00;0;0;0;0;0;0;0;0;0;0;0;0;0;0;0;0;0;0;0;0;0;37.20;0;0;0;0;0;0;0;0;0;0;0;0;0;0;0;0;0;0;0;0;0;0;0;0;0;0;0;0;0;0;0;0;0;134.28;0;0;0;0;0;0;0;0;0;43.93;0;47.63;0;0;0;0;0;0;214.97;0;0;0;0;0;0;0;0;67.47;0;0;0;499.75;0;0;0;0;0;0;0;0;0;0;0;0;0;0;0;0;0;0;0;80.38;64.71;0;0;0;0;0
bhv1-miR-B6-3p;106.00;bhv1-mir-B6;106.00;0;0;0;0;0;0;0;0;0;0;0;0;0;0;0;0;0;0;0;0;0;0;0;0;0;5.00;0;0;0;0;0;0;0;0;0;0;0;0;0;0;0;0;0;0;0;0;0;0;0;0;0;0;0;0;0;0;0;0;0;0;0;0;0;0;0;0;0;0;0;0;0;0;0;0;0;69.00;0;0;2.00;0;0;0;0;0;0;0;0;0;0;0;0;1.00;0;0;0;0;0;0;0;0;0;0;0;0;29.00;0;0;0;0;0;0;0;0;0;0;0;0;0;0;0;0;0;0;0;0;0;0;0;0;0;0;0;0;0;367.84;0;0;0;0;0;0;0;0;0;0;0;0;0;0;0;0;0;0;0;0;0;0;0;0;0;0;0;0;0;0;0;0;0;0;0;0;0;0;0;0;0;0;0;0;0;0;0;0;0;1431.18;0;0;134.94;0;0;0;0;0;0;0;0;0;0;0;0;55.08;0;0;0;0;0;0;0;0;0;0;0;0;528.00;0;0;0;0
bhv1-miR-B7;15.00;bhv1-mir-B7;15.00;0;0;0;0;0;0;0;0;0;0;0;0;0;0;0;0;0;0;0;0;0;2.00;0;0;0;0;0;0;0;0;0;0;0;0;0;0;0;0;0;0;0;0;0;0;1.00;0;0;0;0;0;0;0;0;0;0;0;0;0;0;0;0;0;0;0;0;0;0;0;0;0;0;0;0;0;0;0;0;0;0;0;0;0;0;0;0;0;0;0;0;0;0;0;0;0;0;0;0;0;0;2.00;0;0;1.00;0;9.00;0;0;0;0;0;0;0;0;0;0;0;0;0;0;0;0;0;0;0;0;0;0;0;0;0;160.86;0;0;0;0;0;0;0;0;0;0;0;0;0;0;0;0;0;0;0;0;0;0;48.68;0;0;0;0;0;0;0;0;0;0;0;0;0;0;0;0;0;0;0;0;0;0;0;0;0;0;0;0;0;0;0;0;0;0;0;0;0;0;0;0;0;0;0;0;0;0;0;0;0;0;0;0;0;0;1049.87;0;0;16.08;0;163.86;0;0;0;0
bhv1-miR-B8-5p;0.00;bhv1-mir-B8;0.00;0;0;0;0;0;0;0;0;0;0;0;0;0;0;0;0;0;0;0;0;0;0;0;0;0;0;0;0;0;0;0;0;0;0;0;0;0;0;0;0;0;0;0;0;0;0;0;0;0;0;0;0;0;0;0;0;0;0;0;0;0;0;0;0;0;0;0;0;0;0;0;0;0;0;0;0;0;0;0;0;0;0;0;0;0;0;0;0;0;0;0;0;0;0;0;0;0;0;0;0;0;0;0;0;0;0;0;0;0;0;0;0;0;0;0;0;0;0;0;0;0;0;0;0;0;0;0;0;0;0;0;0;0;0;0;0;0;0;0;0;0;0;0;0;0;0;0;0;0;0;0;0;0;0;0;0;0;0;0;0;0;0;0;0;0;0;0;0;0;0;0;0;0;0;0;0;0;0;0;0;0;0;0;0;0;0;0;0;0;0;0;0;0;0;0;0;0;0;0;0;0;0;0;0;0;0;0;0;0;0;0;0;0;0;0;0;0;0
bhv1-miR-B8-3p;0.00;bhv1-mir-B8;0.00;0;0;0;0;0;0;0;0;0;0;0;0;0;0;0;0;0;0;0;0;0;0;0;0;0;0;0;0;0;0;0;0;0;0;0;0;0;0;0;0;0;0;0;0;0;0;0;0;0;0;0;0;0;0;0;0;0;0;0;0;0;0;0;0;0;0;0;0;0;0;0;0;0;0;0;0;0;0;0;0;0;0;0;0;0;0;0;0;0;0;0;0;0;0;0;0;0;0;0;0;0;0;0;0;0;0;0;0;0;0;0;0;0;0;0;0;0;0;0;0;0;0;0;0;0;0;0;0;0;0;0;0;0;0;0;0;0;0;0;0;0;0;0;0;0;0;0;0;0;0;0;0;0;0;0;0;0;0;0;0;0;0;0;0;0;0;0;0;0;0;0;0;0;0;0;0;0;0;0;0;0;0;0;0;0;0;0;0;0;0;0;0;0;0;0;0;0;0;0;0;0;0;0;0;0;0;0;0;0;0;0;0;0;0;0;0;0;0
bhv1-miR-B9;30.00;bhv1-mir-B9;30.00;0;0;21.00;0;0;0;0;0;0;0;0;0;0;0;0;0;0;1.00;1.00;0;0;0;0;0;0;0;0;0;0;0;0;0;0;0;0;0;0;0;0;0;0;0;0;1.00;3.00;0;0;0;0;0;0;0;1.00;0;0;0;0;0;0;0;0;0;0;0;0;1.00;0;0;0;0;0;0;0;0;0;1.00;0;0;0;0;0;0;0;0;0;0;0;0;0;0;0;0;0;0;0;0;0;0;0;0;0;0;0;0;0;0;0;0;0;0;0;571.65;0;0;0;0;0;0;0;0;0;0;0;0;0;0;23.56;57.98;0;0;0;0;0;0;0;0;0;0;0;0;0;0;0;0;0;0;0;0;0;0;0;0;48.37;146.04;0;0;0;0;0;0;0;46.41;0;0;0;0;0;0;0;0;0;0;0;0;43.57;0;0;0;0;0;0;0;0;0;20.74;0;0;0;0;0;0;0;0;0;0;0;0;0;0;0;0;0;0;0;0;0;0;0;0;0;0;0;0;0;0;0;0;0
bhv5-miR-B11;732.00;bhv5-mir-B11;732.00;14.00;1.00;36.00;1.00;0;1.00;2.00;2.00;1.00;5.00;0;0;0;0;0;5.00;0;2.00;0;0;1.00;2.00;0;0;0;0;0;1.00;3.00;2.00;3.00;0;1.00;0;12.00;2.00;0;0;1.00;0;7.00;0;0;0;0;40.00;3.00;2.00;12.00;0;1.00;1.00;49.00;0;1.00;2.00;0;6.00;41.00;0;19.00;33.00;73.00;3.00;2.00;43.00;3.00;0;0;0;0;1.00;0;6.00;0;0;2.00;0;0;6.00;1.00;0;2.00;0;1.00;1.00;0;1.00;0;0;0;34.00;0;0;1.00;0;0;3.00;52.00;3.00;0;0;71.00;0;33.00;2.00;72.00;0;1.00;420.08;37.50;979.97;145.56;0;36.81;183.12;169.22;48.24;131.12;0;0;0;0;0;239.61;0;47.12;0;0;121.57;160.86;0;0;0;0;0;133.44;175.73;90.49;99.85;0;69.22;0;528.36;83.54;0;0;63.47;0;207.35;0;0;0;0;1119.60;80.52;130.23;1114.72;0;134.28;65.20;2274.31;0;28.05;162.42;0;14184.40;2459.21;0;834.58;2496.22;3477.35;85.16;212.13;1873.72;117.40;0;0;0;0;36.35;0;197.45;0;0;91.24;0;0;235.21;157.08;0;71.39;0;35.03;63.05;0;28.24;0;0;0;1872.87;0;0;919.96;0;0;103.19;2473.95;1574.80;0;0;1141.46;0;600.83;41.08;7754.44;0;894.45
bhv5-miR-B12;67.00;bhv5-mir-B12;67.00;0;0;0;0;0;0;0;0;0;0;0;0;0;0;0;0;0;0;0;0;0;0;0;0;0;0;0;0;1.00;0;0;0;0;0;0;0;4.00;0;0;0;0;0;0;0;0;0;0;0;0;0;0;0;0;0;0;0;0;0;0;0;0;0;0;0;0;0;62.00;0;0;0;0;0;0;0;0;0;0;0;0;0;0;0;0;0;0;0;0;0;0;0;0;0;0;0;0;0;0;0;0;0;0;0;0;0;0;0;0;0;0;0;0;0;0;0;0;0;0;0;0;0;0;0;0;0;0;0;0;0;0;0;0;0;0;0;0;0;0;58.58;0;0;0;0;0;0;0;163.05;0;0;0;0;0;0;0;0;0;0;0;0;0;0;0;0;0;0;0;0;0;0;0;0;0;0;0;0;0;2426.23;0;0;0;0;0;0;0;0;0;0;0;0;0;0;0;0;0;0;0;0;0;0;0;0;0;0;0;0;0;0;0;0;0;0;0;0;0;0;0;0;0;0
bhv5-miR-B13;55.00;bhv5-mir-B13;55.00;0;0;0;0;0;0;0;0;0;0;0;0;0;11.00;0;0;0;0;3.00;0;0;0;0;0;0;0;0;0;0;0;0;0;0;0;0;0;0;0;0;0;0;0;0;0;0;0;0;0;0;0;0;0;0;0;0;0;0;0;0;0;0;0;0;0;0;0;0;0;0;0;0;0;0;0;0;0;0;0;0;0;0;0;0;0;0;0;0;0;0;0;0;0;0;0;0;0;0;0;0;0;0;0;0;0;41.00;0;0;0;0;0;0;0;0;0;0;0;0;0;0;0;0;0;433.91;0;0;0;0;173.95;0;0;0;0;0;0;0;0;0;0;0;0;0;0;0;0;0;0;0;0;0;0;0;0;0;0;0;0;0;0;0;0;0;0;0;0;0;0;0;0;0;0;0;0;0;0;0;0;0;0;0;0;0;0;0;0;0;0;0;0;0;0;0;0;0;0;0;0;0;0;0;0;0;0;0;0;0;0;0;0;0;0;0;0;0;746.49;0;0;0;0
bhv5-miR-B14;15.00;bhv5-mir-B14;15.00;0;1.00;0;0;0;0;0;0;0;0;0;0;0;0;0;0;0;0;0;0;0;2.00;0;0;0;0;0;0;0;0;0;0;0;0;0;0;0;0;0;0;0;0;0;0;0;0;0;0;1.00;0;0;0;0;0;0;0;0;0;0;0;0;0;0;0;0;0;1.00;0;0;0;0;0;0;0;0;0;0;0;0;0;0;4.00;0;0;0;0;0;0;0;2.00;0;0;0;0;0;0;0;0;0;0;0;0;0;4.00;0;0;0;0;0;0;37.50;0;0;0;0;0;0;0;0;0;0;0;0;0;0;0;0;0;0;0;160.86;0;0;0;0;0;0;0;0;0;0;0;0;0;0;0;0;0;0;0;0;0;0;0;0;0;0;92.89;0;0;0;0;0;0;0;0;0;0;0;0;0;0;0;0;0;39.13;0;0;0;0;0;0;0;0;0;0;0;0;0;0;94.45;0;0;0;0;0;0;0;43.47;0;0;0;0;0;0;0;0;0;0;0;0;0;258.85;0;0;0;0;0
bhv5-miR-B8;0.00;bhv5-mir-B8;0.00;0;0;0;0;0;0;0;0;0;0;0;0;0;0;0;0;0;0;0;0;0;0;0;0;0;0;0;0;0;0;0;0;0;0;0;0;0;0;0;0;0;0;0;0;0;0;0;0;0;0;0;0;0;0;0;0;0;0;0;0;0;0;0;0;0;0;0;0;0;0;0;0;0;0;0;0;0;0;0;0;0;0;0;0;0;0;0;0;0;0;0;0;0;0;0;0;0;0;0;0;0;0;0;0;0;0;0;0;0;0;0;0;0;0;0;0;0;0;0;0;0;0;0;0;0;0;0;0;0;0;0;0;0;0;0;0;0;0;0;0;0;0;0;0;0;0;0;0;0;0;0;0;0;0;0;0;0;0;0;0;0;0;0;0;0;0;0;0;0;0;0;0;0;0;0;0;0;0;0;0;0;0;0;0;0;0;0;0;0;0;0;0;0;0;0;0;0;0;0;0;0;0;0;0;0;0;0;0;0;0;0;0;0;0;0;0;0;0
bkv-miR-B1-5p;392.00;bkv-mir-B1;392.00;0;22.00;10.00;0;0;28.00;0;0;0;0;8.00;0;0;0;0;1.00;0;1.00;0;0;0;1.00;2.00;0;0;0;0;14.00;0;0;14.00;77.00;0;0;0;0;0;1.00;18.00;0;0;0;1.00;18.00;0;0;0;0;0;2.00;0;0;31.00;0;0;7.00;0;0;0;0;0;0;0;0;0;1.00;0;0;0;3.00;0;0;0;2.00;0;5.00;27.00;0;0;21.00;1.00;0;67.00;0;0;0;2.00;2.00;0;0;0;0;0;0;0;1.00;0;0;0;0;4.00;0;0;0;0;0;0;0;0;0;825.08;272.21;0;0;1030.59;0;0;0;0;786.24;0;0;0;0;47.92;0;23.56;0;0;0;80.43;373.41;0;0;0;0;1868.16;0;0;465.97;1805.31;0;0;0;0;0;63.55;1142.42;0;0;0;122.56;870.62;0;0;0;0;0;112.63;0;0;1438.85;0;0;568.46;0;0;0;0;0;0;0;0;0;43.57;0;0;0;161.23;0;0;0;65.82;0;103.71;1231.70;0;0;823.24;157.08;0;2391.66;0;0;0;96.74;56.49;0;0;0;0;0;0;0;77.61;0;0;0;0;1380.74;0;0;0;0;0;0;0;0
bkv-miR-B1-3p;0.00;bkv-mir-B1;0.00;0;0;0;0;0;0;0;0;0;0;0;0;0;0;0;0;0;0;0;0;0;0;0;0;0;0;0;0;0;0;0;0;0;0;0;0;0;0;0;0;0;0;0;0;0;0;0;0;0;0;0;0;0;0;0;0;0;0;0;0;0;0;0;0;0;0;0;0;0;0;0;0;0;0;0;0;0;0;0;0;0;0;0;0;0;0;0;0;0;0;0;0;0;0;0;0;0;0;0;0;0;0;0;0;0;0;0;0;0;0;0;0;0;0;0;0;0;0;0;0;0;0;0;0;0;0;0;0;0;0;0;0;0;0;0;0;0;0;0;0;0;0;0;0;0;0;0;0;0;0;0;0;0;0;0;0;0;0;0;0;0;0;0;0;0;0;0;0;0;0;0;0;0;0;0;0;0;0;0;0;0;0;0;0;0;0;0;0;0;0;0;0;0;0;0;0;0;0;0;0;0;0;0;0;0;0;0;0;0;0;0;0;0;0;0;0;0;0
blv-miR-B1-5p;180.00;blv-mir-B1;180.00;0;1.00;1.00;0;0;0;0;0;0;76.00;0;0;0;0;0;48.00;0;0;0;0;0;0;1.00;0;0;0;0;0;1.00;0;0;0;0;0;0;0;0;0;0;0;0;0;0;0;0;1.00;0;0;0;0;0;0;0;2.00;0;0;0;0;0;0;0;0;0;0;0;0;0;0;0;0;0;0;0;0;0;0;0;0;0;0;0;0;0;0;0;0;0;0;0;0;0;0;0;0;0;0;0;0;49.00;0;0;0;0;0;0;0;0;0;0;0;37.50;27.22;0;0;0;0;0;0;1993.08;0;0;0;0;0;2300.28;0;0;0;0;0;0;186.71;0;0;0;0;0;58.58;0;0;0;0;0;0;0;0;0;0;0;0;0;0;0;0;27.99;0;0;0;0;0;0;0;51.17;0;0;0;0;0;0;0;0;0;0;0;0;0;0;0;0;0;0;0;0;0;0;0;0;0;0;0;0;0;0;0;0;0;0;0;0;0;0;0;0;0;0;0;0;2331.22;0;0;0;0;0;0;0;0;0;0
blv-miR-B1-3p;0.00;blv-mir-B1;0.00;0;0;0;0;0;0;0;0;0;0;0;0;0;0;0;0;0;0;0;0;0;0;0;0;0;0;0;0;0;0;0;0;0;0;0;0;0;0;0;0;0;0;0;0;0;0;0;0;0;0;0;0;0;0;0;0;0;0;0;0;0;0;0;0;0;0;0;0;0;0;0;0;0;0;0;0;0;0;0;0;0;0;0;0;0;0;0;0;0;0;0;0;0;0;0;0;0;0;0;0;0;0;0;0;0;0;0;0;0;0;0;0;0;0;0;0;0;0;0;0;0;0;0;0;0;0;0;0;0;0;0;0;0;0;0;0;0;0;0;0;0;0;0;0;0;0;0;0;0;0;0;0;0;0;0;0;0;0;0;0;0;0;0;0;0;0;0;0;0;0;0;0;0;0;0;0;0;0;0;0;0;0;0;0;0;0;0;0;0;0;0;0;0;0;0;0;0;0;0;0;0;0;0;0;0;0;0;0;0;0;0;0;0;0;0;0;0;0
blv-miR-B2-5p;714.00;blv-mir-B2;714.00;0;0;4.00;0;0;22.00;0;0;0;0;0;0;0;1.00;0;6.00;2.00;97.00;0;0;0;1.00;0;0;69.00;0;0;0;0;0;1.00;0;0;89.00;0;0;135.00;0;2.00;0;0;0;0;21.00;2.00;1.00;0;11.00;0;0;1.00;0;0;0;1.00;0;0;0;0;0;0;0;0;1.00;0;0;114.00;0;17.00;0;1.00;17.00;0;0;0;0;20.00;0;0;0;0;1.00;0;0;0;0;0;4.00;0;0;1.00;6.00;1.00;0;0;0;58.00;0;0;0;2.00;3.00;0;1.00;1.00;0;0;0;0;0;0;108.89;0;0;809.75;0;0;0;0;0;0;0;39.45;0;287.54;74.40;2285.42;0;0;0;80.43;0;0;3774.82;0;0;0;0;0;33.28;0;0;3236.60;0;0;5503.02;0;126.94;0;0;0;0;1015.72;97.36;27.99;0;716.24;0;0;134.28;0;0;0;28.05;0;0;0;0;0;0;0;0;28.39;0;0;4461.14;0;658.89;0;32.96;617.96;0;0;0;0;912.37;0;0;0;0;23.61;0;0;0;0;0;112.98;0;0;70.29;330.51;19.34;0;0;0;4746.71;0;0;0;690.37;125.93;0;64.71;18.21;0;0;0;0
blv-miR-B2-3p;1.00;blv-mir-B2;1.00;0;0;0;0;0;0;0;0;0;0;0;0;0;0;0;0;0;0;0;0;0;0;0;0;0;0;0;0;0;0;0;0;0;0;0;0;1.00;0;0;0;0;0;0;0;0;0;0;0;0;0;0;0;0;0;0;0;0;0;0;0;0;0;0;0;0;0;0;0;0;0;0;0;0;0;0;0;0;0;0;0;0;0;0;0;0;0;0;0;0;0;0;0;0;0;0;0;0;0;0;0;0;0;0;0;0;0;0;0;0;0;0;0;0;0;0;0;0;0;0;0;0;0;0;0;0;0;0;0;0;0;0;0;0;0;0;0;0;0;0;0;0;0;0;0;0;40.76;0;0;0;0;0;0;0;0;0;0;0;0;0;0;0;0;0;0;0;0;0;0;0;0;0;0;0;0;0;0;0;0;0;0;0;0;0;0;0;0;0;0;0;0;0;0;0;0;0;0;0;0;0;0;0;0;0;0;0;0;0;0;0;0;0;0;0;0;0;0;0;0
blv-miR-B3-5p;11.00;blv-mir-B3;11.00;0;0;0;0;0;0;0;0;0;0;0;0;0;0;0;0;0;0;0;0;0;0;0;0;0;0;0;0;0;0;0;0;0;0;0;0;0;0;0;0;0;0;0;0;0;0;0;0;0;0;0;0;0;0;0;0;0;0;0;0;0;0;0;0;0;0;0;0;1.00;0;0;0;0;0;0;0;0;0;0;0;0;0;0;0;0;0;9.00;0;0;0;0;0;0;0;0;0;0;0;0;0;0;1.00;0;0;0;0;0;0;0;0;0;0;0;0;0;0;0;0;0;0;0;0;0;0;0;0;0;0;0;0;0;0;0;0;0;0;0;0;0;0;0;0;0;0;0;0;0;0;0;0;0;0;0;0;0;0;0;0;0;0;0;0;0;0;0;0;0;0;0;0;0;0;0;0;0;0;0;38.76;0;0;0;0;0;0;0;0;0;0;0;0;0;0;0;0;0;435.35;0;0;0;0;0;0;0;0;0;0;0;0;0;0;41.98;0;0;0;0;0;0;0
blv-miR-B3-3p;108.00;blv-mir-B3;108.00;0;1.00;0;0;0;0;0;0;0;0;0;0;0;0;0;0;0;0;0;0;0;0;0;0;0;58.00;0;0;0;0;0;0;0;0;0;0;0;0;0;0;0;0;0;0;0;0;0;0;0;0;0;0;0;0;1.00;0;0;0;0;2.00;0;0;0;0;0;0;0;0;0;0;0;40.00;0;0;0;0;0;0;0;0;0;0;0;0;0;0;0;0;0;0;0;2.00;0;0;0;0;0;0;0;0;0;0;0;4.00;0;0;0;0;0;0;37.50;0;0;0;0;0;0;0;0;0;0;0;0;0;0;0;0;0;0;0;0;0;0;0;4266.90;0;0;0;0;0;0;0;0;0;0;0;0;0;0;0;0;0;0;0;0;0;0;0;0;0;0;0;0;28.05;0;0;0;0;79.65;0;0;0;0;0;0;0;0;0;0;0;1454.02;0;0;0;0;0;0;0;0;0;0;0;0;0;0;0;0;0;0;0;110.17;0;0;0;0;0;0;0;0;0;0;0;258.85;0;0;0;0;0
blv-miR-B4-5p;6485.00;blv-mir-B4;6485.00;0;129.00;159.00;0;0;37.00;1.00;22.00;96.00;1.00;24.00;0;0;112.00;1.00;156.00;2.00;0;106.00;0;0;41.00;0;0;2.00;52.00;32.00;17.00;155.00;30.00;259.00;202.00;23.00;0;159.00;0;0;0;0;0;9.00;117.00;0;164.00;0;40.00;17.00;39.00;8.00;7.00;161.00;104.00;80.00;47.00;578.00;14.00;32.00;0;1.00;50.00;1.00;1.00;0;125.00;0;164.00;51.00;58.00;12.00;64.00;1.00;330.00;67.00;1.00;91.00;570.00;36.00;0;354.00;61.00;0;0;205.00;36.00;194.00;0;150.00;68.00;0;36.00;0;25.00;5.00;2.00;0;27.00;0;21.00;91.00;244.00;0;0;9.00;9.00;61.00;27.00;0;1.00;1.00;0;4837.98;4328.18;0;0;1361.85;91.56;1861.41;4630.75;26.22;2358.72;0;0;4417.97;128.01;7475.92;74.40;0;6146.35;0;0;3297.68;0;0;109.42;3825.50;1516.08;2268.48;9079.19;1357.34;8620.40;4736.00;1592.14;0;7000.70;0;0;0;0;0;266.59;7286.09;0;7932.29;0;1119.60;456.30;2539.39;743.15;394.19;21619.44;6780.55;3713.16;1202.57;16210.46;1136.92;6171.65;0;59.98;1991.16;43.93;75.64;0;3548.31;0;7146.28;1995.77;3967.17;465.10;3439.57;32.96;11995.64;4284.98;32.91;2354.04;11822.78;1642.26;0;23885.03;2391.31;0;0;7317.77;1800.99;6795.10;0;7255.84;1920.58;0;782.40;0;1377.11;96.72;99.56;0;2095.46;0;722.34;4329.42;128083.99;0;0;144.69;582.41;1110.63;554.54;0;610.50;894.45
blv-miR-B4-3p;55.00;blv-mir-B4;55.00;0;0;0;0;0;0;0;0;0;0;0;0;0;0;0;0;0;0;0;0;0;0;0;0;0;0;0;0;0;0;55.00;0;0;0;0;0;0;0;0;0;0;0;0;0;0;0;0;0;0;0;0;0;0;0;0;0;0;0;0;0;0;0;0;0;0;0;0;0;0;0;0;0;0;0;0;0;0;0;0;0;0;0;0;0;0;0;0;0;0;0;0;0;0;0;0;0;0;0;0;0;0;0;0;0;0;0;0;0;0;0;0;0;0;0;0;0;0;0;0;0;0;0;0;0;0;0;0;0;0;0;0;0;0;0;0;0;0;0;0;1830.59;0;0;0;0;0;0;0;0;0;0;0;0;0;0;0;0;0;0;0;0;0;0;0;0;0;0;0;0;0;0;0;0;0;0;0;0;0;0;0;0;0;0;0;0;0;0;0;0;0;0;0;0;0;0;0;0;0;0;0;0;0;0;0;0;0;0;0;0;0;0;0;0;0;0;0;0;0;0
blv-miR-B5-5p;447.00;blv-mir-B5;447.00;0;0;0;0;0;0;0;0;0;0;0;0;0;0;0;1.00;0;0;0;23.00;0;0;115.00;0;0;0;0;0;0;1.00;13.00;0;0;0;24.00;27.00;1.00;2.00;1.00;6.00;0;0;0;0;88.00;0;8.00;0;0;0;0;0;24.00;0;35.00;0;0;0;0;6.00;0;0;0;0;0;0;0;1.00;1.00;0;0;0;0;0;0;16.00;2.00;1.00;0;0;2.00;0;1.00;0;0;0;2.00;0;0;0;0;0;0;0;0;0;0;0;43.00;0;0;0;0;0;0;0;3.00;0;0;0;0;0;0;0;0;0;0;0;0;0;0;0;0;0;47.92;0;0;0;6079.83;0;0;21471.25;0;0;0;0;0;0;45.24;432.68;0;0;0;1056.71;1127.73;40.76;127.10;63.47;912.55;0;0;0;0;4283.70;0;214.73;0;0;0;0;0;1113.95;0;981.60;0;0;0;0;238.94;0;0;0;0;0;0;0;68.40;38.76;0;0;0;0;0;0;331.87;91.24;30.04;0;0;314.17;0;35.70;0;0;0;96.74;0;0;0;0;0;0;0;0;0;0;0;2045.77;0;0;0;0;0;0;0;323.10;0;0
blv-miR-B5-3p;0.00;blv-mir-B5;0.00;0;0;0;0;0;0;0;0;0;0;0;0;0;0;0;0;0;0;0;0;0;0;0;0;0;0;0;0;0;0;0;0;0;0;0;0;0;0;0;0;0;0;0;0;0;0;0;0;0;0;0;0;0;0;0;0;0;0;0;0;0;0;0;0;0;0;0;0;0;0;0;0;0;0;0;0;0;0;0;0;0;0;0;0;0;0;0;0;0;0;0;0;0;0;0;0;0;0;0;0;0;0;0;0;0;0;0;0;0;0;0;0;0;0;0;0;0;0;0;0;0;0;0;0;0;0;0;0;0;0;0;0;0;0;0;0;0;0;0;0;0;0;0;0;0;0;0;0;0;0;0;0;0;0;0;0;0;0;0;0;0;0;0;0;0;0;0;0;0;0;0;0;0;0;0;0;0;0;0;0;0;0;0;0;0;0;0;0;0;0;0;0;0;0;0;0;0;0;0;0;0;0;0;0;0;0;0;0;0;0;0;0;0;0;0;0;0;0
bmnpv-miR-1;0.00;bmnpv-miR-1;0.00;0;0;0;0;0;0;0;0;0;0;0;0;0;0;0;0;0;0;0;0;0;0;0;0;0;0;0;0;0;0;0;0;0;0;0;0;0;0;0;0;0;0;0;0;0;0;0;0;0;0;0;0;0;0;0;0;0;0;0;0;0;0;0;0;0;0;0;0;0;0;0;0;0;0;0;0;0;0;0;0;0;0;0;0;0;0;0;0;0;0;0;0;0;0;0;0;0;0;0;0;0;0;0;0;0;0;0;0;0;0;0;0;0;0;0;0;0;0;0;0;0;0;0;0;0;0;0;0;0;0;0;0;0;0;0;0;0;0;0;0;0;0;0;0;0;0;0;0;0;0;0;0;0;0;0;0;0;0;0;0;0;0;0;0;0;0;0;0;0;0;0;0;0;0;0;0;0;0;0;0;0;0;0;0;0;0;0;0;0;0;0;0;0;0;0;0;0;0;0;0;0;0;0;0;0;0;0;0;0;0;0;0;0;0;0;0;0;0
bmnpv-miR-2;1.00;bmnpv-miR-2;1.00;0;0;0;0;0;0;0;0;0;0;0;0;0;0;0;0;0;0;0;0;0;0;0;0;0;0;0;0;0;0;0;0;0;0;0;0;0;0;0;0;0;0;0;0;0;0;0;0;0;0;0;0;0;0;0;0;0;0;0;0;0;0;0;0;0;0;0;0;0;0;0;0;0;0;0;0;0;0;0;0;0;0;0;0;1.00;0;0;0;0;0;0;0;0;0;0;0;0;0;0;0;0;0;0;0;0;0;0;0;0;0;0;0;0;0;0;0;0;0;0;0;0;0;0;0;0;0;0;0;0;0;0;0;0;0;0;0;0;0;0;0;0;0;0;0;0;0;0;0;0;0;0;0;0;0;0;0;0;0;0;0;0;0;0;0;0;0;0;0;0;0;0;0;0;0;0;0;0;0;0;0;0;0;0;0;0;0;0;0;0;0;0;0;0;35.03;0;0;0;0;0;0;0;0;0;0;0;0;0;0;0;0;0;0;0;0;0;0;0;0
bmnpv-miR-3;0.00;bmnpv-miR-3;0.00;0;0;0;0;0;0;0;0;0;0;0;0;0;0;0;0;0;0;0;0;0;0;0;0;0;0;0;0;0;0;0;0;0;0;0;0;0;0;0;0;0;0;0;0;0;0;0;0;0;0;0;0;0;0;0;0;0;0;0;0;0;0;0;0;0;0;0;0;0;0;0;0;0;0;0;0;0;0;0;0;0;0;0;0;0;0;0;0;0;0;0;0;0;0;0;0;0;0;0;0;0;0;0;0;0;0;0;0;0;0;0;0;0;0;0;0;0;0;0;0;0;0;0;0;0;0;0;0;0;0;0;0;0;0;0;0;0;0;0;0;0;0;0;0;0;0;0;0;0;0;0;0;0;0;0;0;0;0;0;0;0;0;0;0;0;0;0;0;0;0;0;0;0;0;0;0;0;0;0;0;0;0;0;0;0;0;0;0;0;0;0;0;0;0;0;0;0;0;0;0;0;0;0;0;0;0;0;0;0;0;0;0;0;0;0;0;0;0
bmnpv-miR-4;165.00;bmnpv-miR-4;165.00;0;0;0;0;0;0;0;0;0;0;0;0;0;1.00;0;0;0;0;0;0;0;0;0;0;0;15.00;0;8.00;0;0;1.00;0;0;0;0;0;0;0;0;0;3.00;0;0;0;0;0;0;0;0;0;0;0;0;0;0;0;0;0;0;0;0;23.00;0;0;0;0;0;0;29.00;0;0;0;0;0;0;39.00;0;0;0;0;0;0;0;0;0;0;0;0;0;0;0;0;0;0;0;0;0;0;45.00;0;0;0;0;1.00;0;0;0;0;0;0;0;0;0;0;0;0;0;0;0;0;0;0;39.45;0;0;0;0;0;0;0;0;0;0;0;1103.51;0;1067.52;0;0;33.28;0;0;0;0;0;0;0;0;0;88.86;0;0;0;0;0;0;0;0;0;0;0;0;0;0;0;0;0;0;0;0;1739.79;0;0;0;0;0;0;1123.99;0;0;0;0;0;0;808.93;0;0;0;0;0;0;0;0;0;0;0;0;0;0;0;0;0;0;0;0;0;0;2140.92;0;0;0;0;64.71;0;0;0;0;0
bmnpv-miR-5;1.00;bmnpv-miR-5;1.00;0;0;0;0;0;0;0;0;0;0;0;0;0;0;0;0;0;0;0;0;0;0;0;0;0;0;0;0;0;0;0;0;0;0;0;0;0;0;0;0;0;0;0;0;0;0;0;0;0;0;0;0;0;0;0;0;0;0;1.00;0;0;0;0;0;0;0;0;0;0;0;0;0;0;0;0;0;0;0;0;0;0;0;0;0;0;0;0;0;0;0;0;0;0;0;0;0;0;0;0;0;0;0;0;0;0;0;0;0;0;0;0;0;0;0;0;0;0;0;0;0;0;0;0;0;0;0;0;0;0;0;0;0;0;0;0;0;0;0;0;0;0;0;0;0;0;0;0;0;0;0;0;0;0;0;0;0;0;0;0;0;0;0;0;0;0;0;0;59.98;0;0;0;0;0;0;0;0;0;0;0;0;0;0;0;0;0;0;0;0;0;0;0;0;0;0;0;0;0;0;0;0;0;0;0;0;0;0;0;0;0;0;0;0;0;0;0;0;0;0
bpcv1-miR-B1;1.00;bpcv1-mir-B1;1.00;0;0;0;0;0;0;0;0;0;0;0;0;0;0;0;0;0;0;0;0;0;0;0;0;0;0;0;0;0;0;0;0;0;0;0;0;0;0;0;0;0;0;0;0;0;0;0;0;0;0;0;0;0;0;0;1.00;0;0;0;0;0;0;0;0;0;0;0;0;0;0;0;0;0;0;0;0;0;0;0;0;0;0;0;0;0;0;0;0;0;0;0;0;0;0;0;0;0;0;0;0;0;0;0;0;0;0;0;0;0;0;0;0;0;0;0;0;0;0;0;0;0;0;0;0;0;0;0;0;0;0;0;0;0;0;0;0;0;0;0;0;0;0;0;0;0;0;0;0;0;0;0;0;0;0;0;0;0;0;0;0;0;0;0;0;81.21;0;0;0;0;0;0;0;0;0;0;0;0;0;0;0;0;0;0;0;0;0;0;0;0;0;0;0;0;0;0;0;0;0;0;0;0;0;0;0;0;0;0;0;0;0;0;0;0;0;0;0;0;0
bpcv2-miR-B1;1.00;bpcv2-mir-B1;1.00;0;0;0;0;0;0;0;0;0;0;0;0;0;0;0;0;0;0;0;0;0;0;0;0;0;0;0;0;0;0;0;0;0;0;0;0;0;0;0;0;0;0;0;0;0;0;0;0;0;0;0;0;0;0;0;1.00;0;0;0;0;0;0;0;0;0;0;0;0;0;0;0;0;0;0;0;0;0;0;0;0;0;0;0;0;0;0;0;0;0;0;0;0;0;0;0;0;0;0;0;0;0;0;0;0;0;0;0;0;0;0;0;0;0;0;0;0;0;0;0;0;0;0;0;0;0;0;0;0;0;0;0;0;0;0;0;0;0;0;0;0;0;0;0;0;0;0;0;0;0;0;0;0;0;0;0;0;0;0;0;0;0;0;0;0;81.21;0;0;0;0;0;0;0;0;0;0;0;0;0;0;0;0;0;0;0;0;0;0;0;0;0;0;0;0;0;0;0;0;0;0;0;0;0;0;0;0;0;0;0;0;0;0;0;0;0;0;0;0;0
dev-miR-D1-5p;186.00;dev-mir-D1;186.00;0;0;11.00;0;0;1.00;0;0;0;3.00;0;0;0;0;0;35.00;2.00;0;1.00;0;0;0;0;0;19.00;0;0;0;0;0;7.00;0;0;0;31.00;0;0;0;0;0;0;0;1.00;2.00;0;1.00;0;0;0;3.00;0;2.00;0;0;3.00;0;0;0;0;0;0;0;0;0;1.00;0;0;0;2.00;0;0;0;1.00;0;0;9.00;0;0;0;0;0;0;0;0;4.00;0;1.00;2.00;0;0;0;0;0;0;8.00;1.00;0;0;0;0;9.00;1.00;1.00;0;0;24.00;0;0;0;0;0;299.43;0;0;36.81;0;0;0;78.67;0;0;0;0;0;1677.29;74.40;0;57.98;0;0;0;0;0;1039.44;0;0;0;0;0;232.98;0;0;0;1364.92;0;0;0;0;0;0;0;122.56;96.74;0;27.99;0;0;0;168.94;0;130.40;0;0;84.14;0;0;0;0;0;0;0;0;0;106.07;0;0;0;77.52;0;0;0;63.95;0;0;186.68;0;0;0;0;0;0;0;0;140.11;0;48.37;56.49;0;0;0;0;0;0;7359.71;77.61;0;0;0;0;3106.66;41.98;16.08;0;0;492.92;0;0;0
dev-miR-D1-3p;0.00;dev-mir-D1;0.00;0;0;0;0;0;0;0;0;0;0;0;0;0;0;0;0;0;0;0;0;0;0;0;0;0;0;0;0;0;0;0;0;0;0;0;0;0;0;0;0;0;0;0;0;0;0;0;0;0;0;0;0;0;0;0;0;0;0;0;0;0;0;0;0;0;0;0;0;0;0;0;0;0;0;0;0;0;0;0;0;0;0;0;0;0;0;0;0;0;0;0;0;0;0;0;0;0;0;0;0;0;0;0;0;0;0;0;0;0;0;0;0;0;0;0;0;0;0;0;0;0;0;0;0;0;0;0;0;0;0;0;0;0;0;0;0;0;0;0;0;0;0;0;0;0;0;0;0;0;0;0;0;0;0;0;0;0;0;0;0;0;0;0;0;0;0;0;0;0;0;0;0;0;0;0;0;0;0;0;0;0;0;0;0;0;0;0;0;0;0;0;0;0;0;0;0;0;0;0;0;0;0;0;0;0;0;0;0;0;0;0;0;0;0;0;0;0;0
dev-miR-D10-3p;12.00;dev-mir-D10;12.00;0;0;0;0;0;0;0;0;0;0;0;0;0;0;0;0;0;0;0;0;0;0;0;0;0;0;0;0;0;0;0;0;0;0;0;0;0;0;0;0;0;0;0;0;0;0;0;0;0;0;0;0;0;0;0;0;0;0;0;0;0;0;0;0;0;0;0;0;0;0;0;0;0;0;0;0;0;0;0;0;0;0;0;0;0;0;0;0;0;0;0;0;12.00;0;0;0;0;0;0;0;0;0;0;0;0;0;0;0;0;0;0;0;0;0;0;0;0;0;0;0;0;0;0;0;0;0;0;0;0;0;0;0;0;0;0;0;0;0;0;0;0;0;0;0;0;0;0;0;0;0;0;0;0;0;0;0;0;0;0;0;0;0;0;0;0;0;0;0;0;0;0;0;0;0;0;0;0;0;0;0;0;0;0;0;0;0;0;0;0;0;0;0;0;0;0;0;0;0;0;0;0;232.12;0;0;0;0;0;0;0;0;0;0;0;0;0;0;0;0
dev-miR-D11-3p;1.00;dev-mir-D11;1.00;0;0;0;0;0;0;0;0;0;0;0;0;0;0;0;0;0;0;0;0;0;0;0;0;0;0;0;0;0;0;0;0;0;0;0;0;0;0;0;0;0;0;0;1.00;0;0;0;0;0;0;0;0;0;0;0;0;0;0;0;0;0;0;0;0;0;0;0;0;0;0;0;0;0;0;0;0;0;0;0;0;0;0;0;0;0;0;0;0;0;0;0;0;0;0;0;0;0;0;0;0;0;0;0;0;0;0;0;0;0;0;0;0;0;0;0;0;0;0;0;0;0;0;0;0;0;0;0;0;0;0;0;0;0;0;0;0;0;0;0;0;0;0;0;0;0;0;0;0;0;0;0;0;48.37;0;0;0;0;0;0;0;0;0;0;0;0;0;0;0;0;0;0;0;0;0;0;0;0;0;0;0;0;0;0;0;0;0;0;0;0;0;0;0;0;0;0;0;0;0;0;0;0;0;0;0;0;0;0;0;0;0;0;0;0;0;0;0;0;0
dev-miR-D12-5p;14.00;dev-mir-D12;14.00;0;0;1.00;0;0;0;0;0;0;0;5.00;0;0;5.00;0;0;0;0;0;0;0;0;0;0;0;0;0;0;0;0;0;0;0;0;0;0;0;0;0;0;0;0;0;0;0;0;0;0;0;0;0;0;0;0;0;0;0;0;0;0;0;0;0;0;0;0;0;0;0;0;0;0;0;0;0;2.00;0;0;0;0;0;0;0;0;0;0;0;0;0;0;0;0;0;0;0;0;0;0;0;0;0;0;0;0;1.00;0;0;0;0;0;0;27.22;0;0;0;0;0;0;0;491.40;0;0;197.23;0;0;0;0;0;0;0;0;0;0;0;0;0;0;0;0;0;0;0;0;0;0;0;0;0;0;0;0;0;0;0;0;0;0;0;0;0;0;0;0;0;0;0;0;0;0;0;0;0;0;0;0;0;0;0;0;0;0;0;0;0;41.48;0;0;0;0;0;0;0;0;0;0;0;0;0;0;0;0;0;0;0;0;0;0;0;0;0;0;0;0;18.21;0;0;0;0
dev-miR-D12-3p;6.00;dev-mir-D12;6.00;0;0;0;0;1.00;0;0;0;0;0;0;0;0;0;0;0;0;1.00;0;0;0;0;0;0;0;0;0;0;0;0;0;0;0;1.00;0;0;0;0;0;0;0;0;0;0;0;0;0;0;0;0;0;0;0;0;0;0;0;0;0;0;0;0;0;0;0;0;0;0;0;0;0;0;0;0;0;0;0;0;0;2.00;0;0;0;0;0;0;0;0;0;0;0;0;0;0;0;0;0;0;0;0;0;0;0;0;0;0;1.00;0;0;0;0;0;0;51.04;0;0;0;0;0;0;0;0;0;0;0;0;23.56;0;0;0;0;0;0;0;0;0;0;0;0;0;0;0;36.37;0;0;0;0;0;0;0;0;0;0;0;0;0;0;0;0;0;0;0;0;0;0;0;0;0;0;0;0;0;0;0;0;0;0;0;0;0;0;0;0;0;0;0;0;0;78.40;0;0;0;0;0;0;0;0;0;0;0;0;0;0;0;0;0;0;0;0;0;0;0;0;0;0;107.70;0;0
dev-miR-D13-5p;522.00;dev-mir-D13;522.00;0;0;0;0;0;0;0;0;1.00;0;0;0;0;9.00;0;0;0;0;0;0;0;0;0;0;0;0;0;0;0;0;0;0;0;0;0;0;42.00;0;191.00;0;12.00;0;0;0;0;0;0;0;0;0;0;0;0;5.00;0;0;0;0;0;0;2.00;0;0;0;0;0;0;0;0;0;0;0;0;3.00;0;0;0;0;0;0;0;0;0;0;1.00;0;0;0;0;1.00;220.00;0;0;0;0;0;0;0;33.00;0;0;2.00;0;0;0;0;0;0;0;0;0;0;0;0;0;0;0;48.24;0;0;0;0;355.02;0;0;0;0;0;0;0;0;0;0;0;0;0;0;0;0;0;0;0;0;0;0;1712.05;0;12122.37;0;355.45;0;0;0;0;0;0;0;0;0;0;0;0;127.93;0;0;0;0;0;0;87.85;0;0;0;0;0;0;0;0;0;0;0;0;98.72;0;0;0;0;0;0;0;0;0;0;35.03;0;0;0;0;21.73;15464.64;0;0;0;0;0;0;0;1570.01;0;0;83.96;0;0;0;0;0;0;0
dev-miR-D14-3p;18.00;dev-mir-D14;18.00;0;0;0;0;0;0;0;0;0;0;0;0;0;0;0;0;11.00;0;0;0;0;0;2.00;0;0;0;0;0;0;0;0;0;0;0;0;0;0;0;1.00;0;0;0;0;0;0;0;0;0;0;0;0;0;0;0;0;0;2.00;0;0;0;0;0;0;0;0;0;0;0;0;0;0;0;0;0;0;0;0;0;0;0;0;1.00;0;0;0;0;1.00;0;0;0;0;0;0;0;0;0;0;0;0;0;0;0;0;0;0;0;0;0;0;0;0;0;0;0;0;0;0;0;0;0;0;0;0;0;0;409.20;0;0;0;0;0;373.41;0;0;0;0;0;0;0;0;0;0;0;0;0;0;0;63.47;0;0;0;0;0;0;0;0;0;0;0;0;0;0;0;0;0;385.73;0;0;0;0;0;0;0;0;0;0;0;0;0;0;0;0;0;0;0;0;0;0;0;0;23.61;0;0;0;0;48.37;0;0;0;0;0;0;0;0;0;0;0;0;0;0;0;0;0;0;0;0;0;0
dev-miR-D15-3p;2.00;dev-mir-D15;2.00;0;0;0;0;0;1.00;0;0;0;0;0;0;0;0;0;0;0;0;0;0;0;0;0;0;0;0;0;0;0;0;0;0;1.00;0;0;0;0;0;0;0;0;0;0;0;0;0;0;0;0;0;0;0;0;0;0;0;0;0;0;0;0;0;0;0;0;0;0;0;0;0;0;0;0;0;0;0;0;0;0;0;0;0;0;0;0;0;0;0;0;0;0;0;0;0;0;0;0;0;0;0;0;0;0;0;0;0;0;0;0;0;0;0;0;0;36.81;0;0;0;0;0;0;0;0;0;0;0;0;0;0;0;0;0;0;0;0;0;0;0;0;0;0;69.22;0;0;0;0;0;0;0;0;0;0;0;0;0;0;0;0;0;0;0;0;0;0;0;0;0;0;0;0;0;0;0;0;0;0;0;0;0;0;0;0;0;0;0;0;0;0;0;0;0;0;0;0;0;0;0;0;0;0;0;0;0;0;0;0;0;0;0;0;0;0;0;0;0;0;0;0
dev-miR-D16-3p;4.00;dev-mir-D16;4.00;0;0;0;0;0;0;0;0;0;0;0;0;0;0;0;0;0;1.00;0;0;0;0;0;0;0;0;0;0;0;0;0;0;0;0;0;0;0;0;0;0;0;0;0;0;0;0;0;0;0;0;0;0;0;0;0;0;0;0;0;0;0;0;0;0;0;0;0;0;0;0;0;0;0;0;0;0;0;0;0;0;0;0;0;0;2.00;0;1.00;0;0;0;0;0;0;0;0;0;0;0;0;0;0;0;0;0;0;0;0;0;0;0;0;0;0;0;0;0;0;0;0;0;0;0;0;0;0;0;23.56;0;0;0;0;0;0;0;0;0;0;0;0;0;0;0;0;0;0;0;0;0;0;0;0;0;0;0;0;0;0;0;0;0;0;0;0;0;0;0;0;0;0;0;0;0;0;0;0;0;0;0;0;0;0;0;0;0;0;0;0;0;0;0;0;0;0;70.05;0;48.37;0;0;0;0;0;0;0;0;0;0;0;0;0;0;0;0;0;0;0;0;0;0
dev-miR-D17-5p;648.00;dev-mir-D17;648.00;0;0;0;0;0;0;0;0;1.00;1.00;0;0;0;0;0;0;0;0;0;0;0;1.00;391.00;76.00;102.00;0;0;0;0;0;0;0;0;0;0;0;0;0;29.00;0;0;0;0;32.00;0;0;0;0;0;0;0;0;0;0;0;0;7.00;0;0;0;0;0;0;0;0;0;0;0;0;0;0;1.00;0;0;0;0;0;0;1.00;1.00;0;0;0;0;0;0;0;0;0;0;3.00;0;0;0;0;1.00;0;0;0;0;0;0;0;0;1.00;0;0;0;0;0;0;0;0;0;0;0;0;48.24;26.22;0;0;0;0;0;0;0;0;0;0;0;80.43;73002.24;10118.49;5580.17;0;0;0;0;0;0;0;0;0;0;0;0;0;1840.57;0;0;0;0;1547.76;0;0;0;0;0;0;0;0;0;0;0;0;1350.05;0;0;0;0;0;0;0;0;0;0;0;0;0;0;36.35;0;0;0;0;0;0;67.47;39.20;0;0;0;0;0;0;0;0;0;0;210.88;0;0;0;0;77.61;0;0;0;0;0;0;0;0;18.21;0;0;0;0
dev-miR-D17-3p;0.00;dev-mir-D17;0.00;0;0;0;0;0;0;0;0;0;0;0;0;0;0;0;0;0;0;0;0;0;0;0;0;0;0;0;0;0;0;0;0;0;0;0;0;0;0;0;0;0;0;0;0;0;0;0;0;0;0;0;0;0;0;0;0;0;0;0;0;0;0;0;0;0;0;0;0;0;0;0;0;0;0;0;0;0;0;0;0;0;0;0;0;0;0;0;0;0;0;0;0;0;0;0;0;0;0;0;0;0;0;0;0;0;0;0;0;0;0;0;0;0;0;0;0;0;0;0;0;0;0;0;0;0;0;0;0;0;0;0;0;0;0;0;0;0;0;0;0;0;0;0;0;0;0;0;0;0;0;0;0;0;0;0;0;0;0;0;0;0;0;0;0;0;0;0;0;0;0;0;0;0;0;0;0;0;0;0;0;0;0;0;0;0;0;0;0;0;0;0;0;0;0;0;0;0;0;0;0;0;0;0;0;0;0;0;0;0;0;0;0;0;0;0;0;0;0
dev-miR-D18-5p;2846.00;dev-mir-D18;2846.00;12.00;58.00;38.00;0;0;8.00;145.00;1.00;1.00;104.00;0;0;0;0;1.00;3.00;0;2.00;2.00;1.00;0;23.00;0;0;63.00;1.00;23.00;15.00;76.00;21.00;51.00;0;16.00;0;46.00;2.00;136.00;0;4.00;57.00;1.00;0;10.00;13.00;4.00;55.00;20.00;31.00;2.00;16.00;3.00;67.00;133.00;1.00;80.00;0;12.00;10.00;0;0;0;4.00;226.00;0;5.00;59.00;49.00;37.00;36.00;30.00;0;89.00;13.00;0;0;127.00;26.00;0;1.00;95.00;119.00;62.00;6.00;2.00;148.00;0;31.00;4.00;0;2.00;1.00;0;114.00;1.00;0;2.00;0;1.00;118.00;0;0;5.00;62.00;3.00;0;0;0;0;0;360.07;2175.22;1034.41;0;0;294.45;13275.96;84.61;48.24;2727.37;0;0;0;0;128.01;143.77;0;47.12;115.97;264.34;0;1849.92;0;0;3446.58;73.57;1089.69;2001.60;4451.73;950.14;1697.45;0;1107.57;0;2025.36;83.54;5543.78;0;253.87;8669.20;29.62;0;1225.64;628.78;194.71;1539.45;536.83;2018.49;185.79;901.00;402.85;4368.24;6173.13;25.59;2243.66;0;2314.37;23640.66;0;0;0;302.57;10765.49;0;530.34;2570.92;1917.51;2530.78;1395.29;1612.30;0;3235.19;831.41;0;0;2634.20;1186.08;0;67.47;3724.18;18693.06;1463.99;214.18;100.06;5183.89;0;1499.54;112.98;0;43.47;70.29;0;2205.11;49.78;0;155.22;0;34.40;5613.97;0;0;209.89;996.77;194.14;0;0;0;0;0
dev-miR-D18-3p;2.00;dev-mir-D18;2.00;0;0;0;0;0;0;0;0;0;0;0;0;0;0;0;0;0;0;0;0;0;0;0;0;0;0;0;0;0;0;0;0;0;0;0;0;0;0;0;0;0;0;0;0;0;0;0;0;0;0;0;0;0;0;0;0;0;0;0;0;0;0;0;0;0;0;0;0;0;0;0;0;0;0;0;0;0;0;2.00;0;0;0;0;0;0;0;0;0;0;0;0;0;0;0;0;0;0;0;0;0;0;0;0;0;0;0;0;0;0;0;0;0;0;0;0;0;0;0;0;0;0;0;0;0;0;0;0;0;0;0;0;0;0;0;0;0;0;0;0;0;0;0;0;0;0;0;0;0;0;0;0;0;0;0;0;0;0;0;0;0;0;0;0;0;0;0;0;0;0;0;0;0;0;0;0;0;0;0;0;0;0;0;0;0;0;0;0;134.94;0;0;0;0;0;0;0;0;0;0;0;0;0;0;0;0;0;0;0;0;0;0;0;0;0;0;0;0;0;0
dev-miR-D19-5p;11.00;dev-mir-D19;11.00;0;0;0;0;0;1.00;0;0;0;0;0;0;0;0;0;0;0;4.00;0;0;0;0;0;0;0;0;0;0;0;0;0;0;0;0;0;0;0;0;0;0;0;0;0;0;5.00;0;0;0;0;0;0;0;0;0;0;0;0;0;0;0;0;0;0;0;0;0;0;0;0;0;0;0;1.00;0;0;0;0;0;0;0;0;0;0;0;0;0;0;0;0;0;0;0;0;0;0;0;0;0;0;0;0;0;0;0;0;0;0;0;0;0;0;0;0;0;36.81;0;0;0;0;0;0;0;0;0;0;0;94.24;0;0;0;0;0;0;0;0;0;0;0;0;0;0;0;0;0;0;0;0;0;0;0;0;0;0;243.39;0;0;0;0;0;0;0;0;0;0;0;0;0;0;0;0;0;0;0;0;0;0;0;0;0;0;0;63.95;0;0;0;0;0;0;0;0;0;0;0;0;0;0;0;0;0;0;0;0;0;0;0;0;0;0;0;0;0;0;0;0;0;0;0;0
dev-miR-D2-3p;12.00;dev-mir-D2;12.00;0;0;0;0;0;0;0;0;0;0;12.00;0;0;0;0;0;0;0;0;0;0;0;0;0;0;0;0;0;0;0;0;0;0;0;0;0;0;0;0;0;0;0;0;0;0;0;0;0;0;0;0;0;0;0;0;0;0;0;0;0;0;0;0;0;0;0;0;0;0;0;0;0;0;0;0;0;0;0;0;0;0;0;0;0;0;0;0;0;0;0;0;0;0;0;0;0;0;0;0;0;0;0;0;0;0;0;0;0;0;0;0;0;0;0;0;0;0;0;0;1179.36;0;0;0;0;0;0;0;0;0;0;0;0;0;0;0;0;0;0;0;0;0;0;0;0;0;0;0;0;0;0;0;0;0;0;0;0;0;0;0;0;0;0;0;0;0;0;0;0;0;0;0;0;0;0;0;0;0;0;0;0;0;0;0;0;0;0;0;0;0;0;0;0;0;0;0;0;0;0;0;0;0;0;0;0;0;0;0;0;0;0;0;0;0;0;0;0;0;0
dev-miR-D20-5p;71.00;dev-mir-D20;71.00;0;0;0;0;0;0;0;0;0;0;0;0;0;0;0;71.00;0;0;0;0;0;0;0;0;0;0;0;0;0;0;0;0;0;0;0;0;0;0;0;0;0;0;0;0;0;0;0;0;0;0;0;0;0;0;0;0;0;0;0;0;0;0;0;0;0;0;0;0;0;0;0;0;0;0;0;0;0;0;0;0;0;0;0;0;0;0;0;0;0;0;0;0;0;0;0;0;0;0;0;0;0;0;0;0;0;0;0;0;0;0;0;0;0;0;0;0;0;0;0;0;0;0;0;0;3402.50;0;0;0;0;0;0;0;0;0;0;0;0;0;0;0;0;0;0;0;0;0;0;0;0;0;0;0;0;0;0;0;0;0;0;0;0;0;0;0;0;0;0;0;0;0;0;0;0;0;0;0;0;0;0;0;0;0;0;0;0;0;0;0;0;0;0;0;0;0;0;0;0;0;0;0;0;0;0;0;0;0;0;0;0;0;0;0;0;0;0;0;0;0
dev-miR-D21-5p;376.00;dev-mir-D21;376.00;0;0;0;0;0;0;0;0;0;0;1.00;0;0;0;0;18.00;0;0;0;0;0;0;0;0;0;0;0;0;11.00;0;5.00;0;0;0;5.00;0;1.00;0;0;0;0;0;185.00;1.00;0;0;0;13.00;1.00;0;0;0;0;0;25.00;0;0;0;1.00;0;0;1.00;0;9.00;0;0;0;0;0;0;0;0;0;0;0;0;0;0;1.00;0;0;0;0;0;0;0;1.00;0;0;0;0;0;89.00;0;0;7.00;0;0;0;0;0;1.00;0;0;0;0;0;0;0;0;0;0;0;0;0;0;0;0;0;98.28;0;0;0;0;862.61;0;0;0;0;0;0;0;0;0;0;0;0;644.33;0;166.42;0;0;0;220.15;0;40.76;0;0;0;0;0;22674.35;48.37;0;0;0;846.46;92.89;0;0;0;0;0;701.14;0;0;0;59.98;0;0;75.64;0;255.48;0;0;0;0;0;0;0;0;0;0;0;0;0;0;67.47;0;0;0;0;0;0;0;48.37;0;0;0;0;0;1721.54;0;0;543.27;0;0;0;0;0;41.98;0;0;0;0;0;0;0
dev-miR-D21-3p;2.00;dev-mir-D21;2.00;0;0;0;0;0;0;0;0;0;0;0;0;0;0;0;0;0;0;0;0;0;0;0;0;0;0;0;0;0;0;0;0;0;0;0;0;0;0;0;0;0;0;0;0;0;0;0;0;1.00;0;0;0;0;0;0;0;0;0;0;0;0;0;0;0;0;0;0;0;0;0;0;0;0;0;0;0;0;0;0;0;0;0;0;0;0;0;0;0;0;0;0;0;0;0;0;0;0;0;1.00;0;0;0;0;0;0;0;0;0;0;0;0;0;0;0;0;0;0;0;0;0;0;0;0;0;0;0;0;0;0;0;0;0;0;0;0;0;0;0;0;0;0;0;0;0;0;0;0;0;0;0;0;0;0;0;0;0;0;92.89;0;0;0;0;0;0;0;0;0;0;0;0;0;0;0;0;0;0;0;0;0;0;0;0;0;0;0;0;0;0;0;0;0;0;0;0;0;0;0;0;0;0;0;0;0;0;0;0;0;47.58;0;0;0;0;0;0;0;0;0;0
dev-miR-D22-5p;1.00;dev-mir-D22;1.00;0;0;0;0;0;0;0;0;0;0;0;0;0;0;0;0;0;0;0;0;0;1.00;0;0;0;0;0;0;0;0;0;0;0;0;0;0;0;0;0;0;0;0;0;0;0;0;0;0;0;0;0;0;0;0;0;0;0;0;0;0;0;0;0;0;0;0;0;0;0;0;0;0;0;0;0;0;0;0;0;0;0;0;0;0;0;0;0;0;0;0;0;0;0;0;0;0;0;0;0;0;0;0;0;0;0;0;0;0;0;0;0;0;0;0;0;0;0;0;0;0;0;0;0;0;0;0;0;0;0;0;80.43;0;0;0;0;0;0;0;0;0;0;0;0;0;0;0;0;0;0;0;0;0;0;0;0;0;0;0;0;0;0;0;0;0;0;0;0;0;0;0;0;0;0;0;0;0;0;0;0;0;0;0;0;0;0;0;0;0;0;0;0;0;0;0;0;0;0;0;0;0;0;0;0;0;0;0;0;0;0;0;0;0;0;0;0;0;0;0
dev-miR-D22-3p;4.00;dev-mir-D22;4.00;0;0;4.00;0;0;0;0;0;0;0;0;0;0;0;0;0;0;0;0;0;0;0;0;0;0;0;0;0;0;0;0;0;0;0;0;0;0;0;0;0;0;0;0;0;0;0;0;0;0;0;0;0;0;0;0;0;0;0;0;0;0;0;0;0;0;0;0;0;0;0;0;0;0;0;0;0;0;0;0;0;0;0;0;0;0;0;0;0;0;0;0;0;0;0;0;0;0;0;0;0;0;0;0;0;0;0;0;0;0;0;0;108.89;0;0;0;0;0;0;0;0;0;0;0;0;0;0;0;0;0;0;0;0;0;0;0;0;0;0;0;0;0;0;0;0;0;0;0;0;0;0;0;0;0;0;0;0;0;0;0;0;0;0;0;0;0;0;0;0;0;0;0;0;0;0;0;0;0;0;0;0;0;0;0;0;0;0;0;0;0;0;0;0;0;0;0;0;0;0;0;0;0;0;0;0;0;0;0;0;0;0;0;0;0;0;0;0;0;0
dev-miR-D23-3p;1.00;dev-mir-D23;1.00;0;0;0;0;0;0;0;0;0;0;0;0;0;0;0;0;0;0;0;0;0;0;0;0;0;0;0;0;0;0;0;0;0;0;0;0;0;0;0;0;0;0;0;0;0;0;0;0;0;0;0;0;0;0;0;0;0;0;0;0;0;0;0;1.00;0;0;0;0;0;0;0;0;0;0;0;0;0;0;0;0;0;0;0;0;0;0;0;0;0;0;0;0;0;0;0;0;0;0;0;0;0;0;0;0;0;0;0;0;0;0;0;0;0;0;0;0;0;0;0;0;0;0;0;0;0;0;0;0;0;0;0;0;0;0;0;0;0;0;0;0;0;0;0;0;0;0;0;0;0;0;0;0;0;0;0;0;0;0;0;0;0;0;0;0;0;0;0;0;0;0;0;0;28.39;0;0;0;0;0;0;0;0;0;0;0;0;0;0;0;0;0;0;0;0;0;0;0;0;0;0;0;0;0;0;0;0;0;0;0;0;0;0;0;0;0;0;0;0;0
dev-miR-D24-3p;9.00;dev-mir-D24;9.00;0;0;0;0;0;0;0;0;0;0;0;0;0;0;0;0;0;0;0;0;0;0;0;0;0;0;0;0;0;0;0;0;0;0;0;0;0;0;0;0;8.00;0;0;0;0;0;0;0;0;0;0;0;0;0;0;0;0;0;0;1.00;0;0;0;0;0;0;0;0;0;0;0;0;0;0;0;0;0;0;0;0;0;0;0;0;0;0;0;0;0;0;0;0;0;0;0;0;0;0;0;0;0;0;0;0;0;0;0;0;0;0;0;0;0;0;0;0;0;0;0;0;0;0;0;0;0;0;0;0;0;0;0;0;0;0;0;0;0;0;0;0;0;0;0;0;0;0;0;0;0;236.97;0;0;0;0;0;0;0;0;0;0;0;0;0;0;0;0;0;0;39.82;0;0;0;0;0;0;0;0;0;0;0;0;0;0;0;0;0;0;0;0;0;0;0;0;0;0;0;0;0;0;0;0;0;0;0;0;0;0;0;0;0;0;0;0;0;0;0;0;0
dev-miR-D3-3p;524.00;dev-mir-D3;524.00;0;5.00;0;0;0;5.00;1.00;2.00;0;1.00;0;0;1.00;6.00;0;19.00;2.00;0;3.00;0;0;1.00;2.00;0;56.00;0;0;0;0;0;1.00;1.00;0;3.00;1.00;0;0;0;0;0;0;0;0;6.00;0;1.00;0;0;0;1.00;0;0;75.00;4.00;1.00;0;0;0;0;0;1.00;1.00;0;0;0;0;2.00;0;1.00;0;0;2.00;1.00;1.00;0;91.00;0;0;0;44.00;0;2.00;0;0;91.00;0;20.00;28.00;0;0;0;0;1.00;0;0;0;0;1.00;1.00;0;0;0;0;1.00;0;37.00;0;0;0;0;187.52;0;0;0;184.03;91.56;169.22;0;26.22;0;0;344.71;236.68;0;910.53;74.40;0;173.95;0;0;80.43;373.41;0;3063.62;0;0;0;0;0;33.28;23.45;0;109.10;44.03;0;0;0;0;0;0;0;0;290.21;0;27.99;0;0;0;56.31;0;0;3481.09;102.35;28.05;0;0;0;0;0;43.93;75.64;0;0;0;0;78.27;0;38.76;0;0;72.70;63.95;32.91;0;1887.50;0;0;0;1724.88;0;47.23;0;0;3187.39;0;967.45;790.83;0;0;0;0;19.34;0;0;0;0;34.40;47.58;0;0;0;0;64.71;0;759.93;0;0;0
dev-miR-D4-3p;183.00;dev-mir-D4;183.00;51.00;0;0;0;0;0;0;0;0;0;0;0;0;0;0;0;0;11.00;0;0;0;0;0;0;0;0;0;0;7.00;0;0;0;0;0;1.00;0;0;0;1.00;0;0;0;0;0;0;0;0;0;0;0;0;0;0;0;41.00;0;0;0;0;0;0;0;0;0;0;0;39.00;0;0;0;0;0;0;0;0;0;0;0;0;0;0;0;0;0;0;0;8.00;0;0;0;1.00;0;0;11.00;0;0;5.00;0;7.00;0;0;0;0;0;0;0;0;0;0;1530.29;0;0;0;0;0;0;0;0;0;0;0;0;0;0;0;0;259.17;0;0;0;0;0;0;0;0;0;0;410.03;0;0;0;0;0;44.03;0;0;0;63.47;0;0;0;0;0;0;0;0;0;0;0;0;0;0;0;1149.88;0;0;0;0;0;0;0;0;0;0;0;1526.18;0;0;0;0;0;0;0;0;0;0;0;0;0;0;0;0;0;0;0;386.98;0;0;0;70.29;0;0;547.56;0;0;409.20;0;333.03;0;0;0;0;0;0;0;0;0;0
dev-miR-D5-5p;2.00;dev-mir-D5;2.00;0;0;0;0;0;0;0;0;0;0;0;0;0;0;0;0;0;0;0;0;0;0;0;0;0;0;0;0;0;0;0;0;0;0;0;0;0;0;0;0;0;0;0;2.00;0;0;0;0;0;0;0;0;0;0;0;0;0;0;0;0;0;0;0;0;0;0;0;0;0;0;0;0;0;0;0;0;0;0;0;0;0;0;0;0;0;0;0;0;0;0;0;0;0;0;0;0;0;0;0;0;0;0;0;0;0;0;0;0;0;0;0;0;0;0;0;0;0;0;0;0;0;0;0;0;0;0;0;0;0;0;0;0;0;0;0;0;0;0;0;0;0;0;0;0;0;0;0;0;0;0;0;0;96.74;0;0;0;0;0;0;0;0;0;0;0;0;0;0;0;0;0;0;0;0;0;0;0;0;0;0;0;0;0;0;0;0;0;0;0;0;0;0;0;0;0;0;0;0;0;0;0;0;0;0;0;0;0;0;0;0;0;0;0;0;0;0;0;0;0
dev-miR-D6-5p;1.00;dev-mir-D6;1.00;0;0;0;0;0;0;0;0;0;0;0;0;0;0;0;0;0;0;0;0;0;0;0;0;0;0;0;0;0;0;0;0;0;0;0;0;0;0;0;0;0;0;0;0;0;0;0;0;0;0;0;0;0;0;0;0;0;0;0;0;0;0;0;0;0;0;0;0;0;0;0;0;0;0;0;0;0;0;0;0;0;0;0;0;0;0;0;0;0;0;0;0;0;0;0;0;0;0;0;0;0;0;0;0;1.00;0;0;0;0;0;0;0;0;0;0;0;0;0;0;0;0;0;0;0;0;0;0;0;0;0;0;0;0;0;0;0;0;0;0;0;0;0;0;0;0;0;0;0;0;0;0;0;0;0;0;0;0;0;0;0;0;0;0;0;0;0;0;0;0;0;0;0;0;0;0;0;0;0;0;0;0;0;0;0;0;0;0;0;0;0;0;0;0;0;0;0;0;0;0;0;0;0;0;0;0;0;0;0;0;0;0;0;0;18.21;0;0;0;0
dev-miR-D6-3p;51.00;dev-mir-D6;51.00;0;0;0;0;0;0;0;0;0;0;0;0;0;0;0;0;0;0;0;0;0;0;0;3.00;0;0;0;0;0;0;0;1.00;0;0;0;0;0;0;0;0;0;0;0;0;0;40.00;0;0;0;0;0;3.00;0;0;1.00;0;0;0;0;0;0;0;1.00;0;0;0;0;0;0;0;0;0;0;0;0;0;0;1.00;0;0;0;0;0;0;0;0;0;0;0;0;0;0;0;0;0;0;0;1.00;0;0;0;0;0;0;0;0;0;0;0;0;0;0;0;0;0;0;0;0;0;0;0;0;0;0;0;0;0;0;0;0;0;0;399.41;0;0;0;0;0;0;0;23.45;0;0;0;0;0;0;0;0;0;0;0;0;0;1119.60;0;0;0;0;0;195.59;0;0;28.05;0;0;0;0;0;0;0;47.63;0;0;0;0;0;0;0;0;0;0;0;0;0;0;30.04;0;0;0;0;0;0;0;0;0;0;0;0;0;0;0;0;0;0;0;34.40;0;0;0;0;0;0;0;0;0;0;0
dev-miR-D7-5p;223.00;dev-mir-D7;223.00;0;4.00;0;0;0;0;0;0;5.00;0;0;2.00;0;0;0;0;0;0;0;0;0;0;0;0;0;0;0;0;8.00;87.00;0;0;0;0;30.00;4.00;1.00;1.00;0;0;1.00;0;2.00;2.00;2.00;1.00;6.00;1.00;2.00;0;2.00;1.00;4.00;6.00;1.00;8.00;0;0;0;7.00;1.00;8.00;0;1.00;0;0;0;0;0;1.00;0;0;0;0;0;3.00;2.00;0;0;2.00;0;7.00;0;2.00;0;0;1.00;1.00;3.00;0;0;0;0;1.00;0;1.00;0;0;1.00;0;0;0;0;0;0;0;0;0;0;0;150.02;0;0;0;0;0;0;241.18;0;0;208.01;0;0;0;0;0;0;0;0;0;0;0;0;0;0;0;0;468.60;3936.30;0;0;0;0;1320.89;167.07;40.76;63.55;0;0;29.62;0;245.13;96.74;97.36;27.99;161.05;65.11;185.79;0;268.56;65.20;185.66;153.52;28.05;649.67;0;0;0;278.76;43.93;605.14;0;28.39;0;0;0;0;0;53.74;0;0;0;0;0;62.23;91.24;0;0;78.40;0;165.29;0;100.06;0;0;48.37;28.24;113.33;0;0;0;0;49.78;0;77.61;0;0;47.58;0;0;0;0;0;0;0;0;0;0
dev-miR-D8-5p;0.00;dev-mir-D8;0.00;0;0;0;0;0;0;0;0;0;0;0;0;0;0;0;0;0;0;0;0;0;0;0;0;0;0;0;0;0;0;0;0;0;0;0;0;0;0;0;0;0;0;0;0;0;0;0;0;0;0;0;0;0;0;0;0;0;0;0;0;0;0;0;0;0;0;0;0;0;0;0;0;0;0;0;0;0;0;0;0;0;0;0;0;0;0;0;0;0;0;0;0;0;0;0;0;0;0;0;0;0;0;0;0;0;0;0;0;0;0;0;0;0;0;0;0;0;0;0;0;0;0;0;0;0;0;0;0;0;0;0;0;0;0;0;0;0;0;0;0;0;0;0;0;0;0;0;0;0;0;0;0;0;0;0;0;0;0;0;0;0;0;0;0;0;0;0;0;0;0;0;0;0;0;0;0;0;0;0;0;0;0;0;0;0;0;0;0;0;0;0;0;0;0;0;0;0;0;0;0;0;0;0;0;0;0;0;0;0;0;0;0;0;0;0;0;0;0
dev-miR-D8-3p;6.00;dev-mir-D8;6.00;0;0;0;0;0;0;0;0;0;0;0;0;0;0;0;0;0;0;0;0;0;0;0;0;0;0;0;0;0;0;0;0;0;0;0;0;0;0;0;0;0;0;0;1.00;0;0;0;0;0;0;0;0;0;0;0;0;0;0;0;0;0;0;0;0;0;0;0;0;0;0;0;0;0;0;0;1.00;0;0;3.00;0;0;1.00;0;0;0;0;0;0;0;0;0;0;0;0;0;0;0;0;0;0;0;0;0;0;0;0;0;0;0;0;0;0;0;0;0;0;0;0;0;0;0;0;0;0;0;0;0;0;0;0;0;0;0;0;0;0;0;0;0;0;0;0;0;0;0;0;0;0;0;0;0;0;48.37;0;0;0;0;0;0;0;0;0;0;0;0;0;0;0;0;0;0;0;0;0;0;0;0;0;0;0;0;0;0;0;20.74;0;0;202.42;0;0;23.61;0;0;0;0;0;0;0;0;0;0;0;0;0;0;0;0;0;0;0;0;0;0;0;0;0;0;0
dev-miR-D9-5p;179.00;dev-mir-D9;179.00;0;0;0;0;0;0;0;0;0;0;0;0;0;0;0;55.00;0;0;0;0;0;0;0;0;0;0;0;0;0;0;0;0;0;0;0;0;11.00;0;0;0;0;0;0;0;0;0;0;0;0;0;1.00;0;0;0;30.00;0;0;0;0;0;0;0;0;0;0;0;0;0;15.00;0;0;0;0;0;0;0;0;0;0;0;0;0;0;0;0;0;0;0;0;0;0;0;0;0;0;0;0;0;0;0;10.00;57.00;0;0;0;0;0;0;0;0;0;0;0;0;0;0;0;0;0;0;0;0;0;0;2635.74;0;0;0;0;0;0;0;0;0;0;0;0;0;0;0;0;0;0;0;0;448.39;0;0;0;0;0;0;0;0;0;0;0;0;0;134.28;0;0;0;841.37;0;0;0;0;0;0;0;0;0;0;0;0;0;581.37;0;0;0;0;0;0;0;0;0;0;0;0;0;0;0;0;0;0;0;0;0;0;0;0;0;0;0;0;0;0;0;3451.85;2392.75;0;0;0;0;0;0;0
dev-miR-D9-3p;1.00;dev-mir-D9;1.00;0;0;0;0;0;0;0;0;0;0;0;0;0;0;0;0;0;0;0;0;0;0;0;0;0;0;0;0;0;0;0;0;0;0;0;0;0;0;0;0;0;0;0;0;0;0;0;0;0;0;0;0;0;0;0;0;0;0;0;0;0;0;0;0;0;0;0;0;0;0;0;0;0;0;0;0;0;0;0;0;0;0;0;0;0;0;1.00;0;0;0;0;0;0;0;0;0;0;0;0;0;0;0;0;0;0;0;0;0;0;0;0;0;0;0;0;0;0;0;0;0;0;0;0;0;0;0;0;0;0;0;0;0;0;0;0;0;0;0;0;0;0;0;0;0;0;0;0;0;0;0;0;0;0;0;0;0;0;0;0;0;0;0;0;0;0;0;0;0;0;0;0;0;0;0;0;0;0;0;0;0;0;0;0;0;0;0;0;0;0;0;0;0;0;0;0;48.37;0;0;0;0;0;0;0;0;0;0;0;0;0;0;0;0;0;0;0;0;0;0
ebv-miR-BART1-5p;959.00;ebv-mir-BART1;959.00;0;0;32.00;0;0;0;0;0;0;0;0;0;0;2.00;0;0;0;0;0;0;1.00;0;0;1.00;0;213.00;0;0;0;0;1.00;0;0;3.00;0;0;0;0;18.00;0;0;0;0;58.00;0;0;0;0;0;0;0;0;1.00;0;0;0;0;0;0;0;0;0;0;0;0;268.00;65.00;0;9.00;0;0;0;0;0;0;2.00;0;0;0;0;0;0;0;0;0;0;0;0;0;0;0;79.00;129.00;0;0;43.00;0;0;29.00;0;0;0;4.00;1.00;0;0;0;0;0;0;0;871.08;0;0;0;0;0;0;0;0;0;0;78.89;0;0;0;0;0;0;121.57;0;0;133.14;0;15669.83;0;0;0;0;33.28;0;0;109.10;0;0;0;0;1142.42;0;0;0;0;2805.32;0;0;0;0;0;0;0;0;46.41;0;0;0;0;0;0;0;0;0;0;0;0;11678.07;2543.63;0;348.82;0;0;0;0;0;0;41.48;0;0;0;0;0;0;0;0;0;0;0;0;0;0;0;4351.66;2495.26;0;0;3337.21;0;0;1379.70;0;0;0;64.31;64.71;0;0;0;0;0
ebv-miR-BART1-3p;0.00;ebv-mir-BART1;0.00;0;0;0;0;0;0;0;0;0;0;0;0;0;0;0;0;0;0;0;0;0;0;0;0;0;0;0;0;0;0;0;0;0;0;0;0;0;0;0;0;0;0;0;0;0;0;0;0;0;0;0;0;0;0;0;0;0;0;0;0;0;0;0;0;0;0;0;0;0;0;0;0;0;0;0;0;0;0;0;0;0;0;0;0;0;0;0;0;0;0;0;0;0;0;0;0;0;0;0;0;0;0;0;0;0;0;0;0;0;0;0;0;0;0;0;0;0;0;0;0;0;0;0;0;0;0;0;0;0;0;0;0;0;0;0;0;0;0;0;0;0;0;0;0;0;0;0;0;0;0;0;0;0;0;0;0;0;0;0;0;0;0;0;0;0;0;0;0;0;0;0;0;0;0;0;0;0;0;0;0;0;0;0;0;0;0;0;0;0;0;0;0;0;0;0;0;0;0;0;0;0;0;0;0;0;0;0;0;0;0;0;0;0;0;0;0;0;0
ebv-miR-bart10_-1_5-3p;318.00;ebv-mir-BART10;318.00;0;0;4.00;0;2.00;23.00;0;0;0;0;0;0;0;0;0;0;0;2.00;0;0;0;0;0;0;0;161.00;0;0;0;0;0;0;0;1.00;0;0;0;0;0;0;0;0;0;31.00;0;1.00;0;0;0;0;11.00;0;0;0;0;0;0;0;0;0;0;0;0;0;0;64.00;14.00;0;0;0;0;0;0;0;0;1.00;0;2.00;0;0;0;0;0;0;0;0;0;0;0;0;0;0;0;0;0;0;0;0;0;0;0;0;0;0;0;1.00;0;0;0;0;0;108.89;0;102.08;846.55;0;0;0;0;0;0;0;0;0;0;0;47.12;0;0;0;0;0;0;0;11844.33;0;0;0;0;0;0;0;36.37;0;0;0;0;0;0;0;0;0;1499.40;0;27.99;0;0;0;0;1477.10;0;0;0;0;0;0;0;0;0;0;0;0;0;0;2788.79;547.86;0;0;0;0;0;0;0;0;20.74;0;60.08;0;0;0;0;0;0;0;0;0;0;0;0;0;0;0;0;0;0;0;0;0;0;0;0;0;0;0;20.54;0;0;0
ebv-miR-BART10-5p;42.00;ebv-mir-BART10;42.00;0;0;0;0;0;0;0;0;0;0;0;0;0;0;0;0;1.00;0;0;0;0;0;0;0;0;0;0;0;0;0;2.00;0;0;0;0;0;0;0;0;0;0;0;0;0;0;0;0;0;0;0;0;0;0;0;39.00;0;0;0;0;0;0;0;0;0;0;0;0;0;0;0;0;0;0;0;0;0;0;0;0;0;0;0;0;0;0;0;0;0;0;0;0;0;0;0;0;0;0;0;0;0;0;0;0;0;0;0;0;0;0;0;0;0;0;0;0;0;0;0;0;0;0;0;0;0;0;37.20;0;0;0;0;0;0;0;0;0;0;0;0;0;66.57;0;0;0;0;0;0;0;0;0;0;0;0;0;0;0;0;0;0;0;0;0;0;0;1093.79;0;0;0;0;0;0;0;0;0;0;0;0;0;0;0;0;0;0;0;0;0;0;0;0;0;0;0;0;0;0;0;0;0;0;0;0;0;0;0;0;0;0;0;0;0;0;0;0;0;0;0;0;0;0
ebv-miR-BART10-3p;375.00;ebv-mir-BART10;375.00;0;0;4.00;0;2.00;23.00;0;0;0;0;0;0;0;0;0;0;0;2.00;0;0;0;0;0;0;0;161.00;0;0;0;0;0;0;0;1.00;0;0;0;0;0;0;0;0;0;31.00;0;1.00;0;0;0;0;11.00;0;0;0;0;0;0;0;0;0;0;0;0;0;0;64.00;14.00;18.00;0;0;1.00;0;0;0;0;3.00;0;2.00;0;0;0;0;0;0;0;0;0;0;0;0;2.00;0;0;0;0;0;0;0;0;0;0;0;0;0;0;35.00;0;0;0;0;0;108.89;0;102.08;846.55;0;0;0;0;0;0;0;0;0;0;0;47.12;0;0;0;0;0;0;0;11844.33;0;0;0;0;0;0;0;36.37;0;0;0;0;0;0;0;0;0;1499.40;0;27.99;0;0;0;0;1477.10;0;0;0;0;0;0;0;0;0;0;0;0;0;0;2788.79;547.86;1231.19;0;0;32.96;0;0;0;0;62.23;0;60.08;0;0;0;0;0;0;0;0;0;0;0;0;140.59;0;0;0;0;0;0;0;0;0;0;0;0;0;0;718.85;0;0;0
ebv-miR-BART11-5p;80.00;ebv-mir-BART11;80.00;0;0;0;0;0;0;0;0;0;0;1.00;0;0;0;0;0;0;0;0;0;0;0;0;0;0;0;0;0;0;0;1.00;0;0;0;0;0;0;0;0;0;0;0;0;15.00;0;0;0;0;0;0;0;0;0;0;0;0;1.00;0;0;0;0;0;0;0;0;0;0;0;0;0;0;61.00;0;0;0;0;0;0;0;0;0;0;0;0;0;0;1.00;0;0;0;0;0;0;0;0;0;0;0;0;0;0;0;0;0;0;0;0;0;0;0;0;0;0;0;0;0;0;0;0;98.28;0;0;0;0;0;0;0;0;0;0;0;0;0;0;0;0;0;0;0;33.28;0;0;0;0;0;0;0;0;0;0;0;0;725.51;0;0;0;0;0;0;0;0;0;0;0;0;192.86;0;0;0;0;0;0;0;0;0;0;0;0;0;0;2217.38;0;0;0;0;0;0;0;0;0;0;0;0;0;0;48.37;0;0;0;0;0;0;0;0;0;0;0;0;0;0;0;0;0;0;0;0;0;0
ebv-miR-BART11-3p;282.00;ebv-mir-BART11;282.00;0;0;0;0;0;0;0;0;0;0;0;0;0;0;0;0;0;0;0;0;0;0;0;0;0;0;0;0;0;0;18.00;0;0;0;0;1.00;80.00;0;0;0;0;175.00;0;0;0;0;0;0;0;0;0;0;0;0;0;0;0;0;0;0;0;0;0;0;0;0;0;0;0;0;0;0;0;0;0;0;0;0;0;0;0;0;0;0;0;0;8.00;0;0;0;0;0;0;0;0;0;0;0;0;0;0;0;0;0;0;0;0;0;0;0;0;0;0;0;0;0;0;0;0;0;0;0;0;0;0;0;0;0;0;0;0;0;0;0;0;0;0;0;0;599.10;0;0;0;0;41.77;3261.05;0;0;0;0;10897.99;0;0;0;0;0;0;0;0;0;0;0;0;0;0;0;0;0;0;0;0;0;0;0;0;0;0;0;0;0;0;0;0;0;0;0;0;0;0;0;0;0;0;0;0;386.98;0;0;0;0;0;0;0;0;0;0;0;0;0;0;0;0;0;0;0;0;0;0
ebv-miR-BART12;13511.00;ebv-mir-BART12;13511.00;0;3.00;0;0;1.00;57.00;0;1.00;2.00;2.00;0;4.00;5.00;4.00;2.00;176.00;0;22.00;8.00;0;1.00;2.00;2.00;205.00;76.00;2.00;0;0;33.00;0;39.00;24.00;0;0;23.00;56.00;61.00;1.00;5.00;0;18.00;0;0;3.00;247.00;0;16.00;41.00;0;6.00;30.00;78.00;59.00;0;3.00;0;13.00;0;94.00;2.00;0;1.00;0;160.00;0;5.00;19.00;11.00;0;58.00;136.00;3.00;1.00;1.00;0;122.00;1.00;1.00;0;15.00;1.00;112.00;107.00;0;0;0;31.00;60.00;0;57.00;0;0;0;0;0;0;0;26.00;178.00;64.00;8.00;4.00;111.00;82.00;10531.00;0;178.00;0;0;0;112.51;0;0;51.04;2097.98;0;84.61;96.47;52.45;0;416.02;1723.54;157.78;256.02;8434.37;0;518.34;463.88;0;121.57;160.86;373.41;27293.30;4157.78;147.13;0;0;1932.99;0;1298.05;562.69;0;0;1012.68;2338.99;2486.55;63.55;317.34;0;533.18;0;0;145.10;12023.56;0;429.46;2669.62;0;337.88;4028.47;5085.41;2738.45;0;84.14;0;2507.23;0;5638.20;79.65;0;75.64;0;4541.84;0;217.87;743.52;752.39;0;3117.11;4482.68;109.05;63.95;32.91;0;2530.49;45.62;30.04;0;588.03;157.08;2644.63;3819.52;0;0;0;1499.54;1694.63;0;1238.81;0;0;0;0;0;0;0;894.33;8468.53;33595.80;2761.48;167.91;1784.54;5306.41;191737.67;0;19170.71;0;0
ebv-miR-BART13-5p;659.00;ebv-mir-BART13;659.00;61.00;2.00;7.00;0;2.00;20.00;0;1.00;0;0;1.00;0;0;0;0;0;7.00;0;0;1.00;5.00;3.00;6.00;0;0;7.00;0;0;2.00;0;1.00;0;2.00;0;2.00;2.00;2.00;0;31.00;0;0;4.00;2.00;5.00;7.00;5.00;1.00;0;32.00;2.00;2.00;5.00;22.00;2.00;6.00;0;0;0;0;96.00;0;0;2.00;0;0;4.00;5.00;0;0;2.00;0;3.00;0;2.00;0;19.00;30.00;0;184.00;7.00;0;0;0;0;0;0;7.00;1.00;0;0;23.00;1.00;0;0;0;1.00;0;2.00;0;0;0;1.00;7.00;0;0;0;2.00;0;0;1830.35;75.01;190.55;0;102.08;736.13;0;84.61;0;0;98.28;0;0;0;0;0;260.40;0;0;264.34;607.83;241.29;1120.24;0;0;514.97;0;0;117.15;0;33.28;0;138.45;0;88.06;83.54;81.53;0;1967.50;0;0;249.10;245.13;241.84;340.75;139.95;26.84;0;2972.60;112.63;268.56;325.99;1021.12;51.17;168.27;0;0;0;0;3823.03;0;0;95.27;0;0;174.30;195.66;0;0;107.49;0;109.05;0;65.82;0;394.09;1368.55;0;12414.82;274.41;0;0;0;0;0;0;338.61;28.24;0;0;1616.76;55.08;0;0;0;77.61;0;68.79;0;0;0;41.98;112.54;0;0;0;215.40;0;0
ebv-miR-BART13-3p;37.00;ebv-mir-BART13;37.00;0;0;0;0;0;0;0;0;0;2.00;0;0;0;0;0;0;0;5.00;0;0;0;0;0;0;0;26.00;0;0;0;0;0;0;0;0;0;0;0;0;0;0;0;0;0;0;0;0;0;0;0;0;0;0;0;0;0;0;0;0;0;0;0;0;0;0;0;0;1.00;0;0;0;0;0;0;0;0;0;0;0;0;0;1.00;0;0;0;0;0;0;0;0;0;0;0;0;0;0;1.00;0;0;0;0;0;0;1.00;0;0;0;0;0;0;0;0;0;0;0;0;0;0;0;52.45;0;0;0;0;0;0;0;117.81;0;0;0;0;0;0;0;1912.75;0;0;0;0;0;0;0;0;0;0;0;0;0;0;0;0;0;0;0;0;0;0;0;0;0;0;0;0;0;0;0;0;0;0;0;0;0;0;0;0;39.13;0;0;0;0;0;0;0;0;0;0;0;0;0;157.08;0;0;0;0;0;0;0;0;0;0;0;0;0;0;77.61;0;0;0;0;0;0;16.08;0;0;0;0;0;0
ebv-miR-BART14-5p;3.00;ebv-mir-BART14;3.00;0;0;0;0;0;0;0;0;0;0;0;0;0;0;0;0;0;0;0;0;0;0;0;0;0;0;0;0;0;0;0;0;0;0;2.00;0;0;0;0;0;0;0;0;0;0;0;0;0;0;0;0;0;0;0;0;0;0;0;0;0;0;0;0;0;0;0;0;0;0;0;0;0;0;0;0;0;0;0;0;0;0;0;0;0;0;0;0;1.00;0;0;0;0;0;0;0;0;0;0;0;0;0;0;0;0;0;0;0;0;0;0;0;0;0;0;0;0;0;0;0;0;0;0;0;0;0;0;0;0;0;0;0;0;0;0;0;0;0;0;0;0;0;0;0;88.06;0;0;0;0;0;0;0;0;0;0;0;0;0;0;0;0;0;0;0;0;0;0;0;0;0;0;0;0;0;0;0;0;0;0;0;0;0;0;0;0;0;0;0;0;0;0;0;0;0;0;0;0;28.24;0;0;0;0;0;0;0;0;0;0;0;0;0;0;0;0;0;0;0;0;0
ebv-miR-BART14-3p;13.00;ebv-mir-BART14;13.00;0;0;0;0;0;0;0;0;0;0;0;0;0;0;0;0;0;0;0;0;0;0;0;0;0;0;0;0;0;0;0;0;0;0;0;0;0;9.00;0;0;0;0;0;0;0;0;0;0;0;0;0;0;0;0;0;0;0;0;0;0;0;0;0;0;0;0;0;0;0;0;2.00;1.00;0;0;0;0;0;0;0;0;0;0;0;0;0;0;0;0;0;0;0;0;0;0;0;0;0;0;0;0;0;0;1.00;0;0;0;0;0;0;0;0;0;0;0;0;0;0;0;0;0;0;0;0;0;0;0;0;0;0;0;0;0;0;0;0;0;0;0;0;0;0;0;0;0;0;0;571.94;0;0;0;0;0;0;0;0;0;0;0;0;0;0;0;0;0;0;0;0;0;0;0;0;0;0;0;0;0;0;0;0;65.92;36.35;0;0;0;0;0;0;0;0;0;0;0;0;0;0;0;0;0;0;0;0;0;0;0;0;0;0;0;0;0;0;16.08;0;0;0;0;0;0
ebv-miR-BART15;94.00;ebv-mir-BART15;94.00;0;0;0;0;0;0;0;0;0;0;0;0;0;0;0;0;0;0;0;0;0;0;0;0;0;0;0;17.00;0;0;0;0;0;0;0;0;0;0;0;0;6.00;0;0;1.00;0;0;1.00;0;0;0;0;0;0;0;0;0;0;0;0;0;0;0;0;2.00;0;0;0;0;0;0;0;0;0;0;0;0;0;0;0;67.00;0;0;0;0;0;0;0;0;0;0;0;0;0;0;0;0;0;0;0;0;0;0;0;0;0;0;0;0;0;0;0;0;0;0;0;0;0;0;0;0;0;0;0;0;0;0;0;0;0;0;0;0;0;0;0;0;2268.48;0;0;0;0;0;0;0;0;0;0;0;0;177.73;0;0;48.37;0;0;26.84;0;0;0;0;0;0;0;0;0;0;0;0;0;0;0;0;56.77;0;0;0;0;0;0;0;0;0;0;0;0;0;0;0;2626.52;0;0;0;0;0;0;0;0;0;0;0;0;0;0;0;0;0;0;0;0;0;0;0;0;0;0;0;0;0
ebv-miR-BART16;656.00;ebv-mir-BART16;656.00;0;0;0;0;0;6.00;0;0;0;0;0;0;2.00;1.00;0;0;0;4.00;1.00;0;0;0;0;0;7.00;89.00;0;0;0;0;0;0;7.00;0;0;0;65.00;0;0;0;0;1.00;0;42.00;2.00;0;0;0;0;5.00;0;0;14.00;0;1.00;0;0;0;0;1.00;0;0;0;20.00;0;149.00;0;0;0;0;5.00;2.00;0;0;76.00;55.00;0;0;0;0;0;0;0;0;0;0;0;2.00;0;2.00;3.00;0;69.00;0;0;0;0;1.00;0;12.00;0;0;0;1.00;1.00;10.00;0;0;0;0;0;0;0;0;220.84;0;0;0;0;0;0;689.42;39.45;0;0;0;94.24;57.98;0;0;0;0;0;382.95;6547.49;0;0;0;0;0;0;484.56;0;0;0;2649.60;0;0;0;0;62.27;0;2031.44;97.36;0;0;0;0;281.56;0;0;649.80;0;28.05;0;0;0;0;39.82;0;0;0;567.73;0;6492.66;0;0;0;0;164.80;72.70;0;0;1966.01;1140.79;0;0;0;0;0;0;0;0;0;0;0;56.49;0;43.47;210.88;0;1334.67;0;0;0;0;34.40;0;6299.21;0;0;0;64.71;18.21;205.39;0;0;0
ebv-miR-BART17-5p;483.00;ebv-mir-BART17;483.00;0;0;3.00;0;0;0;0;0;1.00;0;0;0;0;1.00;0;0;0;0;0;0;0;0;0;0;0;156.00;0;0;0;0;0;0;0;0;0;0;1.00;0;0;1.00;0;0;0;19.00;0;0;0;0;0;2.00;0;0;0;0;0;0;0;0;0;0;0;0;5.00;0;0;61.00;0;0;0;0;0;0;0;0;0;0;0;0;0;0;0;0;0;0;0;0;0;0;0;0;0;113.00;120.00;0;0;0;0;0;0;0;0;0;0;0;0;0;0;0;0;0;0;81.66;0;0;0;0;0;48.24;0;0;0;0;39.45;0;0;0;0;0;0;0;0;0;0;0;11476.50;0;0;0;0;0;0;0;0;0;0;40.76;0;0;152.09;0;0;0;918.98;0;0;0;0;0;112.63;0;0;0;0;0;0;0;0;0;0;0;0;238.17;0;0;2658.07;0;0;0;0;0;0;0;0;0;0;0;0;0;0;0;0;0;0;0;0;0;0;0;0;0;6224.52;2321.17;0;0;0;0;0;0;0;0;0;0;0;0;0;0;0;0
ebv-miR-BART17-3p;2.00;ebv-mir-BART17;2.00;0;0;0;0;0;0;0;0;0;0;0;0;0;0;0;0;0;0;0;0;0;0;0;0;0;0;0;0;0;0;0;0;0;0;0;0;0;0;0;0;0;0;0;0;0;0;0;0;0;0;0;0;0;0;0;0;0;0;0;0;0;0;0;0;0;0;0;0;0;0;0;0;0;0;0;0;0;0;0;0;0;2.00;0;0;0;0;0;0;0;0;0;0;0;0;0;0;0;0;0;0;0;0;0;0;0;0;0;0;0;0;0;0;0;0;0;0;0;0;0;0;0;0;0;0;0;0;0;0;0;0;0;0;0;0;0;0;0;0;0;0;0;0;0;0;0;0;0;0;0;0;0;0;0;0;0;0;0;0;0;0;0;0;0;0;0;0;0;0;0;0;0;0;0;0;0;0;0;0;0;0;0;0;0;0;0;0;0;0;0;0;47.23;0;0;0;0;0;0;0;0;0;0;0;0;0;0;0;0;0;0;0;0;0;0;0;0;0;0;0
ebv-miR-BART18-5p;21.00;ebv-mir-BART18;21.00;0;0;0;0;0;0;0;0;0;0;0;0;0;0;0;0;0;0;0;0;0;0;0;0;0;0;0;0;0;0;1.00;0;0;0;0;0;1.00;0;0;0;0;0;0;0;0;0;0;0;0;0;0;0;0;0;0;0;0;0;0;0;0;0;0;0;0;0;2.00;0;0;0;0;0;0;0;0;0;0;0;0;0;0;0;0;0;0;0;0;2.00;2.00;0;0;0;0;0;0;0;0;0;0;0;0;1.00;0;1.00;0;10.00;1.00;0;0;0;0;0;0;0;0;0;0;0;0;0;0;0;0;0;0;0;0;0;0;0;0;0;0;0;0;0;0;0;0;33.28;0;0;0;0;0;40.76;0;0;0;0;0;0;0;0;0;0;0;0;0;0;0;0;0;0;0;0;0;0;0;0;0;0;0;0;0;78.27;0;0;0;0;0;0;0;0;0;0;0;0;0;0;0;0;0;0;0;0;56.49;75.55;0;0;0;0;0;0;0;0;0;0;0;0;41.98;0;64.71;0;205.39;107.70;0;0
ebv-miR-BART18-3p;8.00;ebv-mir-BART18;8.00;0;1.00;0;0;0;0;0;0;0;0;0;0;0;0;0;0;0;0;0;0;0;0;0;0;0;0;0;0;0;0;0;0;0;0;0;0;0;0;0;0;0;0;0;0;0;0;0;0;0;0;0;0;7.00;0;0;0;0;0;0;0;0;0;0;0;0;0;0;0;0;0;0;0;0;0;0;0;0;0;0;0;0;0;0;0;0;0;0;0;0;0;0;0;0;0;0;0;0;0;0;0;0;0;0;0;0;0;0;0;0;0;37.50;0;0;0;0;0;0;0;0;0;0;0;0;0;0;0;0;0;0;0;0;0;0;0;0;0;0;0;0;0;0;0;0;0;0;0;0;0;0;0;0;0;0;0;0;0;0;0;0;0;0;324.90;0;0;0;0;0;0;0;0;0;0;0;0;0;0;0;0;0;0;0;0;0;0;0;0;0;0;0;0;0;0;0;0;0;0;0;0;0;0;0;0;0;0;0;0;0;0;0;0;0;0;0;0;0;0;0;0
ebv-miR-BART19-5p;12.00;ebv-mir-BART19;12.00;0;0;0;0;0;0;0;0;0;0;0;0;0;0;0;0;0;10.00;0;0;0;0;0;0;0;0;1.00;0;0;0;0;0;0;0;0;0;0;0;0;0;0;0;0;0;0;0;0;0;0;0;0;0;0;0;0;0;0;0;0;0;0;0;0;0;0;0;0;0;0;0;0;0;0;0;0;0;0;0;0;0;0;0;0;0;1.00;0;0;0;0;0;0;0;0;0;0;0;0;0;0;0;0;0;0;0;0;0;0;0;0;0;0;0;0;0;0;0;0;0;0;0;0;0;0;0;0;0;235.61;0;0;0;0;0;0;0;0;47.38;0;0;0;0;0;0;0;0;0;0;0;0;0;0;0;0;0;0;0;0;0;0;0;0;0;0;0;0;0;0;0;0;0;0;0;0;0;0;0;0;0;0;0;0;0;0;0;0;0;0;0;0;0;0;0;0;0;35.03;0;0;0;0;0;0;0;0;0;0;0;0;0;0;0;0;0;0;0;0;0;0;0;0
ebv-miR-BART19-3p;4708.00;ebv-mir-BART19;4708.00;8.00;93.00;40.00;0;0;3.00;1.00;49.00;0;74.00;15.00;1.00;78.00;87.00;0;67.00;2.00;261.00;3.00;6.00;83.00;112.00;52.00;0;61.00;89.00;19.00;25.00;1.00;62.00;89.00;106.00;8.00;0;47.00;26.00;2.00;0;29.00;0;19.00;3.00;1.00;32.00;0;118.00;10.00;20.00;0;16.00;18.00;17.00;34.00;0;154.00;24.00;13.00;0;133.00;0;110.00;0;25.00;0;57.00;84.00;122.00;33.00;57.00;50.00;0;4.00;183.00;1.00;8.00;235.00;26.00;146.00;0;194.00;192.00;2.00;3.00;13.00;1.00;1.00;13.00;42.00;0;27.00;86.00;0;0;33.00;0;0;0;125.00;111.00;0;15.00;0;241.00;78.00;30.00;92.00;57.00;0;0;240.05;3487.85;1088.85;0;0;110.42;91.56;4145.87;0;1940.63;1474.20;104.00;26887.28;3431.82;0;3210.81;74.40;6149.42;173.95;1586.04;10089.96;9008.28;9708.74;0;3337.16;6547.49;900.18;3336.00;58.58;2805.18;2962.22;2485.23;553.79;0;2069.39;1085.96;81.53;0;1840.57;0;562.80;186.82;122.56;1547.76;0;3302.82;268.41;1302.25;0;901.00;2417.08;1108.36;1578.09;0;4319.05;1949.00;2507.23;0;7977.45;0;4831.77;0;1190.87;0;6045.82;3660.29;4774.20;2257.18;2209.22;2687.16;0;145.40;11703.76;32.91;206.95;4874.31;1186.08;4385.57;0;7605.16;30160.23;47.23;107.09;650.36;35.03;63.05;628.84;1186.24;0;586.80;6045.27;0;0;1642.69;0;0;0;4299.67;5280.94;0;5177.77;0;3874.54;5047.56;546.21;1889.54;6138.93;0;0
ebv-miR-BART2-5p;0.00;ebv-mir-BART2;0.00;0;0;0;0;0;0;0;0;0;0;0;0;0;0;0;0;0;0;0;0;0;0;0;0;0;0;0;0;0;0;0;0;0;0;0;0;0;0;0;0;0;0;0;0;0;0;0;0;0;0;0;0;0;0;0;0;0;0;0;0;0;0;0;0;0;0;0;0;0;0;0;0;0;0;0;0;0;0;0;0;0;0;0;0;0;0;0;0;0;0;0;0;0;0;0;0;0;0;0;0;0;0;0;0;0;0;0;0;0;0;0;0;0;0;0;0;0;0;0;0;0;0;0;0;0;0;0;0;0;0;0;0;0;0;0;0;0;0;0;0;0;0;0;0;0;0;0;0;0;0;0;0;0;0;0;0;0;0;0;0;0;0;0;0;0;0;0;0;0;0;0;0;0;0;0;0;0;0;0;0;0;0;0;0;0;0;0;0;0;0;0;0;0;0;0;0;0;0;0;0;0;0;0;0;0;0;0;0;0;0;0;0;0;0;0;0;0;0
ebv-miR-BART2-3p;187.00;ebv-mir-BART2;187.00;0;0;0;0;0;0;0;0;0;4.00;0;0;0;0;0;21.00;3.00;31.00;13.00;0;0;0;0;0;0;0;0;12.00;0;0;0;0;0;5.00;0;0;0;0;34.00;0;0;0;0;22.00;0;0;0;0;0;0;0;0;0;0;0;0;0;0;0;0;0;0;0;0;0;0;0;0;0;18.00;0;0;0;0;0;2.00;0;0;0;0;0;0;2.00;0;0;0;0;0;0;0;0;5.00;0;0;0;6.00;0;0;0;0;0;7.00;2.00;0;0;0;0;0;0;0;0;0;0;0;0;0;0;0;104.90;0;0;0;0;0;1006.37;111.60;730.39;753.80;0;0;0;0;0;0;0;0;1601.28;0;0;0;0;0;181.83;0;0;0;0;2157.91;0;0;0;0;1064.09;0;0;0;0;0;0;0;0;0;0;0;0;0;0;0;0;0;0;0;0;0;0;0;0;0;967.38;0;0;0;0;0;41.48;0;0;0;0;0;0;71.39;0;0;0;0;0;0;0;0;275.42;0;0;0;465.66;0;0;0;0;0;293.85;32.15;0;0;0;0;0;0
ebv-miR-BART20-5p;0.00;ebv-mir-BART20;0.00;0;0;0;0;0;0;0;0;0;0;0;0;0;0;0;0;0;0;0;0;0;0;0;0;0;0;0;0;0;0;0;0;0;0;0;0;0;0;0;0;0;0;0;0;0;0;0;0;0;0;0;0;0;0;0;0;0;0;0;0;0;0;0;0;0;0;0;0;0;0;0;0;0;0;0;0;0;0;0;0;0;0;0;0;0;0;0;0;0;0;0;0;0;0;0;0;0;0;0;0;0;0;0;0;0;0;0;0;0;0;0;0;0;0;0;0;0;0;0;0;0;0;0;0;0;0;0;0;0;0;0;0;0;0;0;0;0;0;0;0;0;0;0;0;0;0;0;0;0;0;0;0;0;0;0;0;0;0;0;0;0;0;0;0;0;0;0;0;0;0;0;0;0;0;0;0;0;0;0;0;0;0;0;0;0;0;0;0;0;0;0;0;0;0;0;0;0;0;0;0;0;0;0;0;0;0;0;0;0;0;0;0;0;0;0;0;0;0
ebv-miR-BART20-3p;4.00;ebv-mir-BART20;4.00;0;0;0;0;0;0;0;0;0;0;0;0;0;0;0;0;0;0;0;0;0;0;0;0;0;0;0;0;0;0;0;0;0;0;0;0;0;0;0;0;0;0;0;0;0;0;0;0;0;0;0;0;0;0;0;0;0;0;0;0;0;0;0;0;0;0;0;0;0;0;0;0;0;0;0;0;0;0;0;0;0;0;0;0;0;0;0;0;0;0;0;0;0;0;0;0;0;0;0;0;0;4.00;0;0;0;0;0;0;0;0;0;0;0;0;0;0;0;0;0;0;0;0;0;0;0;0;0;0;0;0;0;0;0;0;0;0;0;0;0;0;0;0;0;0;0;0;0;0;0;0;0;0;0;0;0;0;0;0;0;0;0;0;0;0;0;0;0;0;0;0;0;0;0;0;0;0;0;0;0;0;0;0;0;0;0;0;0;0;0;0;0;0;0;0;0;0;0;0;0;0;0;0;0;0;0;0;0;0;0;0;167.91;0;0;0;0;0;0;0
ebv-miR-BART21-5p;0.00;ebv-mir-BART21;0.00;0;0;0;0;0;0;0;0;0;0;0;0;0;0;0;0;0;0;0;0;0;0;0;0;0;0;0;0;0;0;0;0;0;0;0;0;0;0;0;0;0;0;0;0;0;0;0;0;0;0;0;0;0;0;0;0;0;0;0;0;0;0;0;0;0;0;0;0;0;0;0;0;0;0;0;0;0;0;0;0;0;0;0;0;0;0;0;0;0;0;0;0;0;0;0;0;0;0;0;0;0;0;0;0;0;0;0;0;0;0;0;0;0;0;0;0;0;0;0;0;0;0;0;0;0;0;0;0;0;0;0;0;0;0;0;0;0;0;0;0;0;0;0;0;0;0;0;0;0;0;0;0;0;0;0;0;0;0;0;0;0;0;0;0;0;0;0;0;0;0;0;0;0;0;0;0;0;0;0;0;0;0;0;0;0;0;0;0;0;0;0;0;0;0;0;0;0;0;0;0;0;0;0;0;0;0;0;0;0;0;0;0;0;0;0;0;0;0
ebv-miR-BART21-3p;85.00;ebv-mir-BART21;85.00;0;0;0;0;0;0;0;0;0;0;0;0;0;0;0;0;0;0;0;0;0;0;0;0;0;0;0;0;0;0;0;0;0;0;0;0;0;0;0;0;0;0;0;1.00;0;0;0;0;0;0;1.00;0;0;0;0;0;0;0;0;0;0;0;0;0;0;0;0;0;0;0;0;0;0;0;0;39.00;0;0;0;0;0;0;0;0;0;0;0;44.00;0;0;0;0;0;0;0;0;0;0;0;0;0;0;0;0;0;0;0;0;0;0;0;0;0;0;0;0;0;0;0;0;0;0;0;0;0;0;0;0;0;0;0;0;0;0;0;0;0;0;0;0;0;0;0;0;0;0;0;0;0;0;0;0;48.37;0;0;0;0;0;0;134.28;0;0;0;0;0;0;0;0;0;0;0;0;0;0;0;0;0;0;0;0;0;0;0;0;808.93;0;0;0;0;0;0;0;0;0;0;0;1242.73;0;0;0;0;0;0;0;0;0;0;0;0;0;0;0;0;0;0;0;0;0
ebv-miR-BART22;417656.00;ebv-mir-BART22;417656.00;2359.00;9966.00;18736.00;1211.00;928.00;2915.00;851.00;7979.00;5333.00;2176.00;967.00;1000.00;264.00;6972.00;4706.00;7236.00;20543.00;31372.00;6587.00;31.00;4875.00;1119.00;93.00;58.00;10615.00;1605.00;972.00;87.00;2546.00;1807.00;10776.00;13950.00;3397.00;11747.00;2403.00;654.00;6604.00;354.00;1492.00;132.00;1503.00;1688.00;261.00;5719.00;1742.00;7572.00;1195.00;2866.00;900.00;1004.00;1427.00;3338.00;8634.00;2495.00;14072.00;964.00;1613.00;11.00;354.00;1455.00;4199.00;1170.00;678.00;3396.00;426.00;3746.00;8668.00;1390.00;6361.00;2886.00;2359.00;7027.00;4127.00;1604.00;1276.00;17121.00;4364.00;147.00;36.00;6567.00;451.00;5352.00;538.00;3025.00;14095.00;36.00;2693.00;6036.00;9676.00;946.00;1335.00;429.00;133.00;597.00;1.00;203.00;315.00;9375.00;5038.00;189.00;293.00;4977.00;366.00;1563.00;433.00;4269.00;1276.00;16.00;221.00;70783.45;373762.38;510017.42;176273.65;47366.27;107291.40;77916.13;675099.42;257247.60;57064.93;95036.86;104004.16;91003.10;275018.74;602406.55;346767.62;764191.65;739156.04;381943.64;8194.55;592633.11;90002.41;17363.70;7722.01;580721.05;118075.48;46051.07;11609.29;149133.08;81757.31;358662.01;327065.55;235151.60;427194.71;105803.10;27316.01;269199.41;22496.19;94694.08;20076.05;44520.14;105118.94;31989.21;276614.27;84797.74;211940.55;32075.37;186612.84;83604.27;56537.90;191620.79;217629.42;400742.63;63838.50;394660.09;78284.88;311089.68;26004.73;21233.21;57942.73;184441.71;88502.27;32296.48;96400.59;45184.56;163231.51;339203.26;95075.24;246540.83;155102.92;77754.71;255434.39;263942.18;52783.99;33008.25;355119.06;199078.51;4415.61;2428.99;257438.55;70845.11;126375.44;19204.68;151333.23;493695.27;2269.86;130266.53;170479.58;365518.28;20559.85;93842.26;23631.16;2572.63;29717.76;919.96;15754.75;25779.52;322475.23;239687.90;99212.60;101139.11;208924.52;5884.15;101145.41;7883.62;87678.94;137425.96;9768.01;197674.42
ebv-miR-BART3-5p;64.00;ebv-mir-BART3;64.00;0;0;0;0;0;32.00;0;1.00;0;0;0;0;0;0;0;0;0;0;0;0;0;0;0;0;0;0;0;0;0;0;0;0;0;0;0;1.00;1.00;0;0;0;0;0;0;0;0;0;2.00;0;0;0;12.00;0;0;0;0;0;0;0;0;0;0;0;0;2.00;0;0;0;0;1.00;0;0;0;4.00;0;0;1.00;0;0;0;5.00;0;1.00;0;0;0;0;0;1.00;0;0;0;0;0;0;0;0;0;0;0;0;0;0;0;0;0;0;0;0;0;0;0;0;0;0;1177.81;0;84.61;0;0;0;0;0;0;0;0;0;0;0;0;0;0;0;0;0;0;0;0;0;0;0;0;0;0;0;41.77;40.76;0;0;0;0;0;0;0;0;0;53.68;0;0;0;1611.39;0;0;0;0;0;0;0;0;0;0;0;0;56.77;0;0;0;0;38.76;0;0;0;255.82;0;0;20.74;0;0;0;196.01;0;23.61;0;0;0;0;0;28.24;0;0;0;0;0;0;0;0;0;0;0;0;0;0;0;0;0;0;0;0;0
ebv-miR-BART3-3p;2.00;ebv-mir-BART3;2.00;0;0;0;0;0;0;0;0;0;0;0;0;0;0;0;0;0;0;0;0;0;0;0;0;0;0;0;0;0;0;0;0;0;0;0;0;0;0;0;0;0;0;0;0;0;0;0;0;0;0;0;0;0;0;0;0;0;0;0;0;0;0;0;0;0;0;0;0;0;0;0;0;0;0;0;0;0;0;0;0;0;0;0;0;0;0;0;0;0;0;0;0;0;0;0;0;0;0;0;0;0;0;0;2.00;0;0;0;0;0;0;0;0;0;0;0;0;0;0;0;0;0;0;0;0;0;0;0;0;0;0;0;0;0;0;0;0;0;0;0;0;0;0;0;0;0;0;0;0;0;0;0;0;0;0;0;0;0;0;0;0;0;0;0;0;0;0;0;0;0;0;0;0;0;0;0;0;0;0;0;0;0;0;0;0;0;0;0;0;0;0;0;0;0;0;0;0;0;0;0;0;0;0;0;0;0;0;0;0;0;0;0;0;129.42;0;0;0;0;0
ebv-miR-BART4-5p;64.00;ebv-mir-BART4;64.00;0;0;0;0;0;0;0;3.00;0;0;0;0;0;0;0;2.00;0;0;0;5.00;0;0;0;0;0;0;0;0;0;0;0;0;0;0;0;0;0;0;0;0;0;0;0;0;0;1.00;0;0;0;0;0;0;0;0;0;0;0;0;0;0;0;0;0;0;0;0;3.00;0;0;0;0;0;0;0;0;0;0;0;0;0;1.00;0;0;0;0;0;0;0;0;0;0;0;0;0;0;0;0;0;0;0;0;0;47.00;2.00;0;0;0;0;0;0;0;0;0;0;0;0;253.83;0;0;0;0;0;0;0;95.85;0;0;0;1321.70;0;0;0;0;0;0;0;0;0;0;0;0;0;0;0;0;0;0;0;0;0;0;0;0;0;27.99;0;0;0;0;0;0;0;0;0;0;0;0;0;0;0;0;0;0;0;0;117.40;0;0;0;0;0;0;0;0;0;0;0;0;0;157.08;0;0;0;0;0;0;0;0;0;0;0;0;0;0;0;0;0;0;0;0;0;755.61;129.42;0;0;0;0;0
ebv-miR-BART4-3p;0.00;ebv-mir-BART4;0.00;0;0;0;0;0;0;0;0;0;0;0;0;0;0;0;0;0;0;0;0;0;0;0;0;0;0;0;0;0;0;0;0;0;0;0;0;0;0;0;0;0;0;0;0;0;0;0;0;0;0;0;0;0;0;0;0;0;0;0;0;0;0;0;0;0;0;0;0;0;0;0;0;0;0;0;0;0;0;0;0;0;0;0;0;0;0;0;0;0;0;0;0;0;0;0;0;0;0;0;0;0;0;0;0;0;0;0;0;0;0;0;0;0;0;0;0;0;0;0;0;0;0;0;0;0;0;0;0;0;0;0;0;0;0;0;0;0;0;0;0;0;0;0;0;0;0;0;0;0;0;0;0;0;0;0;0;0;0;0;0;0;0;0;0;0;0;0;0;0;0;0;0;0;0;0;0;0;0;0;0;0;0;0;0;0;0;0;0;0;0;0;0;0;0;0;0;0;0;0;0;0;0;0;0;0;0;0;0;0;0;0;0;0;0;0;0;0;0
ebv-miR-bart5_-1_5-5p;0.00;ebv-mir-BART5;0.00;0;0;0;0;0;0;0;0;0;0;0;0;0;0;0;0;0;0;0;0;0;0;0;0;0;0;0;0;0;0;0;0;0;0;0;0;0;0;0;0;0;0;0;0;0;0;0;0;0;0;0;0;0;0;0;0;0;0;0;0;0;0;0;0;0;0;0;0;0;0;0;0;0;0;0;0;0;0;0;0;0;0;0;0;0;0;0;0;0;0;0;0;0;0;0;0;0;0;0;0;0;0;0;0;0;0;0;0;0;0;0;0;0;0;0;0;0;0;0;0;0;0;0;0;0;0;0;0;0;0;0;0;0;0;0;0;0;0;0;0;0;0;0;0;0;0;0;0;0;0;0;0;0;0;0;0;0;0;0;0;0;0;0;0;0;0;0;0;0;0;0;0;0;0;0;0;0;0;0;0;0;0;0;0;0;0;0;0;0;0;0;0;0;0;0;0;0;0;0;0;0;0;0;0;0;0;0;0;0;0;0;0;0;0;0;0;0;0
ebv-miR-BART5-5p;0.00;ebv-mir-BART5;0.00;0;0;0;0;0;0;0;0;0;0;0;0;0;0;0;0;0;0;0;0;0;0;0;0;0;0;0;0;0;0;0;0;0;0;0;0;0;0;0;0;0;0;0;0;0;0;0;0;0;0;0;0;0;0;0;0;0;0;0;0;0;0;0;0;0;0;0;0;0;0;0;0;0;0;0;0;0;0;0;0;0;0;0;0;0;0;0;0;0;0;0;0;0;0;0;0;0;0;0;0;0;0;0;0;0;0;0;0;0;0;0;0;0;0;0;0;0;0;0;0;0;0;0;0;0;0;0;0;0;0;0;0;0;0;0;0;0;0;0;0;0;0;0;0;0;0;0;0;0;0;0;0;0;0;0;0;0;0;0;0;0;0;0;0;0;0;0;0;0;0;0;0;0;0;0;0;0;0;0;0;0;0;0;0;0;0;0;0;0;0;0;0;0;0;0;0;0;0;0;0;0;0;0;0;0;0;0;0;0;0;0;0;0;0;0;0;0;0
ebv-miR-BART5-3p;0.00;ebv-mir-BART5;0.00;0;0;0;0;0;0;0;0;0;0;0;0;0;0;0;0;0;0;0;0;0;0;0;0;0;0;0;0;0;0;0;0;0;0;0;0;0;0;0;0;0;0;0;0;0;0;0;0;0;0;0;0;0;0;0;0;0;0;0;0;0;0;0;0;0;0;0;0;0;0;0;0;0;0;0;0;0;0;0;0;0;0;0;0;0;0;0;0;0;0;0;0;0;0;0;0;0;0;0;0;0;0;0;0;0;0;0;0;0;0;0;0;0;0;0;0;0;0;0;0;0;0;0;0;0;0;0;0;0;0;0;0;0;0;0;0;0;0;0;0;0;0;0;0;0;0;0;0;0;0;0;0;0;0;0;0;0;0;0;0;0;0;0;0;0;0;0;0;0;0;0;0;0;0;0;0;0;0;0;0;0;0;0;0;0;0;0;0;0;0;0;0;0;0;0;0;0;0;0;0;0;0;0;0;0;0;0;0;0;0;0;0;0;0;0;0;0;0
ebv-miR-BART6-5p;0.00;ebv-mir-BART6;0.00;0;0;0;0;0;0;0;0;0;0;0;0;0;0;0;0;0;0;0;0;0;0;0;0;0;0;0;0;0;0;0;0;0;0;0;0;0;0;0;0;0;0;0;0;0;0;0;0;0;0;0;0;0;0;0;0;0;0;0;0;0;0;0;0;0;0;0;0;0;0;0;0;0;0;0;0;0;0;0;0;0;0;0;0;0;0;0;0;0;0;0;0;0;0;0;0;0;0;0;0;0;0;0;0;0;0;0;0;0;0;0;0;0;0;0;0;0;0;0;0;0;0;0;0;0;0;0;0;0;0;0;0;0;0;0;0;0;0;0;0;0;0;0;0;0;0;0;0;0;0;0;0;0;0;0;0;0;0;0;0;0;0;0;0;0;0;0;0;0;0;0;0;0;0;0;0;0;0;0;0;0;0;0;0;0;0;0;0;0;0;0;0;0;0;0;0;0;0;0;0;0;0;0;0;0;0;0;0;0;0;0;0;0;0;0;0;0;0
ebv-miR-BART6-3p;5.00;ebv-mir-BART6;5.00;0;0;0;0;0;0;0;0;4.00;0;0;0;0;0;0;0;0;0;0;0;0;0;0;0;0;0;0;0;0;0;0;0;0;0;0;0;0;0;0;0;0;0;0;0;0;0;0;0;0;0;0;0;0;0;0;0;0;0;0;0;0;0;0;0;0;0;0;0;0;0;0;1.00;0;0;0;0;0;0;0;0;0;0;0;0;0;0;0;0;0;0;0;0;0;0;0;0;0;0;0;0;0;0;0;0;0;0;0;0;0;0;0;0;0;0;0;0;0;192.95;0;0;0;0;0;0;0;0;0;0;0;0;0;0;0;0;0;0;0;0;0;0;0;0;0;0;0;0;0;0;0;0;0;0;0;0;0;0;0;0;0;0;0;0;0;0;0;0;0;0;0;0;0;0;0;0;0;0;0;0;0;0;36.35;0;0;0;0;0;0;0;0;0;0;0;0;0;0;0;0;0;0;0;0;0;0;0;0;0;0;0;0;0;0;0;0;0;0;0;0;0
ebv-miR-BART7-5p;144.00;ebv-mir-BART7;144.00;0;0;0;0;0;0;0;0;0;0;0;0;0;0;0;0;0;0;0;0;0;1.00;0;0;1.00;0;0;0;0;0;0;0;1.00;0;0;0;0;0;0;0;2.00;0;0;2.00;1.00;1.00;0;2.00;0;0;0;26.00;0;1.00;1.00;0;0;0;0;0;0;0;0;0;0;41.00;3.00;0;0;0;0;2.00;0;0;0;0;2.00;0;1.00;2.00;1.00;0;43.00;0;1.00;0;0;0;0;0;0;0;0;0;0;1.00;0;3.00;1.00;0;0;0;0;1.00;2.00;1.00;0;0;0;0;0;0;0;0;0;0;0;0;0;0;0;0;0;0;0;0;0;0;0;0;80.43;0;0;54.71;0;0;0;0;0;0;0;69.22;0;0;0;0;0;0;0;59.24;0;0;96.74;48.68;27.99;0;130.23;0;0;0;1695.14;0;25.59;28.05;0;0;0;0;0;0;0;0;0;0;1786.57;117.40;0;0;0;0;72.70;0;0;0;0;91.24;0;67.47;78.40;157.08;0;1534.95;0;35.03;0;0;0;0;0;0;0;0;0;0;77.61;0;103.19;47.58;0;0;0;0;64.71;36.41;20.54;0;0;0
ebv-miR-BART7-3p;39.00;ebv-mir-BART7;39.00;0;0;0;0;0;0;0;0;0;0;0;0;0;0;0;0;0;0;0;0;0;0;0;0;0;0;0;0;0;0;0;0;0;0;0;0;0;0;0;0;0;0;0;0;0;0;0;0;0;0;0;0;0;0;0;0;0;0;0;0;0;0;0;0;0;39.00;0;0;0;0;0;0;0;0;0;0;0;0;0;0;0;0;0;0;0;0;0;0;0;0;0;0;0;0;0;0;0;0;0;0;0;0;0;0;0;0;0;0;0;0;0;0;0;0;0;0;0;0;0;0;0;0;0;0;0;0;0;0;0;0;0;0;0;0;0;0;0;0;0;0;0;0;0;0;0;0;0;0;0;0;0;0;0;0;0;0;0;0;0;0;0;0;0;0;0;0;0;0;0;0;0;0;0;0;1699.42;0;0;0;0;0;0;0;0;0;0;0;0;0;0;0;0;0;0;0;0;0;0;0;0;0;0;0;0;0;0;0;0;0;0;0;0;0;0;0;0;0;0;0
ebv-miR-BART8-5p;93.00;ebv-mir-BART8;93.00;0;0;0;0;0;1.00;0;0;0;0;0;0;0;0;0;0;0;0;0;0;0;57.00;0;0;0;0;0;0;0;0;0;0;0;0;0;0;0;0;1.00;0;0;0;0;0;0;0;0;0;0;0;0;0;0;0;0;0;0;0;0;0;0;0;0;0;0;0;0;0;0;0;0;0;0;0;0;0;30.00;0;0;0;0;0;0;0;0;0;0;0;0;0;4.00;0;0;0;0;0;0;0;0;0;0;0;0;0;0;0;0;0;0;0;0;0;0;0;36.81;0;0;0;0;0;0;0;0;0;0;0;0;0;0;0;4584.57;0;0;0;0;0;0;0;0;0;0;0;0;0;0;0;0;63.47;0;0;0;0;0;0;0;0;0;0;0;0;0;0;0;0;0;0;0;0;0;0;0;0;0;0;0;0;0;0;0;0;0;0;0;0;0;1368.55;0;0;0;0;0;0;0;0;0;0;0;0;0;281.18;0;0;0;0;0;0;0;0;0;0;0;0;0;0;0;0;0;0
ebv-miR-BART8-3p;130.00;ebv-mir-BART8;130.00;0;0;0;0;0;0;0;0;0;0;0;0;0;1.00;0;0;0;0;0;0;0;0;0;0;1.00;0;0;0;0;0;0;0;0;0;2.00;0;0;0;0;0;0;0;0;35.00;0;0;1.00;0;0;0;0;0;0;0;0;0;0;0;0;0;0;0;0;0;0;0;87.00;0;0;0;0;0;0;0;0;2.00;0;0;1.00;0;0;0;0;0;0;0;0;0;0;0;0;0;0;0;0;0;0;0;0;0;0;0;0;0;0;0;0;0;0;0;0;0;0;0;0;0;0;0;0;0;0;0;39.45;0;0;0;0;0;0;0;0;0;0;54.71;0;0;0;0;0;0;0;0;0;88.06;0;0;0;0;0;0;0;0;1692.87;0;0;26.84;0;0;0;0;0;0;0;0;0;0;0;0;0;0;0;0;0;0;0;3404.56;0;0;0;0;0;0;0;0;41.48;0;0;67.47;0;0;0;0;0;0;0;0;0;0;0;0;0;0;0;0;0;0;0;0;0;0;0;0;0;0;0;0;0;0
ebv-miR-BART9-5p;94.00;ebv-mir-BART9;94.00;1.00;0;0;0;0;0;0;0;0;0;0;0;0;0;0;0;0;0;0;0;0;0;0;0;0;0;0;0;0;0;0;0;0;0;0;0;0;0;0;0;0;0;0;0;0;0;0;0;0;0;0;0;0;0;0;3.00;0;6.00;0;0;0;0;0;0;0;33.00;0;0;3.00;0;0;48.00;0;0;0;0;0;0;0;0;0;0;0;0;0;0;0;0;0;0;0;0;0;0;0;0;0;0;0;0;0;0;0;0;0;0;0;0;0;30.01;0;0;0;0;0;0;0;0;0;0;0;0;0;0;0;0;0;0;0;0;0;0;0;0;0;0;0;0;0;0;0;0;0;0;0;0;0;0;0;0;0;0;0;0;0;0;0;0;0;0;0;0;0;0;243.63;0;14184.40;0;0;0;0;0;0;0;1437.97;0;0;116.27;0;0;1744.82;0;0;0;0;0;0;0;0;0;0;0;0;0;0;0;0;0;0;0;0;0;0;0;0;0;0;0;0;0;0;0;0;0;0;0;0;0
ebv-miR-BART9-3p;0.00;ebv-mir-BART9;0.00;0;0;0;0;0;0;0;0;0;0;0;0;0;0;0;0;0;0;0;0;0;0;0;0;0;0;0;0;0;0;0;0;0;0;0;0;0;0;0;0;0;0;0;0;0;0;0;0;0;0;0;0;0;0;0;0;0;0;0;0;0;0;0;0;0;0;0;0;0;0;0;0;0;0;0;0;0;0;0;0;0;0;0;0;0;0;0;0;0;0;0;0;0;0;0;0;0;0;0;0;0;0;0;0;0;0;0;0;0;0;0;0;0;0;0;0;0;0;0;0;0;0;0;0;0;0;0;0;0;0;0;0;0;0;0;0;0;0;0;0;0;0;0;0;0;0;0;0;0;0;0;0;0;0;0;0;0;0;0;0;0;0;0;0;0;0;0;0;0;0;0;0;0;0;0;0;0;0;0;0;0;0;0;0;0;0;0;0;0;0;0;0;0;0;0;0;0;0;0;0;0;0;0;0;0;0;0;0;0;0;0;0;0;0;0;0;0;0
ebv-miR-BHRF1-1;1.00;ebv-mir-BHRF1-1;1.00;0;0;0;0;0;0;0;0;0;0;0;1.00;0;0;0;0;0;0;0;0;0;0;0;0;0;0;0;0;0;0;0;0;0;0;0;0;0;0;0;0;0;0;0;0;0;0;0;0;0;0;0;0;0;0;0;0;0;0;0;0;0;0;0;0;0;0;0;0;0;0;0;0;0;0;0;0;0;0;0;0;0;0;0;0;0;0;0;0;0;0;0;0;0;0;0;0;0;0;0;0;0;0;0;0;0;0;0;0;0;0;0;0;0;0;0;0;0;0;0;0;104.00;0;0;0;0;0;0;0;0;0;0;0;0;0;0;0;0;0;0;0;0;0;0;0;0;0;0;0;0;0;0;0;0;0;0;0;0;0;0;0;0;0;0;0;0;0;0;0;0;0;0;0;0;0;0;0;0;0;0;0;0;0;0;0;0;0;0;0;0;0;0;0;0;0;0;0;0;0;0;0;0;0;0;0;0;0;0;0;0;0;0;0;0;0;0;0;0;0
ebv-miR-BHRF1-2-5p;20.00;ebv-mir-BHRF1-2;20.00;0;0;0;0;0;0;0;0;0;0;0;0;0;0;0;0;0;0;0;0;0;0;0;0;0;0;0;0;0;0;0;0;0;0;0;0;0;0;0;0;0;0;0;0;0;0;0;0;0;0;0;0;0;0;0;0;0;0;0;0;0;0;0;0;0;0;0;0;0;0;0;0;0;0;0;0;0;0;0;0;0;0;0;0;0;0;0;0;0;0;0;20.00;0;0;0;0;0;0;0;0;0;0;0;0;0;0;0;0;0;0;0;0;0;0;0;0;0;0;0;0;0;0;0;0;0;0;0;0;0;0;0;0;0;0;0;0;0;0;0;0;0;0;0;0;0;0;0;0;0;0;0;0;0;0;0;0;0;0;0;0;0;0;0;0;0;0;0;0;0;0;0;0;0;0;0;0;0;0;0;0;0;0;0;0;0;0;0;0;0;0;0;0;0;0;0;0;0;0;0;0;1101.69;0;0;0;0;0;0;0;0;0;0;0;0;0;0;0;0;0
ebv-miR-BHRF1-2-3p;30.00;ebv-mir-BHRF1-2;30.00;0;0;0;0;0;0;0;0;0;0;0;0;0;0;0;0;0;0;0;0;0;0;0;0;0;0;0;0;0;0;0;0;0;0;0;0;0;0;0;0;0;0;0;0;0;0;0;0;0;0;0;0;0;0;0;0;0;0;0;0;0;0;0;0;0;0;0;0;0;0;0;29.00;0;1.00;0;0;0;0;0;0;0;0;0;0;0;0;0;0;0;0;0;0;0;0;0;0;0;0;0;0;0;0;0;0;0;0;0;0;0;0;0;0;0;0;0;0;0;0;0;0;0;0;0;0;0;0;0;0;0;0;0;0;0;0;0;0;0;0;0;0;0;0;0;0;0;0;0;0;0;0;0;0;0;0;0;0;0;0;0;0;0;0;0;0;0;0;0;0;0;0;0;0;0;0;0;0;0;0;0;0;1054.16;0;32.91;0;0;0;0;0;0;0;0;0;0;0;0;0;0;0;0;0;0;0;0;0;0;0;0;0;0;0;0;0;0;0;0;0;0;0
ebv-miR-BHRF1-3;88.00;ebv-mir-BHRF1-3;88.00;0;0;0;0;0;0;0;0;0;0;0;0;1.00;0;0;0;3.00;6.00;0;0;0;0;70.00;0;1.00;0;0;0;0;0;0;0;0;0;0;0;0;0;0;0;0;0;1.00;0;0;0;0;0;0;0;0;0;0;0;0;0;0;0;0;0;0;0;0;0;0;0;0;0;0;0;0;0;0;0;0;0;0;0;0;0;0;0;0;0;0;0;0;0;0;0;0;0;2.00;0;0;3.00;0;0;0;0;0;0;0;0;0;0;0;1.00;0;0;0;0;0;0;0;0;0;0;0;0;0;344.71;0;0;0;111.60;141.37;0;0;0;0;13069.45;0;54.71;0;0;0;0;0;0;0;0;0;0;0;0;0;0;0;0;0;122.56;0;0;0;0;0;0;0;0;0;0;0;0;0;0;0;0;0;0;0;0;0;0;0;0;0;0;0;0;0;0;0;0;0;0;0;0;0;0;0;0;0;0;0;0;0;0;0;0;0;38.69;0;0;232.83;0;0;0;0;0;0;0;0;0;0;0;610.50;0
gggpv1-miR-P1-5p;2.00;gggpv1-mir-P1;2.00;0;0;0;0;0;0;0;0;0;0;0;0;0;0;0;0;0;0;0;0;0;0;0;0;0;0;0;0;0;0;0;0;0;0;0;0;0;0;2.00;0;0;0;0;0;0;0;0;0;0;0;0;0;0;0;0;0;0;0;0;0;0;0;0;0;0;0;0;0;0;0;0;0;0;0;0;0;0;0;0;0;0;0;0;0;0;0;0;0;0;0;0;0;0;0;0;0;0;0;0;0;0;0;0;0;0;0;0;0;0;0;0;0;0;0;0;0;0;0;0;0;0;0;0;0;0;0;0;0;0;0;0;0;0;0;0;0;0;0;0;0;0;0;0;0;0;0;0;126.94;0;0;0;0;0;0;0;0;0;0;0;0;0;0;0;0;0;0;0;0;0;0;0;0;0;0;0;0;0;0;0;0;0;0;0;0;0;0;0;0;0;0;0;0;0;0;0;0;0;0;0;0;0;0;0;0;0;0;0;0;0;0;0;0;0;0;0;0;0;0
gggpv1-miR-P1-3p;146.00;gggpv1-mir-P1;146.00;49.00;0;0;0;0;0;0;0;0;0;0;0;2.00;0;0;0;0;0;0;0;0;0;0;1.00;0;0;0;5.00;0;0;0;0;0;0;0;0;0;0;0;0;0;0;0;2.00;0;0;0;0;0;0;0;0;1.00;0;0;0;0;0;0;0;0;0;0;0;0;0;0;0;0;0;0;0;0;0;0;39.00;0;46.00;0;0;0;0;0;0;0;0;0;0;0;0;0;0;0;0;0;0;0;0;0;0;0;0;0;0;0;1.00;0;0;0;1470.28;0;0;0;0;0;0;0;0;0;0;0;689.42;0;0;0;0;0;0;0;0;0;0;133.14;0;0;0;667.20;0;0;0;0;0;0;0;0;0;0;0;0;0;0;0;96.74;0;0;0;0;0;0;0;0;46.41;0;0;0;0;0;0;0;0;0;0;0;0;0;0;0;0;0;0;0;0;0;0;808.93;0;1381.75;0;0;0;0;0;0;0;0;0;0;0;0;0;0;0;0;0;0;0;0;0;0;0;0;0;0;0;20.54;0;0;0
hbv-miR-B14RC-3p;558.00;hbv-mir-B14RC;558.00;3.00;1.00;29.00;0;0;0;0;0;0;0;0;0;0;102.00;0;1.00;0;3.00;0;0;0;35.00;1.00;2.00;2.00;0;0;0;61.00;0;8.00;0;0;0;0;0;0;0;0;0;0;0;0;0;0;0;0;0;0;5.00;0;0;0;0;0;0;0;0;0;1.00;0;0;1.00;0;0;0;1.00;0;0;1.00;0;52.00;0;0;0;127.00;0;0;0;0;0;1.00;1.00;0;7.00;0;1.00;0;0;0;0;0;0;0;0;1.00;0;0;0;0;2.00;0;1.00;84.00;1.00;23.00;0;0;0;90.02;37.50;789.42;0;0;0;0;0;0;0;0;0;0;4023.51;0;47.92;0;70.68;0;0;0;2815.09;186.71;266.28;109.42;0;0;0;3573.10;0;266.27;0;0;0;0;0;0;0;0;0;0;0;0;0;0;0;0;0;0;281.56;0;0;0;0;0;0;0;0;0;39.82;0;0;47.63;0;0;0;39.13;0;0;53.74;0;1890.22;0;0;0;2634.20;0;0;0;0;0;23.61;35.70;0;245.18;0;48.37;0;0;0;0;0;0;0;0;77.61;0;0;0;0;690.37;0;16.08;5435.84;18.21;472.39;0;0;0
hbv-miR-B19-5p;8.00;hbv-mir-B19;8.00;0;0;0;0;0;0;0;0;0;0;0;0;0;0;0;0;0;0;0;0;0;0;0;0;0;0;0;0;0;0;0;0;0;0;0;0;0;0;0;0;0;0;0;0;0;0;0;0;0;0;0;0;0;0;0;0;0;0;0;0;0;0;0;0;0;0;0;0;0;0;0;1.00;0;0;0;0;0;0;0;0;0;0;0;0;0;0;7.00;0;0;0;0;0;0;0;0;0;0;0;0;0;0;0;0;0;0;0;0;0;0;0;0;0;0;0;0;0;0;0;0;0;0;0;0;0;0;0;0;0;0;0;0;0;0;0;0;0;0;0;0;0;0;0;0;0;0;0;0;0;0;0;0;0;0;0;0;0;0;0;0;0;0;0;0;0;0;0;0;0;0;0;0;0;0;0;0;0;0;0;0;0;36.35;0;0;0;0;0;0;0;0;0;0;0;0;0;0;338.61;0;0;0;0;0;0;0;0;0;0;0;0;0;0;0;0;0;0;0;0;0;0
hbv-miR-B2-3p;33.00;hbv-mir-B2;33.00;0;0;0;0;0;0;0;0;0;0;0;0;0;2.00;0;0;0;0;0;0;0;0;0;0;3.00;0;0;0;0;0;3.00;0;0;0;0;0;0;0;2.00;0;0;0;0;0;1.00;0;0;0;0;2.00;0;0;0;0;0;0;0;0;0;0;0;0;0;0;0;1.00;0;0;0;0;0;0;0;0;0;0;0;0;0;0;0;0;0;0;0;0;12.00;2.00;1.00;0;0;0;0;0;0;0;0;2.00;0;0;0;0;1.00;1.00;0;0;0;0;0;0;0;0;0;0;0;0;0;0;0;0;0;0;78.89;0;0;0;0;0;0;0;0;0;0;164.12;0;0;0;0;0;99.85;0;0;0;0;0;0;0;126.94;0;0;0;0;0;48.68;0;0;0;0;112.63;0;0;0;0;0;0;0;0;0;0;0;0;0;0;0;43.57;0;0;0;0;0;0;0;0;0;0;0;0;0;0;0;0;0;0;0;0;580.47;56.49;37.78;0;0;0;0;0;0;0;0;68.79;0;0;0;0;16.08;64.71;0;0;0;0;0
hbv-miR-B20-5p;24.00;hbv-mir-B20;24.00;0;0;0;0;0;0;0;0;0;0;0;1.00;0;0;0;0;6.00;10.00;0;0;0;0;0;0;0;0;0;0;0;0;0;0;0;0;0;0;0;0;0;0;0;0;0;0;0;0;0;0;0;0;0;0;0;0;0;0;0;0;0;0;0;0;0;0;0;0;0;0;0;0;0;0;0;0;0;0;0;0;1.00;0;0;3.00;1.00;0;0;0;0;0;0;0;1.00;0;0;0;1.00;0;0;0;0;0;0;0;0;0;0;0;0;0;0;0;0;0;0;0;0;0;0;0;0;0;104.00;0;0;0;0;223.20;235.61;0;0;0;0;0;0;0;0;0;0;0;0;0;0;0;0;0;0;0;0;0;0;0;0;0;0;0;0;0;0;0;0;0;0;0;0;0;0;0;0;0;0;0;0;0;0;0;0;0;0;0;0;0;0;0;0;0;0;0;0;67.47;0;0;70.84;35.70;0;0;0;0;0;0;0;70.29;0;0;0;919.96;0;0;0;0;0;0;0;0;0;0;0;0;0;0
hbv-miR-B20-3p;14.00;hbv-mir-B20;14.00;0;0;0;0;0;0;0;0;0;0;0;0;0;0;0;0;0;11.00;0;0;0;0;0;0;0;0;0;0;0;0;0;0;0;0;0;0;0;0;0;0;0;0;0;0;0;0;0;0;0;0;0;0;0;0;0;0;0;0;0;0;0;0;0;0;0;0;1.00;0;0;0;0;0;0;0;0;0;0;0;0;0;0;0;0;0;0;0;0;0;0;0;0;0;0;0;0;0;0;0;0;0;0;0;2.00;0;0;0;0;0;0;0;0;0;0;0;0;0;0;0;0;0;0;0;0;0;0;0;259.17;0;0;0;0;0;0;0;0;0;0;0;0;0;0;0;0;0;0;0;0;0;0;0;0;0;0;0;0;0;0;0;0;0;0;0;0;0;0;0;0;0;0;0;0;0;0;0;0;39.13;0;0;0;0;0;0;0;0;0;0;0;0;0;0;0;0;0;0;0;0;0;0;0;0;0;0;0;0;0;0;0;0;0;0;0;32.15;0;0;0;0;0;0
hbv-miR-B21RC-5p;148.00;hbv-mir-B21RC;148.00;0;0;0;1.00;0;0;0;0;0;0;0;0;0;0;0;0;0;15.00;0;0;0;6.00;0;0;0;0;0;0;0;2.00;0;0;0;0;4.00;0;0;0;4.00;0;3.00;0;0;0;0;0;1.00;0;2.00;0;0;1.00;0;3.00;0;0;0;0;0;3.00;0;0;3.00;0;0;0;0;0;1.00;0;0;0;0;0;0;2.00;0;0;0;0;0;0;0;4.00;0;0;0;0;15.00;0;0;0;0;0;0;0;0;0;0;0;1.00;6.00;64.00;1.00;0;6.00;0;0;0;0;0;0;145.56;0;0;0;0;0;0;0;0;0;0;0;0;0;353.42;0;0;0;482.59;0;0;0;0;0;0;0;90.49;0;0;0;0;176.12;0;0;0;253.87;0;88.86;0;0;0;0;0;26.84;0;185.79;0;0;65.20;0;76.76;0;0;0;0;0;119.47;0;0;142.90;0;0;0;0;0;38.76;0;0;0;0;0;0;41.48;0;0;0;0;0;0;0;200.11;0;0;0;0;566.64;0;0;0;0;0;0;0;0;0;0;0;345.18;251.87;1028.92;64.71;0;123.23;0;0;0
hbv-miR-B22-3p;49.00;hbv-mir-B22;49.00;0;1.00;0;0;0;0;0;0;0;0;0;0;0;0;0;2.00;0;0;0;0;0;0;0;0;0;0;0;0;0;0;0;0;0;0;1.00;0;0;0;0;0;0;0;0;0;0;0;0;0;0;0;0;0;0;0;0;0;0;0;0;0;0;0;0;0;0;0;0;0;0;0;0;0;0;2.00;0;0;0;0;0;0;0;0;0;0;0;0;0;0;0;0;0;0;1.00;0;0;0;0;0;0;0;0;0;42.00;0;0;0;0;0;0;0;37.50;0;0;0;0;0;0;0;0;0;0;0;0;0;95.85;0;0;0;0;0;0;0;0;0;0;0;0;0;0;0;0;0;0;44.03;0;0;0;0;0;0;0;0;0;0;0;0;0;0;0;0;0;0;0;0;0;0;0;0;0;0;0;0;0;0;0;0;0;0;0;0;0;0;65.82;0;0;0;0;0;0;0;0;0;0;0;0;0;0;0;0;0;0;19.34;0;0;0;0;0;0;0;0;0;675.23;0;0;0;0;0;0
hbv-miR-B26-5p;126.00;hbv-mir-B26;126.00;0;0;0;0;0;0;0;0;0;0;0;0;4.00;0;0;0;0;0;0;0;0;0;0;0;0;0;0;0;0;0;0;0;0;0;0;0;0;0;0;0;0;0;0;0;0;0;0;0;0;0;0;0;0;0;0;0;0;0;0;0;0;0;0;0;0;0;0;0;0;0;0;0;0;0;0;0;0;0;0;0;0;0;0;0;0;0;0;1.00;0;0;120.00;0;0;0;0;0;0;0;0;0;0;1.00;0;0;0;0;0;0;0;0;0;0;0;0;0;0;0;0;0;0;0;1378.83;0;0;0;0;0;0;0;0;0;0;0;0;0;0;0;0;0;0;0;0;0;0;0;0;0;0;0;0;0;0;0;0;0;0;0;0;0;0;0;0;0;0;0;0;0;0;0;0;0;0;0;0;0;0;0;0;0;0;0;0;0;0;0;0;0;0;0;0;0;0;0;0;0;0;28.24;0;0;8435.26;0;0;0;0;0;0;0;0;0;0;41.98;0;0;0;0;0;0;0
hbv-miR-B2RC;317.00;hbv-mir-B2RC;317.00;0;0;0;0;0;0;0;0;0;0;0;0;0;1.00;0;0;0;0;0;0;0;0;0;1.00;0;0;0;0;0;0;32.00;54.00;0;0;23.00;0;0;0;0;38.00;0;1.00;0;0;0;0;0;0;0;0;0;0;0;0;0;0;0;0;0;0;0;0;0;0;0;0;0;0;0;0;0;0;0;0;0;0;0;0;0;0;0;0;0;1.00;0;0;0;0;0;0;42.00;0;123.00;0;0;0;0;0;0;0;0;1.00;0;0;0;0;0;0;0;0;0;0;0;0;0;0;0;0;0;0;0;0;39.45;0;0;0;0;0;0;0;0;0;133.14;0;0;0;0;0;0;1065.07;1266.06;0;0;1012.68;0;0;0;0;5779.47;0;62.27;0;0;0;0;0;0;0;0;0;0;0;0;0;0;0;0;0;0;0;0;0;0;0;0;0;0;0;0;0;0;0;0;0;0;0;0;0;0;0;0;0;50.03;0;0;0;0;0;0;2952.34;0;2379.20;0;0;0;0;0;0;0;0;41.98;0;0;0;0;0;0;0
hbv-miR-B3RC-5p;1.00;hbv-mir-B3RC;1.00;0;0;0;0;0;0;0;1.00;0;0;0;0;0;0;0;0;0;0;0;0;0;0;0;0;0;0;0;0;0;0;0;0;0;0;0;0;0;0;0;0;0;0;0;0;0;0;0;0;0;0;0;0;0;0;0;0;0;0;0;0;0;0;0;0;0;0;0;0;0;0;0;0;0;0;0;0;0;0;0;0;0;0;0;0;0;0;0;0;0;0;0;0;0;0;0;0;0;0;0;0;0;0;0;0;0;0;0;0;0;0;0;0;0;0;0;0;84.61;0;0;0;0;0;0;0;0;0;0;0;0;0;0;0;0;0;0;0;0;0;0;0;0;0;0;0;0;0;0;0;0;0;0;0;0;0;0;0;0;0;0;0;0;0;0;0;0;0;0;0;0;0;0;0;0;0;0;0;0;0;0;0;0;0;0;0;0;0;0;0;0;0;0;0;0;0;0;0;0;0;0;0;0;0;0;0;0;0;0;0;0;0;0;0;0;0;0;0;0;0
hbv-miR-B3RC-3p;4.00;hbv-mir-B3RC;4.00;0;0;0;0;0;0;0;0;0;0;0;0;0;0;0;0;0;0;0;0;0;0;0;0;0;0;0;0;0;0;0;0;0;0;0;0;0;0;0;0;0;0;0;0;0;0;0;0;0;0;0;0;0;0;0;0;0;0;0;0;0;0;0;0;0;0;0;0;0;0;0;0;0;0;0;0;0;0;0;0;0;0;0;0;0;0;0;0;0;0;3.00;0;0;0;0;0;0;0;0;0;0;0;0;1.00;0;0;0;0;0;0;0;0;0;0;0;0;0;0;0;0;0;0;0;0;0;0;0;0;0;0;0;0;0;0;0;0;0;0;0;0;0;0;0;0;0;0;0;0;0;0;0;0;0;0;0;0;0;0;0;0;0;0;0;0;0;0;0;0;0;0;0;0;0;0;0;0;0;0;0;0;0;0;0;0;0;0;0;0;0;0;0;0;0;0;0;0;0;0;0;210.88;0;0;0;0;0;0;0;0;0;0;0;0;64.71;0;0;0;0;0
hbv-miR-B4;543.00;hbv-mir-B4;543.00;0;0;0;0;0;0;0;0;0;0;0;0;0;0;0;0;0;1.00;0;0;0;0;0;0;0;0;0;0;0;0;0;0;0;0;0;0;0;0;0;0;0;0;0;0;0;0;11.00;0;0;0;0;0;0;0;47.00;0;0;0;0;1.00;1.00;0;1.00;0;0;49.00;0;0;0;0;0;0;0;0;0;0;0;42.00;0;0;0;0;0;0;0;0;0;3.00;0;0;163.00;0;0;0;0;0;0;222.00;0;0;0;0;0;2.00;0;0;0;0;0;0;0;0;0;0;0;0;0;0;0;0;0;0;0;0;0;0;23.56;0;0;0;0;0;0;0;0;0;0;0;0;0;0;0;0;0;0;0;0;0;0;0;0;0;0;0;0;295.25;0;0;0;0;0;0;0;1318.15;0;0;0;0;39.82;43.93;0;47.63;0;0;2135.17;0;0;0;0;0;0;0;0;0;0;0;1261.60;0;0;0;0;0;0;0;0;0;84.73;0;0;11457.89;0;0;0;0;0;0;7636.21;0;0;0;0;0;129.42;0;0;0;0;0
hbv-miR-B7-5p;81.00;hbv-mir-B7;81.00;0;0;0;0;0;0;0;0;0;0;0;0;0;0;0;0;0;0;0;0;0;0;0;0;0;0;0;13.00;0;0;34.00;0;0;0;0;0;0;0;0;0;0;0;0;0;0;0;0;0;0;0;0;0;0;0;0;0;0;0;0;0;0;0;0;0;0;0;0;0;0;0;0;0;0;0;0;0;0;0;0;0;0;0;0;0;0;0;0;0;0;0;1.00;0;0;0;0;0;0;0;0;0;0;0;0;0;33.00;0;0;0;0;0;0;0;0;0;0;0;0;0;0;0;0;0;0;0;0;0;0;0;0;0;0;0;0;0;0;0;1734.72;0;0;1131.64;0;0;0;0;0;0;0;0;0;0;0;0;0;0;0;0;0;0;0;0;0;0;0;0;0;0;0;0;0;0;0;0;0;0;0;0;0;0;0;0;0;0;0;0;0;0;0;0;0;0;0;0;0;0;0;0;0;0;0;70.29;0;0;0;0;0;0;0;0;0;0;0;0;0;600.83;0;0;0;0
hbv-miR-B8-5p;240.00;hbv-mir-B8;240.00;0;0;0;0;46.00;0;0;0;0;0;0;0;0;0;0;0;0;0;0;0;0;0;83.00;0;0;1.00;0;0;0;0;0;0;0;0;0;0;0;0;0;0;0;0;0;0;0;0;0;0;0;0;0;0;8.00;0;0;0;0;0;0;0;0;0;0;0;0;0;0;0;0;0;0;22.00;0;0;0;1.00;0;0;0;0;0;0;0;0;0;0;1.00;0;0;4.00;0;34.00;0;0;0;0;0;0;0;0;0;0;0;2.00;38.00;0;0;0;0;0;0;0;0;2347.90;0;0;0;0;0;0;0;0;0;0;0;0;0;0;0;0;0;15496.64;0;0;73.57;0;0;0;0;0;0;0;0;0;0;0;0;0;0;0;0;0;0;0;0;0;0;0;0;0;0;371.32;0;0;0;0;0;0;0;0;0;0;0;0;0;0;0;0;0;0;799.71;0;0;0;20.74;0;0;0;0;0;0;0;0;0;0;48.37;0;0;86.93;0;1872.87;0;0;0;0;0;0;0;0;0;0;0;129.42;691.87;0;0;0;0
hbv-miR-B8-3p;0.00;hbv-mir-B8;0.00;0;0;0;0;0;0;0;0;0;0;0;0;0;0;0;0;0;0;0;0;0;0;0;0;0;0;0;0;0;0;0;0;0;0;0;0;0;0;0;0;0;0;0;0;0;0;0;0;0;0;0;0;0;0;0;0;0;0;0;0;0;0;0;0;0;0;0;0;0;0;0;0;0;0;0;0;0;0;0;0;0;0;0;0;0;0;0;0;0;0;0;0;0;0;0;0;0;0;0;0;0;0;0;0;0;0;0;0;0;0;0;0;0;0;0;0;0;0;0;0;0;0;0;0;0;0;0;0;0;0;0;0;0;0;0;0;0;0;0;0;0;0;0;0;0;0;0;0;0;0;0;0;0;0;0;0;0;0;0;0;0;0;0;0;0;0;0;0;0;0;0;0;0;0;0;0;0;0;0;0;0;0;0;0;0;0;0;0;0;0;0;0;0;0;0;0;0;0;0;0;0;0;0;0;0;0;0;0;0;0;0;0;0;0;0;0;0;0
hcmv-miR-UL112-5p;42.00;hcmv-mir-UL112;42.00;0;0;0;0;0;0;1.00;0;0;0;0;0;0;0;0;0;0;0;0;0;0;0;1.00;0;0;0;0;0;0;0;0;0;0;0;0;0;0;0;0;0;0;0;0;0;0;0;0;0;0;0;0;1.00;0;0;39.00;0;0;0;0;0;0;0;0;0;0;0;0;0;0;0;0;0;0;0;0;0;0;0;0;0;0;0;0;0;0;0;0;0;0;0;0;0;0;0;0;0;0;0;0;0;0;0;0;0;0;0;0;0;0;0;0;0;0;0;0;91.56;0;0;0;0;0;0;0;0;0;0;0;0;0;0;0;186.71;0;0;0;0;0;0;0;0;0;0;0;0;0;0;0;0;0;0;0;0;0;0;0;0;0;0;0;0;65.20;0;0;1093.79;0;0;0;0;0;0;0;0;0;0;0;0;0;0;0;0;0;0;0;0;0;0;0;0;0;0;0;0;0;0;0;0;0;0;0;0;0;0;0;0;0;0;0;0;0;0;0;0;0;0;0;0;0;0
hcmv-miR-UL112-3p;77.00;hcmv-mir-UL112;77.00;0;0;0;0;0;0;0;0;32.00;0;0;0;0;0;0;0;0;0;0;0;0;0;0;0;0;0;0;0;0;0;0;0;0;0;0;0;0;0;0;0;0;0;0;0;0;0;0;0;0;0;21.00;0;0;2.00;0;0;0;0;0;0;0;0;0;0;0;0;0;0;0;0;0;0;0;0;0;4.00;0;0;0;0;0;0;0;0;0;0;0;0;0;0;17.00;0;0;0;0;0;0;0;0;0;0;0;0;0;1.00;0;0;0;0;0;0;0;0;0;0;0;0;1543.58;0;0;0;0;0;0;0;0;0;0;0;0;0;0;0;0;0;0;0;0;0;0;0;0;0;0;0;0;0;0;0;0;0;0;0;0;0;0;0;0;0;2819.93;0;0;51.17;0;0;0;0;0;0;0;0;0;0;0;0;0;0;0;0;0;0;0;0;0;82.97;0;0;0;0;0;0;0;0;0;0;0;0;0;0;1195.00;0;0;0;0;0;0;0;0;0;0;0;0;0;18.21;0;0;0;0
hcmv-miR-UL148D;0.00;hcmv-mir-UL148D;0.00;0;0;0;0;0;0;0;0;0;0;0;0;0;0;0;0;0;0;0;0;0;0;0;0;0;0;0;0;0;0;0;0;0;0;0;0;0;0;0;0;0;0;0;0;0;0;0;0;0;0;0;0;0;0;0;0;0;0;0;0;0;0;0;0;0;0;0;0;0;0;0;0;0;0;0;0;0;0;0;0;0;0;0;0;0;0;0;0;0;0;0;0;0;0;0;0;0;0;0;0;0;0;0;0;0;0;0;0;0;0;0;0;0;0;0;0;0;0;0;0;0;0;0;0;0;0;0;0;0;0;0;0;0;0;0;0;0;0;0;0;0;0;0;0;0;0;0;0;0;0;0;0;0;0;0;0;0;0;0;0;0;0;0;0;0;0;0;0;0;0;0;0;0;0;0;0;0;0;0;0;0;0;0;0;0;0;0;0;0;0;0;0;0;0;0;0;0;0;0;0;0;0;0;0;0;0;0;0;0;0;0;0;0;0;0;0;0;0
hcmv-miR-UL22A-5p;0.00;hcmv-mir-UL22A;0.00;0;0;0;0;0;0;0;0;0;0;0;0;0;0;0;0;0;0;0;0;0;0;0;0;0;0;0;0;0;0;0;0;0;0;0;0;0;0;0;0;0;0;0;0;0;0;0;0;0;0;0;0;0;0;0;0;0;0;0;0;0;0;0;0;0;0;0;0;0;0;0;0;0;0;0;0;0;0;0;0;0;0;0;0;0;0;0;0;0;0;0;0;0;0;0;0;0;0;0;0;0;0;0;0;0;0;0;0;0;0;0;0;0;0;0;0;0;0;0;0;0;0;0;0;0;0;0;0;0;0;0;0;0;0;0;0;0;0;0;0;0;0;0;0;0;0;0;0;0;0;0;0;0;0;0;0;0;0;0;0;0;0;0;0;0;0;0;0;0;0;0;0;0;0;0;0;0;0;0;0;0;0;0;0;0;0;0;0;0;0;0;0;0;0;0;0;0;0;0;0;0;0;0;0;0;0;0;0;0;0;0;0;0;0;0;0;0;0
hcmv-miR-UL22A-3p;313.00;hcmv-mir-UL22A;313.00;0;0;0;0;0;22.00;0;0;2.00;0;0;0;0;0;0;0;0;0;0;1.00;0;30.00;0;0;0;0;0;0;0;0;0;0;0;0;0;0;0;0;0;1.00;0;0;0;0;0;0;4.00;0;0;0;19.00;1.00;0;91.00;29.00;0;0;0;0;2.00;0;33.00;0;0;0;0;0;0;1.00;0;0;66.00;0;1.00;0;0;1.00;0;0;0;0;0;0;0;0;0;2.00;0;1.00;0;1.00;1.00;0;0;0;0;0;0;0;0;4.00;0;0;0;0;0;0;0;0;0;0;0;0;0;809.75;0;0;96.47;0;0;0;0;0;0;0;0;0;0;264.34;0;2412.93;0;0;0;0;0;0;0;0;0;0;0;0;0;0;0;0;0;152.09;0;0;0;0;0;0;107.37;0;0;0;2551.36;65.20;0;2328.38;813.33;0;0;0;0;79.65;0;2496.22;0;0;0;0;0;0;38.76;0;0;2399.13;0;32.91;0;0;45.62;0;0;0;0;0;0;0;0;0;96.74;0;37.78;0;70.29;55.08;0;0;0;0;0;0;0;0;1380.74;0;0;0;0;0;0;0;0
hcmv-miR-UL36-5p;18.00;hcmv-mir-UL36;18.00;0;0;0;0;0;0;0;0;0;0;0;0;0;0;0;0;0;0;0;0;0;0;0;0;0;0;0;0;0;0;0;0;0;0;0;0;2.00;0;0;0;0;0;0;0;0;0;0;0;0;0;0;4.00;0;0;0;0;10.00;0;0;0;0;0;1.00;0;0;0;0;0;0;0;0;0;0;0;0;0;0;0;0;0;0;1.00;0;0;0;0;0;0;0;0;0;0;0;0;0;0;0;0;0;0;0;0;0;0;0;0;0;0;0;0;0;0;0;0;0;0;0;0;0;0;0;0;0;0;0;0;0;0;0;0;0;0;0;0;0;0;0;0;0;0;0;0;0;0;0;81.53;0;0;0;0;0;0;0;0;0;0;0;0;0;0;260.79;0;0;0;0;1928.64;0;0;0;0;0;47.63;0;0;0;0;0;0;0;0;0;0;0;0;0;0;0;0;0;0;23.61;0;0;0;0;0;0;0;0;0;0;0;0;0;0;0;0;0;0;0;0;0;0;0;0;0;0;0
hcmv-miR-UL36-3p;3.00;hcmv-mir-UL36;3.00;0;0;0;0;0;0;0;0;0;0;0;0;0;0;0;0;0;0;0;0;0;3.00;0;0;0;0;0;0;0;0;0;0;0;0;0;0;0;0;0;0;0;0;0;0;0;0;0;0;0;0;0;0;0;0;0;0;0;0;0;0;0;0;0;0;0;0;0;0;0;0;0;0;0;0;0;0;0;0;0;0;0;0;0;0;0;0;0;0;0;0;0;0;0;0;0;0;0;0;0;0;0;0;0;0;0;0;0;0;0;0;0;0;0;0;0;0;0;0;0;0;0;0;0;0;0;0;0;0;0;0;241.29;0;0;0;0;0;0;0;0;0;0;0;0;0;0;0;0;0;0;0;0;0;0;0;0;0;0;0;0;0;0;0;0;0;0;0;0;0;0;0;0;0;0;0;0;0;0;0;0;0;0;0;0;0;0;0;0;0;0;0;0;0;0;0;0;0;0;0;0;0;0;0;0;0;0;0;0;0;0;0;0;0;0;0;0;0;0;0
hcmv-miR-UL59;0.00;hcmv-mir-UL59;0.00;0;0;0;0;0;0;0;0;0;0;0;0;0;0;0;0;0;0;0;0;0;0;0;0;0;0;0;0;0;0;0;0;0;0;0;0;0;0;0;0;0;0;0;0;0;0;0;0;0;0;0;0;0;0;0;0;0;0;0;0;0;0;0;0;0;0;0;0;0;0;0;0;0;0;0;0;0;0;0;0;0;0;0;0;0;0;0;0;0;0;0;0;0;0;0;0;0;0;0;0;0;0;0;0;0;0;0;0;0;0;0;0;0;0;0;0;0;0;0;0;0;0;0;0;0;0;0;0;0;0;0;0;0;0;0;0;0;0;0;0;0;0;0;0;0;0;0;0;0;0;0;0;0;0;0;0;0;0;0;0;0;0;0;0;0;0;0;0;0;0;0;0;0;0;0;0;0;0;0;0;0;0;0;0;0;0;0;0;0;0;0;0;0;0;0;0;0;0;0;0;0;0;0;0;0;0;0;0;0;0;0;0;0;0;0;0;0;0
hcmv-miR-UL69;2.00;hcmv-mir-UL69;2.00;0;0;0;0;0;0;0;0;0;0;0;0;0;0;2.00;0;0;0;0;0;0;0;0;0;0;0;0;0;0;0;0;0;0;0;0;0;0;0;0;0;0;0;0;0;0;0;0;0;0;0;0;0;0;0;0;0;0;0;0;0;0;0;0;0;0;0;0;0;0;0;0;0;0;0;0;0;0;0;0;0;0;0;0;0;0;0;0;0;0;0;0;0;0;0;0;0;0;0;0;0;0;0;0;0;0;0;0;0;0;0;0;0;0;0;0;0;0;0;0;0;0;0;0;256.02;0;0;0;0;0;0;0;0;0;0;0;0;0;0;0;0;0;0;0;0;0;0;0;0;0;0;0;0;0;0;0;0;0;0;0;0;0;0;0;0;0;0;0;0;0;0;0;0;0;0;0;0;0;0;0;0;0;0;0;0;0;0;0;0;0;0;0;0;0;0;0;0;0;0;0;0;0;0;0;0;0;0;0;0;0;0;0;0;0;0;0;0;0;0
hcmv-miR-UL70-5p;0.00;hcmv-mir-UL70;0.00;0;0;0;0;0;0;0;0;0;0;0;0;0;0;0;0;0;0;0;0;0;0;0;0;0;0;0;0;0;0;0;0;0;0;0;0;0;0;0;0;0;0;0;0;0;0;0;0;0;0;0;0;0;0;0;0;0;0;0;0;0;0;0;0;0;0;0;0;0;0;0;0;0;0;0;0;0;0;0;0;0;0;0;0;0;0;0;0;0;0;0;0;0;0;0;0;0;0;0;0;0;0;0;0;0;0;0;0;0;0;0;0;0;0;0;0;0;0;0;0;0;0;0;0;0;0;0;0;0;0;0;0;0;0;0;0;0;0;0;0;0;0;0;0;0;0;0;0;0;0;0;0;0;0;0;0;0;0;0;0;0;0;0;0;0;0;0;0;0;0;0;0;0;0;0;0;0;0;0;0;0;0;0;0;0;0;0;0;0;0;0;0;0;0;0;0;0;0;0;0;0;0;0;0;0;0;0;0;0;0;0;0;0;0;0;0;0;0
hcmv-miR-UL70-3p;56.00;hcmv-mir-UL70;56.00;0;0;0;0;0;0;0;0;0;0;0;0;0;0;0;4.00;0;0;0;0;0;0;0;0;0;0;0;0;0;0;1.00;0;13.00;0;0;0;5.00;0;0;0;0;0;0;0;0;0;0;0;0;0;0;1.00;0;0;0;0;0;0;0;0;0;0;0;0;0;0;0;0;0;0;0;0;0;0;0;0;0;0;0;0;0;0;0;0;0;0;0;0;0;0;0;0;0;0;0;0;0;0;0;0;0;0;6.00;0;26.00;0;0;0;0;0;0;0;0;0;0;0;0;0;0;0;0;0;0;0;191.69;0;0;0;0;0;0;0;0;0;0;0;0;0;0;33.28;0;899.90;0;0;0;203.82;0;0;0;0;0;0;0;0;0;0;0;0;0;0;65.20;0;0;0;0;0;0;0;0;0;0;0;0;0;0;0;0;0;0;0;0;0;0;0;0;0;0;0;0;0;0;0;0;0;0;0;0;0;0;0;0;0;0;0;0;0;0;0;0;0;0;96.46;0;473.38;0;0;0;0
hcmv-miR-US22-5p;232.00;hcmv-mir-US22;232.00;0;8.00;0;0;0;0;0;0;0;0;0;0;0;0;0;1.00;0;0;3.00;0;0;85.00;0;0;0;0;0;0;0;0;6.00;0;0;0;0;0;1.00;0;1.00;0;0;0;0;0;0;0;0;0;0;7.00;2.00;0;42.00;0;30.00;0;1.00;0;0;0;0;0;0;0;0;0;0;0;0;0;0;37.00;0;0;0;0;0;0;0;0;0;0;0;0;0;0;3.00;0;0;0;0;0;1.00;0;0;0;0;0;3.00;0;0;1.00;0;0;0;0;0;0;0;0;300.03;0;0;0;0;0;0;0;0;0;0;0;0;0;47.92;0;0;173.95;0;0;6836.64;0;0;0;0;0;0;0;0;199.70;0;0;0;0;0;40.76;0;63.47;0;0;0;0;0;0;0;0;0;0;394.19;268.56;0;1949.41;0;841.37;0;192.86;0;0;0;0;0;0;0;0;0;0;0;0;0;0;1344.97;0;0;0;0;0;0;0;0;0;0;0;0;0;0;145.12;0;0;0;0;0;19.34;0;0;0;0;0;142.73;0;0;41.98;0;0;0;0;0;0;0
hcmv-miR-US22-3p;5.00;hcmv-mir-US22;5.00;0;0;0;0;0;0;0;0;0;0;0;5.00;0;0;0;0;0;0;0;0;0;0;0;0;0;0;0;0;0;0;0;0;0;0;0;0;0;0;0;0;0;0;0;0;0;0;0;0;0;0;0;0;0;0;0;0;0;0;0;0;0;0;0;0;0;0;0;0;0;0;0;0;0;0;0;0;0;0;0;0;0;0;0;0;0;0;0;0;0;0;0;0;0;0;0;0;0;0;0;0;0;0;0;0;0;0;0;0;0;0;0;0;0;0;0;0;0;0;0;0;520.02;0;0;0;0;0;0;0;0;0;0;0;0;0;0;0;0;0;0;0;0;0;0;0;0;0;0;0;0;0;0;0;0;0;0;0;0;0;0;0;0;0;0;0;0;0;0;0;0;0;0;0;0;0;0;0;0;0;0;0;0;0;0;0;0;0;0;0;0;0;0;0;0;0;0;0;0;0;0;0;0;0;0;0;0;0;0;0;0;0;0;0;0;0;0;0;0;0
hcmv-miR-us25-1-3p;0.00;hcmv-mir-US25-1;0.00;0;0;0;0;0;0;0;0;0;0;0;0;0;0;0;0;0;0;0;0;0;0;0;0;0;0;0;0;0;0;0;0;0;0;0;0;0;0;0;0;0;0;0;0;0;0;0;0;0;0;0;0;0;0;0;0;0;0;0;0;0;0;0;0;0;0;0;0;0;0;0;0;0;0;0;0;0;0;0;0;0;0;0;0;0;0;0;0;0;0;0;0;0;0;0;0;0;0;0;0;0;0;0;0;0;0;0;0;0;0;0;0;0;0;0;0;0;0;0;0;0;0;0;0;0;0;0;0;0;0;0;0;0;0;0;0;0;0;0;0;0;0;0;0;0;0;0;0;0;0;0;0;0;0;0;0;0;0;0;0;0;0;0;0;0;0;0;0;0;0;0;0;0;0;0;0;0;0;0;0;0;0;0;0;0;0;0;0;0;0;0;0;0;0;0;0;0;0;0;0;0;0;0;0;0;0;0;0;0;0;0;0;0;0;0;0;0;0
hcmv-miR-US25-1-5p;20.00;hcmv-mir-US25-1;20.00;0;0;0;0;0;0;0;0;0;0;0;0;0;0;0;0;0;0;1.00;0;0;0;0;0;0;0;0;0;0;0;1.00;0;0;0;0;0;0;0;0;0;0;0;0;0;0;0;0;0;0;0;0;0;0;0;0;18.00;0;0;0;0;0;0;0;0;0;0;0;0;0;0;0;0;0;0;0;0;0;0;0;0;0;0;0;0;0;0;0;0;0;0;0;0;0;0;0;0;0;0;0;0;0;0;0;0;0;0;0;0;0;0;0;0;0;0;0;0;0;0;0;0;0;0;0;0;0;0;0;57.98;0;0;0;0;0;0;0;0;0;0;0;33.28;0;0;0;0;0;0;0;0;0;0;0;0;0;0;0;0;0;0;0;0;0;0;0;0;1461.75;0;0;0;0;0;0;0;0;0;0;0;0;0;0;0;0;0;0;0;0;0;0;0;0;0;0;0;0;0;0;0;0;0;0;0;0;0;0;0;0;0;0;0;0;0;0;0;0;0;0;0;0;0
hcmv-miR-US25-1-3p;0.00;hcmv-mir-US25-1;0.00;0;0;0;0;0;0;0;0;0;0;0;0;0;0;0;0;0;0;0;0;0;0;0;0;0;0;0;0;0;0;0;0;0;0;0;0;0;0;0;0;0;0;0;0;0;0;0;0;0;0;0;0;0;0;0;0;0;0;0;0;0;0;0;0;0;0;0;0;0;0;0;0;0;0;0;0;0;0;0;0;0;0;0;0;0;0;0;0;0;0;0;0;0;0;0;0;0;0;0;0;0;0;0;0;0;0;0;0;0;0;0;0;0;0;0;0;0;0;0;0;0;0;0;0;0;0;0;0;0;0;0;0;0;0;0;0;0;0;0;0;0;0;0;0;0;0;0;0;0;0;0;0;0;0;0;0;0;0;0;0;0;0;0;0;0;0;0;0;0;0;0;0;0;0;0;0;0;0;0;0;0;0;0;0;0;0;0;0;0;0;0;0;0;0;0;0;0;0;0;0;0;0;0;0;0;0;0;0;0;0;0;0;0;0;0;0;0;0
hcmv-miR-US25-2-5p;68.00;hcmv-mir-US25-2;68.00;0;0;0;0;0;0;0;0;0;0;0;0;0;0;0;0;0;0;0;0;0;0;0;0;0;0;0;1.00;0;0;2.00;1.00;0;0;0;0;0;0;0;0;0;0;0;0;0;0;0;0;0;0;0;0;0;0;1.00;0;0;0;0;0;0;0;0;0;0;0;0;0;0;0;0;0;0;0;0;0;0;0;0;56.00;0;0;0;0;0;0;3.00;0;0;0;0;0;0;0;0;0;0;0;0;0;0;0;0;3.00;0;0;1.00;0;0;0;0;0;0;0;0;0;0;0;0;0;0;0;0;0;0;0;0;0;0;0;0;0;0;0;0;0;133.44;0;0;66.57;23.45;0;0;0;0;0;0;0;0;0;0;0;0;0;0;0;0;0;0;0;0;0;0;28.05;0;0;0;0;0;0;0;0;0;0;0;0;0;0;0;0;0;0;0;0;0;0;0;0;2195.30;0;0;0;0;0;0;145.12;0;0;0;0;0;0;0;0;0;0;0;0;0;0;0;0;194.14;0;0;107.70;0;0
hcmv-miR-US25-2-3p;2.00;hcmv-mir-US25-2;2.00;0;0;0;0;0;0;0;0;0;0;0;0;0;0;0;0;0;0;0;0;0;0;0;0;0;0;0;0;0;0;0;0;0;0;0;0;0;0;0;0;0;0;0;0;0;0;0;0;0;0;0;0;0;0;0;0;0;0;0;0;0;0;0;0;0;0;0;0;0;0;0;0;0;0;0;1.00;0;0;0;0;0;0;0;0;0;0;0;0;0;0;0;0;0;0;0;1.00;0;0;0;0;0;0;0;0;0;0;0;0;0;0;0;0;0;0;0;0;0;0;0;0;0;0;0;0;0;0;0;0;0;0;0;0;0;0;0;0;0;0;0;0;0;0;0;0;0;0;0;0;0;0;0;0;0;0;0;0;0;0;0;0;0;0;0;0;0;0;0;0;0;0;0;0;0;0;0;0;0;0;0;0;0;0;0;0;20.74;0;0;0;0;0;0;0;0;0;0;0;0;0;0;0;0;0;0;0;77.61;0;0;0;0;0;0;0;0;0;0;0;0;0
hcmv-miR-US29-5p;342.00;hcmv-mir-US29;342.00;30.00;0;0;0;0;0;0;0;0;0;0;0;0;0;0;0;3.00;70.00;0;0;0;0;0;1.00;0;2.00;0;0;0;0;0;0;0;0;0;0;22.00;0;0;1.00;13.00;0;0;0;0;0;0;0;0;0;21.00;0;30.00;0;1.00;0;0;0;0;0;0;0;0;0;0;0;0;0;0;10.00;0;0;0;0;0;0;0;0;0;0;0;0;0;0;0;0;0;0;0;0;0;0;84.00;0;0;0;0;1.00;52.00;1.00;0;0;0;0;0;0;0;0;0;900.17;0;0;0;0;0;0;0;0;0;0;0;0;0;0;0;111.60;1649.27;0;0;0;0;0;133.14;0;147.13;0;0;0;0;0;0;0;0;0;0;896.79;0;0;152.09;385.07;0;0;0;0;0;0;0;0;0;2819.93;0;1392.43;0;28.05;0;0;0;0;0;0;0;0;0;0;0;0;0;0;537.43;0;0;0;0;0;0;0;0;0;0;0;0;0;0;0;0;0;0;0;0;0;0;1624.82;0;0;0;0;34.40;2473.95;524.93;0;0;0;0;0;0;0;0;0
hcmv-miR-US29-3p;591.00;hcmv-mir-US29;591.00;0;48.00;0;0;0;0;0;0;0;0;0;0;0;0;0;0;0;4.00;0;0;0;0;0;1.00;0;7.00;0;0;0;0;0;0;0;0;0;0;0;0;0;0;0;0;0;0;0;0;0;0;0;0;0;1.00;0;0;0;0;1.00;0;0;0;0;0;0;0;0;0;1.00;0;4.00;0;2.00;0;0;0;0;0;1.00;0;0;41.00;0;0;0;0;0;0;1.00;0;0;0;479.00;0;0;0;0;0;0;0;0;0;0;0;0;0;0;0;0;0;0;0;1800.18;0;0;0;0;0;0;0;0;0;0;0;0;0;0;0;94.24;0;0;0;0;0;133.14;0;514.97;0;0;0;0;0;0;0;0;0;0;0;0;0;0;0;0;0;0;0;0;0;0;0;0;0;65.20;0;0;0;0;192.86;0;0;0;0;0;0;0;0;0;39.13;0;155.03;0;65.92;0;0;0;0;0;45.62;0;0;1607.28;0;0;0;0;0;0;48.37;0;0;0;33670.74;0;0;0;0;0;0;0;0;0;0;0;0;0;0;0;0;0;0
hcmv-miR-US33-5p;84.00;hcmv-mir-US33;84.00;0;0;0;0;0;0;0;0;0;0;1.00;0;0;0;0;0;0;0;0;0;0;0;0;0;0;0;0;12.00;0;0;0;69.00;0;0;0;0;0;0;0;0;0;0;0;0;0;0;0;0;0;0;0;0;0;0;0;0;0;0;0;0;0;0;0;0;0;0;1.00;0;0;0;0;0;0;0;0;0;0;0;0;0;1.00;0;0;0;0;0;0;0;0;0;0;0;0;0;0;0;0;0;0;0;0;0;0;0;0;0;0;0;0;0;0;0;0;0;0;0;0;0;0;98.28;0;0;0;0;0;0;0;0;0;0;0;0;0;0;0;0;1601.28;0;0;0;1617.74;0;0;0;0;0;0;0;0;0;0;0;0;0;0;0;0;0;0;0;0;0;0;0;0;0;0;0;0;0;0;0;0;0;0;39.13;0;0;0;0;0;0;0;0;0;0;0;0;0;157.08;0;0;0;0;0;0;0;0;0;0;0;0;0;0;0;0;0;0;0;0;0;0;0;0;0;0;0;0
hcmv-miR-US33-3p;0.00;hcmv-mir-US33;0.00;0;0;0;0;0;0;0;0;0;0;0;0;0;0;0;0;0;0;0;0;0;0;0;0;0;0;0;0;0;0;0;0;0;0;0;0;0;0;0;0;0;0;0;0;0;0;0;0;0;0;0;0;0;0;0;0;0;0;0;0;0;0;0;0;0;0;0;0;0;0;0;0;0;0;0;0;0;0;0;0;0;0;0;0;0;0;0;0;0;0;0;0;0;0;0;0;0;0;0;0;0;0;0;0;0;0;0;0;0;0;0;0;0;0;0;0;0;0;0;0;0;0;0;0;0;0;0;0;0;0;0;0;0;0;0;0;0;0;0;0;0;0;0;0;0;0;0;0;0;0;0;0;0;0;0;0;0;0;0;0;0;0;0;0;0;0;0;0;0;0;0;0;0;0;0;0;0;0;0;0;0;0;0;0;0;0;0;0;0;0;0;0;0;0;0;0;0;0;0;0;0;0;0;0;0;0;0;0;0;0;0;0;0;0;0;0;0;0
hcmv-miR-US4-5p;73.00;hcmv-mir-US4;73.00;0;0;0;0;0;0;0;0;0;0;0;0;0;0;0;1.00;0;0;0;0;0;40.00;1.00;0;0;0;0;0;0;0;0;0;13.00;0;0;0;0;0;0;0;0;0;1.00;0;0;0;0;0;0;0;13.00;0;0;0;0;0;0;0;0;0;0;0;0;0;0;0;0;0;0;0;0;0;0;0;0;0;0;0;0;0;0;0;0;0;0;0;0;0;0;0;1.00;0;0;0;0;0;0;0;0;0;0;0;0;0;0;0;3.00;0;0;0;0;0;0;0;0;0;0;0;0;0;0;0;0;0;47.92;0;0;0;0;0;3217.24;186.71;0;0;0;0;0;0;0;0;0;899.90;0;0;0;0;0;0;0;0;0;122.56;0;0;0;0;0;0;0;1745.67;0;0;0;0;0;0;0;0;0;0;0;0;0;0;0;0;0;0;0;0;0;0;0;0;0;0;0;0;0;0;0;0;0;0;0;0;0;0;0;70.29;0;0;0;0;0;0;0;0;0;0;0;0;0;0;0;323.10;0;0
hcmv-miR-US4-3p;0.00;hcmv-mir-US4;0.00;0;0;0;0;0;0;0;0;0;0;0;0;0;0;0;0;0;0;0;0;0;0;0;0;0;0;0;0;0;0;0;0;0;0;0;0;0;0;0;0;0;0;0;0;0;0;0;0;0;0;0;0;0;0;0;0;0;0;0;0;0;0;0;0;0;0;0;0;0;0;0;0;0;0;0;0;0;0;0;0;0;0;0;0;0;0;0;0;0;0;0;0;0;0;0;0;0;0;0;0;0;0;0;0;0;0;0;0;0;0;0;0;0;0;0;0;0;0;0;0;0;0;0;0;0;0;0;0;0;0;0;0;0;0;0;0;0;0;0;0;0;0;0;0;0;0;0;0;0;0;0;0;0;0;0;0;0;0;0;0;0;0;0;0;0;0;0;0;0;0;0;0;0;0;0;0;0;0;0;0;0;0;0;0;0;0;0;0;0;0;0;0;0;0;0;0;0;0;0;0;0;0;0;0;0;0;0;0;0;0;0;0;0;0;0;0;0;0
hcmv-miR-us5-1-5p;0.00;hcmv-mir-US5-1;0.00;0;0;0;0;0;0;0;0;0;0;0;0;0;0;0;0;0;0;0;0;0;0;0;0;0;0;0;0;0;0;0;0;0;0;0;0;0;0;0;0;0;0;0;0;0;0;0;0;0;0;0;0;0;0;0;0;0;0;0;0;0;0;0;0;0;0;0;0;0;0;0;0;0;0;0;0;0;0;0;0;0;0;0;0;0;0;0;0;0;0;0;0;0;0;0;0;0;0;0;0;0;0;0;0;0;0;0;0;0;0;0;0;0;0;0;0;0;0;0;0;0;0;0;0;0;0;0;0;0;0;0;0;0;0;0;0;0;0;0;0;0;0;0;0;0;0;0;0;0;0;0;0;0;0;0;0;0;0;0;0;0;0;0;0;0;0;0;0;0;0;0;0;0;0;0;0;0;0;0;0;0;0;0;0;0;0;0;0;0;0;0;0;0;0;0;0;0;0;0;0;0;0;0;0;0;0;0;0;0;0;0;0;0;0;0;0;0;0
hcmv-miR-US5-1;429.00;hcmv-mir-US5-1;429.00;0;0;0;46.00;0;0;0;0;0;0;0;0;0;0;0;2.00;0;229.00;0;0;0;0;0;0;0;0;0;0;0;0;0;0;0;0;0;0;0;0;0;0;0;0;0;0;0;0;0;0;0;0;0;0;0;0;0;1.00;0;0;0;0;0;0;0;0;0;0;0;0;1.00;0;0;0;0;0;0;0;0;0;0;0;0;0;0;0;0;0;9.00;29.00;0;0;0;0;0;0;0;11.00;0;0;0;0;0;59.00;0;42.00;0;0;0;0;0;0;0;0;6695.78;0;0;0;0;0;0;0;0;0;0;0;95.85;0;5395.47;0;0;0;0;0;0;0;0;0;0;0;0;0;0;0;0;0;0;0;0;0;0;0;0;0;0;0;0;0;0;0;0;0;0;0;0;0;81.21;0;0;0;0;0;0;0;0;0;0;0;0;38.76;0;0;0;0;0;0;0;0;0;0;0;0;0;0;0;0;0;435.35;819.07;0;0;0;0;0;0;0;853.71;0;0;0;0;0;2476.70;0;2717.92;0;0;0;0;0
hcmv-miR-US5-2-5p;1.00;hcmv-mir-US5-2;1.00;0;0;0;0;0;0;0;0;0;0;0;0;0;0;0;0;0;0;0;0;0;0;0;1.00;0;0;0;0;0;0;0;0;0;0;0;0;0;0;0;0;0;0;0;0;0;0;0;0;0;0;0;0;0;0;0;0;0;0;0;0;0;0;0;0;0;0;0;0;0;0;0;0;0;0;0;0;0;0;0;0;0;0;0;0;0;0;0;0;0;0;0;0;0;0;0;0;0;0;0;0;0;0;0;0;0;0;0;0;0;0;0;0;0;0;0;0;0;0;0;0;0;0;0;0;0;0;0;0;0;0;0;0;133.14;0;0;0;0;0;0;0;0;0;0;0;0;0;0;0;0;0;0;0;0;0;0;0;0;0;0;0;0;0;0;0;0;0;0;0;0;0;0;0;0;0;0;0;0;0;0;0;0;0;0;0;0;0;0;0;0;0;0;0;0;0;0;0;0;0;0;0;0;0;0;0;0;0;0;0;0;0;0;0;0;0;0;0;0;0
hcmv-miR-US5-2-3p;280.00;hcmv-mir-US5-2;280.00;0;0;0;0;0;0;0;0;4.00;0;0;0;0;0;0;0;0;0;0;0;3.00;0;0;0;0;0;0;0;0;0;0;0;0;0;0;0;45.00;0;0;0;0;0;0;0;0;47.00;0;0;0;0;3.00;0;0;0;0;0;0;0;0;0;0;0;0;0;0;0;0;0;0;0;0;0;0;0;0;0;0;0;0;1.00;0;0;0;0;0;0;1.00;0;0;0;175.00;0;0;0;0;0;0;0;0;0;0;0;0;1.00;0;0;0;0;0;0;0;0;0;0;0;0;0;192.95;0;0;0;0;0;0;0;0;0;0;0;364.70;0;0;0;0;0;0;0;0;0;0;0;0;0;0;0;1834.34;0;0;0;0;0;0;0;0;1315.53;0;0;0;0;402.85;0;0;0;0;0;0;0;0;0;0;0;0;0;0;0;0;0;0;0;0;0;0;0;0;0;0;0;0;39.20;0;0;0;0;0;0;48.37;0;0;0;12301.42;0;0;0;0;0;0;0;0;0;0;0;0;64.71;0;0;0;0;0
hcmv-miR-us25-1-3p;0.00;hcmv-mir-us25-1-3p;0.00;0;0;0;0;0;0;0;0;0;0;0;0;0;0;0;0;0;0;0;0;0;0;0;0;0;0;0;0;0;0;0;0;0;0;0;0;0;0;0;0;0;0;0;0;0;0;0;0;0;0;0;0;0;0;0;0;0;0;0;0;0;0;0;0;0;0;0;0;0;0;0;0;0;0;0;0;0;0;0;0;0;0;0;0;0;0;0;0;0;0;0;0;0;0;0;0;0;0;0;0;0;0;0;0;0;0;0;0;0;0;0;0;0;0;0;0;0;0;0;0;0;0;0;0;0;0;0;0;0;0;0;0;0;0;0;0;0;0;0;0;0;0;0;0;0;0;0;0;0;0;0;0;0;0;0;0;0;0;0;0;0;0;0;0;0;0;0;0;0;0;0;0;0;0;0;0;0;0;0;0;0;0;0;0;0;0;0;0;0;0;0;0;0;0;0;0;0;0;0;0;0;0;0;0;0;0;0;0;0;0;0;0;0;0;0;0;0;0
hcmv-miR-US25-1-5p;20.00;hcmv-mir-us25-1-3p;20.00;0;0;0;0;0;0;0;0;0;0;0;0;0;0;0;0;0;0;1.00;0;0;0;0;0;0;0;0;0;0;0;1.00;0;0;0;0;0;0;0;0;0;0;0;0;0;0;0;0;0;0;0;0;0;0;0;0;18.00;0;0;0;0;0;0;0;0;0;0;0;0;0;0;0;0;0;0;0;0;0;0;0;0;0;0;0;0;0;0;0;0;0;0;0;0;0;0;0;0;0;0;0;0;0;0;0;0;0;0;0;0;0;0;0;0;0;0;0;0;0;0;0;0;0;0;0;0;0;0;0;57.98;0;0;0;0;0;0;0;0;0;0;0;33.28;0;0;0;0;0;0;0;0;0;0;0;0;0;0;0;0;0;0;0;0;0;0;0;0;1461.75;0;0;0;0;0;0;0;0;0;0;0;0;0;0;0;0;0;0;0;0;0;0;0;0;0;0;0;0;0;0;0;0;0;0;0;0;0;0;0;0;0;0;0;0;0;0;0;0;0;0;0;0;0
hcmv-miR-US25-1-3p;0.00;hcmv-mir-us25-1-3p;0.00;0;0;0;0;0;0;0;0;0;0;0;0;0;0;0;0;0;0;0;0;0;0;0;0;0;0;0;0;0;0;0;0;0;0;0;0;0;0;0;0;0;0;0;0;0;0;0;0;0;0;0;0;0;0;0;0;0;0;0;0;0;0;0;0;0;0;0;0;0;0;0;0;0;0;0;0;0;0;0;0;0;0;0;0;0;0;0;0;0;0;0;0;0;0;0;0;0;0;0;0;0;0;0;0;0;0;0;0;0;0;0;0;0;0;0;0;0;0;0;0;0;0;0;0;0;0;0;0;0;0;0;0;0;0;0;0;0;0;0;0;0;0;0;0;0;0;0;0;0;0;0;0;0;0;0;0;0;0;0;0;0;0;0;0;0;0;0;0;0;0;0;0;0;0;0;0;0;0;0;0;0;0;0;0;0;0;0;0;0;0;0;0;0;0;0;0;0;0;0;0;0;0;0;0;0;0;0;0;0;0;0;0;0;0;0;0;0;0
hcv-miR-199a;40.00;hcv-miR-199a;40.00;0;0;0;0;0;0;0;0;0;0;0;0;0;0;0;0;0;0;0;0;0;0;0;0;0;0;0;0;0;0;0;1.00;0;0;1.00;0;0;0;0;0;0;0;0;0;0;0;0;0;0;0;0;0;0;0;0;0;0;0;0;0;0;0;0;0;0;0;0;0;0;0;0;0;0;0;38.00;0;0;0;0;0;0;0;0;0;0;0;0;0;0;0;0;0;0;0;0;0;0;0;0;0;0;0;0;0;0;0;0;0;0;0;0;0;0;0;0;0;0;0;0;0;0;0;0;0;0;0;0;0;0;0;0;0;0;0;0;0;0;0;0;0;23.45;0;0;44.03;0;0;0;0;0;0;0;0;0;0;0;0;0;0;0;0;0;0;0;0;0;0;0;0;0;0;0;0;0;0;0;0;0;0;0;0;0;0;0;983.00;0;0;0;0;0;0;0;0;0;0;0;0;0;0;0;0;0;0;0;0;0;0;0;0;0;0;0;0;0;0;0;0;0;0
hhv6b-miR-Ro6-1-5p;1.00;hhv6b-mir-Ro6-1;1.00;0;0;0;0;0;0;0;0;0;0;0;0;0;0;0;0;0;0;0;0;0;0;0;0;0;0;0;0;0;0;0;0;0;0;0;0;0;0;0;0;0;0;0;0;0;0;0;0;0;0;0;0;0;0;0;0;0;0;0;0;0;0;0;0;0;0;0;0;0;0;0;0;0;0;0;0;0;0;0;0;0;0;0;0;0;0;1.00;0;0;0;0;0;0;0;0;0;0;0;0;0;0;0;0;0;0;0;0;0;0;0;0;0;0;0;0;0;0;0;0;0;0;0;0;0;0;0;0;0;0;0;0;0;0;0;0;0;0;0;0;0;0;0;0;0;0;0;0;0;0;0;0;0;0;0;0;0;0;0;0;0;0;0;0;0;0;0;0;0;0;0;0;0;0;0;0;0;0;0;0;0;0;0;0;0;0;0;0;0;0;0;0;0;0;0;0;48.37;0;0;0;0;0;0;0;0;0;0;0;0;0;0;0;0;0;0;0;0;0;0
hhv6b-miR-Ro6-1-3p;18.00;hhv6b-mir-Ro6-1;18.00;0;0;0;0;0;0;0;0;0;0;0;0;0;0;0;0;5.00;0;0;1.00;0;0;0;0;0;0;0;0;0;0;0;0;0;0;0;0;0;0;0;0;0;0;0;1.00;0;0;0;0;0;0;0;0;0;0;0;0;0;0;0;0;0;0;0;0;0;0;0;0;0;0;0;0;1.00;0;0;9.00;0;0;0;0;0;0;0;0;0;0;0;0;0;0;0;0;1.00;0;0;0;0;0;0;0;0;0;0;0;0;0;0;0;0;0;0;0;0;0;0;0;0;0;0;0;0;0;0;0;0;186.00;0;0;264.34;0;0;0;0;0;0;0;0;0;0;0;0;0;0;0;0;0;0;0;0;0;0;0;48.37;0;0;0;0;0;0;0;0;0;0;0;0;0;0;0;0;0;0;0;0;0;0;0;0;0;0;0;0;63.95;0;0;186.68;0;0;0;0;0;0;0;0;0;0;0;0;0;0;0;0;19.34;0;0;0;0;0;0;0;0;0;0;0;0;0;0;0;0
hhv6b-miR-Ro6-2-5p;30.00;hhv6b-mir-Ro6-2;30.00;0;0;0;0;0;0;0;0;0;0;0;0;0;0;0;0;2.00;0;0;0;0;0;0;0;0;0;0;0;0;0;0;0;0;0;0;0;0;0;0;0;0;0;0;0;0;0;0;0;0;0;0;0;0;0;0;0;0;0;0;0;0;0;0;0;0;0;0;0;0;0;0;0;28.00;0;0;0;0;0;0;0;0;0;0;0;0;0;0;0;0;0;0;0;0;0;0;0;0;0;0;0;0;0;0;0;0;0;0;0;0;0;0;0;0;0;0;0;0;0;0;0;0;0;0;0;0;74.40;0;0;0;0;0;0;0;0;0;0;0;0;0;0;0;0;0;0;0;0;0;0;0;0;0;0;0;0;0;0;0;0;0;0;0;0;0;0;0;0;0;0;0;0;0;0;0;0;0;0;0;0;0;0;0;1790.74;0;0;0;0;0;0;0;0;0;0;0;0;0;0;0;0;0;0;0;0;0;0;0;0;0;0;0;0;0;0;0;0;0;0;0;0
hhv6b-miR-Ro6-2-3p;1.00;hhv6b-mir-Ro6-2;1.00;0;0;0;0;0;0;0;0;0;0;0;0;0;0;0;0;0;0;0;0;0;0;0;0;0;0;0;0;0;0;0;0;0;0;0;0;0;0;0;0;0;0;0;0;0;0;0;0;0;0;0;0;0;0;0;0;0;0;0;0;0;0;0;0;0;0;0;0;0;0;0;0;0;0;0;0;0;0;0;0;0;0;0;0;0;0;0;0;0;0;0;0;0;0;0;0;0;0;1.00;0;0;0;0;0;0;0;0;0;0;0;0;0;0;0;0;0;0;0;0;0;0;0;0;0;0;0;0;0;0;0;0;0;0;0;0;0;0;0;0;0;0;0;0;0;0;0;0;0;0;0;0;0;0;0;0;0;0;0;0;0;0;0;0;0;0;0;0;0;0;0;0;0;0;0;0;0;0;0;0;0;0;0;0;0;0;0;0;0;0;0;0;0;0;0;0;0;0;0;0;0;0;0;0;0;0;0;0;47.58;0;0;0;0;0;0;0;0;0;0
hhv6b-miR-Ro6-3-5p;85.00;hhv6b-mir-Ro6-3;85.00;0;0;0;0;0;0;0;0;0;0;0;0;0;0;0;0;0;0;0;0;0;0;0;0;0;0;0;0;0;0;0;0;0;0;0;0;0;0;0;0;0;0;0;0;0;0;0;0;0;0;0;0;0;0;0;0;0;0;0;0;0;0;0;0;0;0;0;0;0;0;0;0;0;0;0;0;0;0;0;0;0;0;0;0;0;0;0;0;0;0;0;0;0;0;0;0;0;0;0;84.00;0;0;0;0;0;0;1.00;0;0;0;0;0;0;0;0;0;0;0;0;0;0;0;0;0;0;0;0;0;0;0;0;0;0;0;0;0;0;0;0;0;0;0;0;0;0;0;0;0;0;0;0;0;0;0;0;0;0;0;0;0;0;0;0;0;0;0;0;0;0;0;0;0;0;0;0;0;0;0;0;0;0;0;0;0;0;0;0;0;0;0;0;0;0;0;0;0;0;0;0;0;0;0;0;0;0;0;0;0;44094.49;0;0;0;0;0;0;107.70;0;0
hhv6b-miR-Ro6-3-3p;4.00;hhv6b-mir-Ro6-3;4.00;0;0;0;0;0;0;0;0;0;0;0;0;0;0;0;0;0;0;0;0;0;0;0;0;0;0;0;0;0;0;0;0;0;0;0;0;0;0;3.00;0;0;0;0;0;0;0;0;0;0;0;0;0;0;0;0;0;0;0;0;0;0;0;1.00;0;0;0;0;0;0;0;0;0;0;0;0;0;0;0;0;0;0;0;0;0;0;0;0;0;0;0;0;0;0;0;0;0;0;0;0;0;0;0;0;0;0;0;0;0;0;0;0;0;0;0;0;0;0;0;0;0;0;0;0;0;0;0;0;0;0;0;0;0;0;0;0;0;0;0;0;0;0;0;0;0;0;0;0;190.40;0;0;0;0;0;0;0;0;0;0;0;0;0;0;0;0;0;0;0;0;0;0;0;47.63;0;0;0;0;0;0;0;0;0;0;0;0;0;0;0;0;0;0;0;0;0;0;0;0;0;0;0;0;0;0;0;0;0;0;0;0;0;0;0;0;0;0;0;0;0;0
hhv6b-miR-Ro6-4-5p;0.00;hhv6b-mir-Ro6-4;0.00;0;0;0;0;0;0;0;0;0;0;0;0;0;0;0;0;0;0;0;0;0;0;0;0;0;0;0;0;0;0;0;0;0;0;0;0;0;0;0;0;0;0;0;0;0;0;0;0;0;0;0;0;0;0;0;0;0;0;0;0;0;0;0;0;0;0;0;0;0;0;0;0;0;0;0;0;0;0;0;0;0;0;0;0;0;0;0;0;0;0;0;0;0;0;0;0;0;0;0;0;0;0;0;0;0;0;0;0;0;0;0;0;0;0;0;0;0;0;0;0;0;0;0;0;0;0;0;0;0;0;0;0;0;0;0;0;0;0;0;0;0;0;0;0;0;0;0;0;0;0;0;0;0;0;0;0;0;0;0;0;0;0;0;0;0;0;0;0;0;0;0;0;0;0;0;0;0;0;0;0;0;0;0;0;0;0;0;0;0;0;0;0;0;0;0;0;0;0;0;0;0;0;0;0;0;0;0;0;0;0;0;0;0;0;0;0;0;0
hhv6b-miR-Ro6-4-3p;48.00;hhv6b-mir-Ro6-4;48.00;0;0;0;0;0;0;0;0;0;0;0;0;0;0;0;0;0;0;0;0;0;0;0;0;0;0;0;0;0;0;39.00;0;0;0;0;0;0;0;0;0;1.00;0;0;0;0;0;0;0;0;0;0;0;0;0;0;0;0;0;0;0;0;0;0;0;0;0;8.00;0;0;0;0;0;0;0;0;0;0;0;0;0;0;0;0;0;0;0;0;0;0;0;0;0;0;0;0;0;0;0;0;0;0;0;0;0;0;0;0;0;0;0;0;0;0;0;0;0;0;0;0;0;0;0;0;0;0;0;0;0;0;0;0;0;0;0;0;0;0;0;0;1298.05;0;0;0;0;0;0;0;0;0;29.62;0;0;0;0;0;0;0;0;0;0;0;0;0;0;0;0;0;0;0;0;0;0;0;0;0;313.06;0;0;0;0;0;0;0;0;0;0;0;0;0;0;0;0;0;0;0;0;0;0;0;0;0;0;0;0;0;0;0;0;0;0;0;0;0;0;0;0;0;0
hiv1-miR-H1;131.00;hiv1-mir-H1;131.00;0;0;0;0;0;0;1.00;0;0;0;0;0;0;0;0;0;0;4.00;0;1.00;3.00;0;0;0;0;73.00;0;0;0;0;1.00;1.00;0;0;0;0;0;0;0;0;0;0;0;0;0;1.00;0;0;0;0;4.00;0;0;2.00;0;0;0;0;0;0;0;0;0;0;0;0;0;0;0;0;3.00;0;0;0;0;1.00;0;0;0;0;0;3.00;3.00;0;0;0;0;0;0;0;0;5.00;0;0;0;0;0;0;0;1.00;0;0;1.00;0;3.00;20.00;0;0;0;0;0;0;0;0;0;91.56;0;0;0;0;0;0;0;0;0;0;94.24;0;264.34;364.70;0;0;0;0;5370.41;0;0;0;0;33.28;23.45;0;0;0;0;0;0;0;0;0;0;0;0;0;27.99;0;0;0;0;537.13;0;0;51.17;0;0;0;0;0;0;0;0;0;0;0;0;0;0;0;0;98.88;0;0;0;0;20.74;0;0;0;0;0;70.84;107.09;0;0;0;0;0;0;0;0;275.42;0;0;0;0;0;0;0;524.93;0;0;16.08;0;54.62;410.77;0;0;0
hiv1-miR-N367;295.00;hiv1-mir-N367;295.00;0;0;0;0;0;0;0;0;0;0;0;0;0;0;0;1.00;0;0;0;0;0;6.00;0;0;0;0;0;1.00;0;0;0;0;0;0;0;0;53.00;0;0;0;0;0;0;0;1.00;0;0;0;0;0;18.00;0;1.00;0;0;0;0;0;0;0;0;0;0;0;0;0;0;1.00;0;0;2.00;0;0;0;0;63.00;0;0;147.00;0;0;0;0;0;0;0;0;0;0;0;0;0;0;0;0;0;0;0;0;0;0;1.00;0;0;0;0;0;0;0;0;0;0;0;0;0;0;0;0;0;0;0;0;0;0;47.92;0;0;0;0;0;482.59;0;0;0;0;0;133.44;0;0;0;0;0;0;0;0;2160.44;0;0;0;0;0;0;0;48.68;0;0;0;0;0;2417.08;0;46.41;0;0;0;0;0;0;0;0;0;0;0;0;0;0;68.40;0;0;65.92;0;0;0;0;1306.73;0;0;9918.36;0;0;0;0;0;0;0;0;0;0;0;0;0;0;0;0;0;0;0;0;0;0;41.98;0;0;0;0;0;0;0
hiv1-miR-TAR-5p;154.00;hiv1-mir-TAR;154.00;0;0;0;0;0;0;0;37.00;0;0;0;0;0;0;0;0;0;0;0;0;0;0;0;0;0;0;0;0;0;0;39.00;0;0;0;0;0;0;0;0;42.00;0;0;0;0;0;0;0;0;0;0;0;0;0;0;34.00;0;0;0;0;0;0;0;0;0;0;0;0;0;0;0;0;1.00;0;0;0;0;0;0;0;0;0;0;0;0;0;0;1.00;0;0;0;0;0;0;0;0;0;0;0;0;0;0;0;0;0;0;0;0;0;0;0;0;0;0;0;0;0;3130.55;0;0;0;0;0;0;0;0;0;0;0;0;0;0;0;0;0;0;0;0;0;0;1298.05;0;0;0;0;0;0;0;0;6387.83;0;0;0;0;0;0;0;0;0;0;0;0;0;0;953.56;0;0;0;0;0;0;0;0;0;0;0;0;0;0;0;0;36.35;0;0;0;0;0;0;0;0;0;0;0;0;0;0;48.37;0;0;0;0;0;0;0;0;0;0;0;0;0;0;0;0;0;0;0;0;0;0
hiv1-miR-TAR-3p;127.00;hiv1-mir-TAR;127.00;0;0;15.00;0;0;0;0;0;0;0;0;0;0;0;0;0;0;0;0;0;0;0;0;0;0;0;0;0;0;0;0;0;0;0;0;0;0;0;0;0;0;0;0;0;0;0;0;0;0;0;0;13.00;0;0;0;0;0;0;0;0;0;0;0;0;0;0;0;0;0;0;0;0;0;0;0;68.00;0;0;0;0;0;0;0;0;0;0;0;0;0;0;0;0;0;0;0;0;0;0;31.00;0;0;0;0;0;0;0;0;0;0;0;0;408.32;0;0;0;0;0;0;0;0;0;0;0;0;0;0;0;0;0;0;0;0;0;0;0;0;0;0;0;0;0;0;0;0;0;0;0;0;0;0;0;0;0;0;0;0;0;0;0;0;847.57;0;0;0;0;0;0;0;0;0;0;0;0;0;0;0;0;0;0;0;0;0;0;0;1410.44;0;0;0;0;0;0;0;0;0;0;0;0;0;0;0;0;0;0;0;0;0;0;1474.86;0;0;0;0;0;0;0;0;0;0
hpv16-miR-h1;1.00;hpv16-miR-h1;1.00;0;0;0;0;0;0;0;0;0;0;0;0;0;0;0;0;0;0;0;0;0;0;0;0;0;0;0;0;0;0;0;0;0;0;0;0;0;0;0;0;0;0;0;0;0;0;0;0;0;0;1.00;0;0;0;0;0;0;0;0;0;0;0;0;0;0;0;0;0;0;0;0;0;0;0;0;0;0;0;0;0;0;0;0;0;0;0;0;0;0;0;0;0;0;0;0;0;0;0;0;0;0;0;0;0;0;0;0;0;0;0;0;0;0;0;0;0;0;0;0;0;0;0;0;0;0;0;0;0;0;0;0;0;0;0;0;0;0;0;0;0;0;0;0;0;0;0;0;0;0;0;0;0;0;0;0;0;0;0;0;134.28;0;0;0;0;0;0;0;0;0;0;0;0;0;0;0;0;0;0;0;0;0;0;0;0;0;0;0;0;0;0;0;0;0;0;0;0;0;0;0;0;0;0;0;0;0;0;0;0;0;0;0;0;0;0;0;0;0;0
hpv16-miR-h2;0.00;hpv16-miR-h2;0.00;0;0;0;0;0;0;0;0;0;0;0;0;0;0;0;0;0;0;0;0;0;0;0;0;0;0;0;0;0;0;0;0;0;0;0;0;0;0;0;0;0;0;0;0;0;0;0;0;0;0;0;0;0;0;0;0;0;0;0;0;0;0;0;0;0;0;0;0;0;0;0;0;0;0;0;0;0;0;0;0;0;0;0;0;0;0;0;0;0;0;0;0;0;0;0;0;0;0;0;0;0;0;0;0;0;0;0;0;0;0;0;0;0;0;0;0;0;0;0;0;0;0;0;0;0;0;0;0;0;0;0;0;0;0;0;0;0;0;0;0;0;0;0;0;0;0;0;0;0;0;0;0;0;0;0;0;0;0;0;0;0;0;0;0;0;0;0;0;0;0;0;0;0;0;0;0;0;0;0;0;0;0;0;0;0;0;0;0;0;0;0;0;0;0;0;0;0;0;0;0;0;0;0;0;0;0;0;0;0;0;0;0;0;0;0;0;0;0
hpv16-miR-h3;2.00;hpv16-miR-h3;2.00;0;0;0;0;0;0;0;0;0;0;0;0;0;0;0;0;0;0;0;0;0;0;0;0;0;0;0;0;0;0;0;0;0;0;0;0;0;0;0;0;0;0;0;0;0;0;0;0;0;0;0;0;0;0;0;0;0;0;0;0;0;0;0;0;0;0;0;0;0;0;0;0;0;0;0;0;0;0;0;0;0;0;0;0;0;0;2.00;0;0;0;0;0;0;0;0;0;0;0;0;0;0;0;0;0;0;0;0;0;0;0;0;0;0;0;0;0;0;0;0;0;0;0;0;0;0;0;0;0;0;0;0;0;0;0;0;0;0;0;0;0;0;0;0;0;0;0;0;0;0;0;0;0;0;0;0;0;0;0;0;0;0;0;0;0;0;0;0;0;0;0;0;0;0;0;0;0;0;0;0;0;0;0;0;0;0;0;0;0;0;0;0;0;0;0;0;96.74;0;0;0;0;0;0;0;0;0;0;0;0;0;0;0;0;0;0;0;0;0;0
hpv16-miR-h5;0.00;hpv16-miR-h5;0.00;0;0;0;0;0;0;0;0;0;0;0;0;0;0;0;0;0;0;0;0;0;0;0;0;0;0;0;0;0;0;0;0;0;0;0;0;0;0;0;0;0;0;0;0;0;0;0;0;0;0;0;0;0;0;0;0;0;0;0;0;0;0;0;0;0;0;0;0;0;0;0;0;0;0;0;0;0;0;0;0;0;0;0;0;0;0;0;0;0;0;0;0;0;0;0;0;0;0;0;0;0;0;0;0;0;0;0;0;0;0;0;0;0;0;0;0;0;0;0;0;0;0;0;0;0;0;0;0;0;0;0;0;0;0;0;0;0;0;0;0;0;0;0;0;0;0;0;0;0;0;0;0;0;0;0;0;0;0;0;0;0;0;0;0;0;0;0;0;0;0;0;0;0;0;0;0;0;0;0;0;0;0;0;0;0;0;0;0;0;0;0;0;0;0;0;0;0;0;0;0;0;0;0;0;0;0;0;0;0;0;0;0;0;0;0;0;0;0
hpv16-miR-h6;0.00;hpv16-miR-h6;0.00;0;0;0;0;0;0;0;0;0;0;0;0;0;0;0;0;0;0;0;0;0;0;0;0;0;0;0;0;0;0;0;0;0;0;0;0;0;0;0;0;0;0;0;0;0;0;0;0;0;0;0;0;0;0;0;0;0;0;0;0;0;0;0;0;0;0;0;0;0;0;0;0;0;0;0;0;0;0;0;0;0;0;0;0;0;0;0;0;0;0;0;0;0;0;0;0;0;0;0;0;0;0;0;0;0;0;0;0;0;0;0;0;0;0;0;0;0;0;0;0;0;0;0;0;0;0;0;0;0;0;0;0;0;0;0;0;0;0;0;0;0;0;0;0;0;0;0;0;0;0;0;0;0;0;0;0;0;0;0;0;0;0;0;0;0;0;0;0;0;0;0;0;0;0;0;0;0;0;0;0;0;0;0;0;0;0;0;0;0;0;0;0;0;0;0;0;0;0;0;0;0;0;0;0;0;0;0;0;0;0;0;0;0;0;0;0;0;0
hpv38-miR-h1;0.00;hpv38-miR-h1;0.00;0;0;0;0;0;0;0;0;0;0;0;0;0;0;0;0;0;0;0;0;0;0;0;0;0;0;0;0;0;0;0;0;0;0;0;0;0;0;0;0;0;0;0;0;0;0;0;0;0;0;0;0;0;0;0;0;0;0;0;0;0;0;0;0;0;0;0;0;0;0;0;0;0;0;0;0;0;0;0;0;0;0;0;0;0;0;0;0;0;0;0;0;0;0;0;0;0;0;0;0;0;0;0;0;0;0;0;0;0;0;0;0;0;0;0;0;0;0;0;0;0;0;0;0;0;0;0;0;0;0;0;0;0;0;0;0;0;0;0;0;0;0;0;0;0;0;0;0;0;0;0;0;0;0;0;0;0;0;0;0;0;0;0;0;0;0;0;0;0;0;0;0;0;0;0;0;0;0;0;0;0;0;0;0;0;0;0;0;0;0;0;0;0;0;0;0;0;0;0;0;0;0;0;0;0;0;0;0;0;0;0;0;0;0;0;0;0;0
hpv45-miR-h1;1409.00;hpv45-miR-h1;1409.00;39.00;33.00;89.00;41.00;0;0;0;26.00;0;0;6.00;0;0;102.00;80.00;0;70.00;49.00;0;0;0;58.00;0;0;0;0;0;0;0;0;0;0;0;0;13.00;0;52.00;0;0;0;11.00;0;0;24.00;0;16.00;16.00;20.00;0;0;12.00;91.00;0;0;81.00;0;0;0;0;60.00;0;0;0;2.00;0;0;0;1.00;0;28.00;0;12.00;0;0;0;63.00;0;0;114.00;0;0;116.00;0;0;0;0;0;0;0;0;0;0;0;0;0;0;0;0;51.00;0;10.00;1.00;0;0;0;22.00;0;0;0;1170.22;1237.62;2422.69;5967.98;0;0;0;2199.85;0;0;589.68;0;0;4023.51;10240.66;0;2603.97;1154.49;0;0;0;4665.00;0;0;0;0;0;0;0;0;0;0;0;0;572.38;0;2119.68;0;0;0;325.83;0;0;1160.82;0;447.84;429.46;1302.25;0;0;1611.39;5932.98;0;0;2271.71;0;0;0;0;2389.39;0;0;0;56.77;0;0;0;68.40;0;1504.81;0;436.21;0;0;0;1306.73;0;0;7691.79;0;0;2739.08;0;0;0;0;0;0;0;0;0;0;0;0;0;0;0;0;2426.38;0;3451.85;41.98;0;0;0;451.85;0;0;0
hpv68-miR-h1;13.00;hpv68-miR-h1;13.00;0;0;0;0;0;0;0;0;0;0;0;0;0;0;0;0;0;0;0;0;0;0;0;0;0;0;0;0;0;0;11.00;0;0;0;0;0;0;0;0;0;0;0;0;0;0;0;0;0;0;0;0;0;0;0;0;0;0;0;0;0;0;0;0;0;0;0;0;0;0;0;0;0;0;0;0;0;0;0;0;0;0;0;0;0;0;0;0;0;0;0;0;0;0;0;0;0;0;0;0;0;0;0;2.00;0;0;0;0;0;0;0;0;0;0;0;0;0;0;0;0;0;0;0;0;0;0;0;0;0;0;0;0;0;0;0;0;0;0;0;0;366.12;0;0;0;0;0;0;0;0;0;0;0;0;0;0;0;0;0;0;0;0;0;0;0;0;0;0;0;0;0;0;0;0;0;0;0;0;0;0;0;0;0;0;0;0;0;0;0;0;0;0;0;0;0;0;0;0;0;0;0;0;0;0;0;0;0;0;0;0;0;0;0;32.15;0;0;0;0;0;0
hsv1-miR-105617b;0.00;hsv1-miR-105617b;0.00;0;0;0;0;0;0;0;0;0;0;0;0;0;0;0;0;0;0;0;0;0;0;0;0;0;0;0;0;0;0;0;0;0;0;0;0;0;0;0;0;0;0;0;0;0;0;0;0;0;0;0;0;0;0;0;0;0;0;0;0;0;0;0;0;0;0;0;0;0;0;0;0;0;0;0;0;0;0;0;0;0;0;0;0;0;0;0;0;0;0;0;0;0;0;0;0;0;0;0;0;0;0;0;0;0;0;0;0;0;0;0;0;0;0;0;0;0;0;0;0;0;0;0;0;0;0;0;0;0;0;0;0;0;0;0;0;0;0;0;0;0;0;0;0;0;0;0;0;0;0;0;0;0;0;0;0;0;0;0;0;0;0;0;0;0;0;0;0;0;0;0;0;0;0;0;0;0;0;0;0;0;0;0;0;0;0;0;0;0;0;0;0;0;0;0;0;0;0;0;0;0;0;0;0;0;0;0;0;0;0;0;0;0;0;0;0;0;0
hsv1-miR-106947b;0.00;hsv1-miR-106947b;0.00;0;0;0;0;0;0;0;0;0;0;0;0;0;0;0;0;0;0;0;0;0;0;0;0;0;0;0;0;0;0;0;0;0;0;0;0;0;0;0;0;0;0;0;0;0;0;0;0;0;0;0;0;0;0;0;0;0;0;0;0;0;0;0;0;0;0;0;0;0;0;0;0;0;0;0;0;0;0;0;0;0;0;0;0;0;0;0;0;0;0;0;0;0;0;0;0;0;0;0;0;0;0;0;0;0;0;0;0;0;0;0;0;0;0;0;0;0;0;0;0;0;0;0;0;0;0;0;0;0;0;0;0;0;0;0;0;0;0;0;0;0;0;0;0;0;0;0;0;0;0;0;0;0;0;0;0;0;0;0;0;0;0;0;0;0;0;0;0;0;0;0;0;0;0;0;0;0;0;0;0;0;0;0;0;0;0;0;0;0;0;0;0;0;0;0;0;0;0;0;0;0;0;0;0;0;0;0;0;0;0;0;0;0;0;0;0;0;0
hsv1-miR-107631-5p;0.00;hsv1-miR-107631-5p;0.00;0;0;0;0;0;0;0;0;0;0;0;0;0;0;0;0;0;0;0;0;0;0;0;0;0;0;0;0;0;0;0;0;0;0;0;0;0;0;0;0;0;0;0;0;0;0;0;0;0;0;0;0;0;0;0;0;0;0;0;0;0;0;0;0;0;0;0;0;0;0;0;0;0;0;0;0;0;0;0;0;0;0;0;0;0;0;0;0;0;0;0;0;0;0;0;0;0;0;0;0;0;0;0;0;0;0;0;0;0;0;0;0;0;0;0;0;0;0;0;0;0;0;0;0;0;0;0;0;0;0;0;0;0;0;0;0;0;0;0;0;0;0;0;0;0;0;0;0;0;0;0;0;0;0;0;0;0;0;0;0;0;0;0;0;0;0;0;0;0;0;0;0;0;0;0;0;0;0;0;0;0;0;0;0;0;0;0;0;0;0;0;0;0;0;0;0;0;0;0;0;0;0;0;0;0;0;0;0;0;0;0;0;0;0;0;0;0;0
hsv1-miR-107969;0.00;hsv1-miR-107969;0.00;0;0;0;0;0;0;0;0;0;0;0;0;0;0;0;0;0;0;0;0;0;0;0;0;0;0;0;0;0;0;0;0;0;0;0;0;0;0;0;0;0;0;0;0;0;0;0;0;0;0;0;0;0;0;0;0;0;0;0;0;0;0;0;0;0;0;0;0;0;0;0;0;0;0;0;0;0;0;0;0;0;0;0;0;0;0;0;0;0;0;0;0;0;0;0;0;0;0;0;0;0;0;0;0;0;0;0;0;0;0;0;0;0;0;0;0;0;0;0;0;0;0;0;0;0;0;0;0;0;0;0;0;0;0;0;0;0;0;0;0;0;0;0;0;0;0;0;0;0;0;0;0;0;0;0;0;0;0;0;0;0;0;0;0;0;0;0;0;0;0;0;0;0;0;0;0;0;0;0;0;0;0;0;0;0;0;0;0;0;0;0;0;0;0;0;0;0;0;0;0;0;0;0;0;0;0;0;0;0;0;0;0;0;0;0;0;0;0
hsv1-miR-114783;0.00;hsv1-miR-114783;0.00;0;0;0;0;0;0;0;0;0;0;0;0;0;0;0;0;0;0;0;0;0;0;0;0;0;0;0;0;0;0;0;0;0;0;0;0;0;0;0;0;0;0;0;0;0;0;0;0;0;0;0;0;0;0;0;0;0;0;0;0;0;0;0;0;0;0;0;0;0;0;0;0;0;0;0;0;0;0;0;0;0;0;0;0;0;0;0;0;0;0;0;0;0;0;0;0;0;0;0;0;0;0;0;0;0;0;0;0;0;0;0;0;0;0;0;0;0;0;0;0;0;0;0;0;0;0;0;0;0;0;0;0;0;0;0;0;0;0;0;0;0;0;0;0;0;0;0;0;0;0;0;0;0;0;0;0;0;0;0;0;0;0;0;0;0;0;0;0;0;0;0;0;0;0;0;0;0;0;0;0;0;0;0;0;0;0;0;0;0;0;0;0;0;0;0;0;0;0;0;0;0;0;0;0;0;0;0;0;0;0;0;0;0;0;0;0;0;0
hsv1-miR-132144;1658.00;hsv1-miR-132144;1658.00;0;0;48.00;51.00;0;0;0;0;0;0;20.00;1.00;0;0;0;0;0;0;0;0;0;0;0;0;0;0;11.00;0;52.00;174.00;0;0;6.00;0;6.00;67.00;65.00;0;0;0;23.00;0;0;26.00;0;0;22.00;21.00;0;7.00;21.00;0;0;0;1.00;0;0;0;0;102.00;0;66.00;44.00;1.00;68.00;0;45.00;0;0;0;0;0;0;0;0;0;35.00;38.00;0;0;0;216.00;0;0;0;0;15.00;0;0;0;55.00;73.00;0;0;0;0;0;0;101.00;0;4.00;65.00;38.00;0;6.00;0;0;64.00;0;0;0;1306.62;7423.58;0;0;0;0;0;0;1965.60;104.00;0;0;0;0;0;0;0;0;0;0;0;0;0;0;521.15;0;3045.92;7872.59;0;0;415.34;0;264.18;2798.43;2649.60;0;0;0;681.28;0;0;1257.56;0;0;590.51;1367.37;0;394.19;2819.93;0;0;0;28.05;0;0;0;0;4061.96;0;4992.44;2095.94;28.39;7212.56;0;1760.98;0;0;0;0;0;0;0;0;0;1596.64;1141.45;0;0;0;5100.35;0;0;0;0;725.58;0;0;0;3866.16;4021.15;0;0;0;0;0;0;4805.18;0;1380.74;2728.57;610.92;0;109.24;0;0;39072.04;0
hsv1-miR-132792-5p;105.00;hsv1-miR-132792-5p;105.00;0;0;0;0;0;0;0;0;0;0;0;0;0;0;0;0;0;0;0;0;0;0;0;1.00;0;0;0;0;0;0;0;0;0;0;0;0;0;0;0;0;0;0;0;0;0;0;0;0;0;0;0;0;0;0;0;0;0;0;0;0;0;0;0;0;0;0;0;0;0;0;0;0;0;0;0;0;0;0;104.00;0;0;0;0;0;0;0;0;0;0;0;0;0;0;0;0;0;0;0;0;0;0;0;0;0;0;0;0;0;0;0;0;0;0;0;0;0;0;0;0;0;0;0;0;0;0;0;0;0;0;0;0;0;133.14;0;0;0;0;0;0;0;0;0;0;0;0;0;0;0;0;0;0;0;0;0;0;0;0;0;0;0;0;0;0;0;0;0;0;0;0;0;0;0;0;0;0;0;0;0;0;0;0;0;0;0;0;0;0;7017.07;0;0;0;0;0;0;0;0;0;0;0;0;0;0;0;0;0;0;0;0;0;0;0;0;0;0;0;0;0;0
hsv1-miR-34208b;13.00;hsv1-miR-34208b;13.00;0;0;0;0;3.00;0;0;0;0;0;0;0;0;1.00;0;0;0;0;0;0;0;0;2.00;0;0;0;0;0;0;0;0;0;0;0;0;0;0;0;0;0;0;0;0;0;0;0;0;0;0;0;0;0;0;0;0;0;0;0;0;0;0;0;0;0;0;0;2.00;0;0;0;0;0;0;0;0;0;0;0;0;5.00;0;0;0;0;0;0;0;0;0;0;0;0;0;0;0;0;0;0;0;0;0;0;0;0;0;0;0;0;0;0;0;0;0;153.12;0;0;0;0;0;0;0;0;39.45;0;0;0;0;0;0;0;0;373.41;0;0;0;0;0;0;0;0;0;0;0;0;0;0;0;0;0;0;0;0;0;0;0;0;0;0;0;0;0;0;0;0;0;0;0;0;0;0;0;0;0;0;0;78.27;0;0;0;0;0;0;0;0;0;0;0;0;196.01;0;0;0;0;0;0;0;0;0;0;0;0;0;0;0;0;0;0;0;0;0;0;0;0;0;0;0;0;0
hsv1-miR-38539-5p;0.00;hsv1-miR-38539-5p;0.00;0;0;0;0;0;0;0;0;0;0;0;0;0;0;0;0;0;0;0;0;0;0;0;0;0;0;0;0;0;0;0;0;0;0;0;0;0;0;0;0;0;0;0;0;0;0;0;0;0;0;0;0;0;0;0;0;0;0;0;0;0;0;0;0;0;0;0;0;0;0;0;0;0;0;0;0;0;0;0;0;0;0;0;0;0;0;0;0;0;0;0;0;0;0;0;0;0;0;0;0;0;0;0;0;0;0;0;0;0;0;0;0;0;0;0;0;0;0;0;0;0;0;0;0;0;0;0;0;0;0;0;0;0;0;0;0;0;0;0;0;0;0;0;0;0;0;0;0;0;0;0;0;0;0;0;0;0;0;0;0;0;0;0;0;0;0;0;0;0;0;0;0;0;0;0;0;0;0;0;0;0;0;0;0;0;0;0;0;0;0;0;0;0;0;0;0;0;0;0;0;0;0;0;0;0;0;0;0;0;0;0;0;0;0;0;0;0;0
hsv1-miR-40262b;0.00;hsv1-miR-40262b;0.00;0;0;0;0;0;0;0;0;0;0;0;0;0;0;0;0;0;0;0;0;0;0;0;0;0;0;0;0;0;0;0;0;0;0;0;0;0;0;0;0;0;0;0;0;0;0;0;0;0;0;0;0;0;0;0;0;0;0;0;0;0;0;0;0;0;0;0;0;0;0;0;0;0;0;0;0;0;0;0;0;0;0;0;0;0;0;0;0;0;0;0;0;0;0;0;0;0;0;0;0;0;0;0;0;0;0;0;0;0;0;0;0;0;0;0;0;0;0;0;0;0;0;0;0;0;0;0;0;0;0;0;0;0;0;0;0;0;0;0;0;0;0;0;0;0;0;0;0;0;0;0;0;0;0;0;0;0;0;0;0;0;0;0;0;0;0;0;0;0;0;0;0;0;0;0;0;0;0;0;0;0;0;0;0;0;0;0;0;0;0;0;0;0;0;0;0;0;0;0;0;0;0;0;0;0;0;0;0;0;0;0;0;0;0;0;0;0;0
hsv1-miR-425-5p;0.00;hsv1-miR-425-5p;0.00;0;0;0;0;0;0;0;0;0;0;0;0;0;0;0;0;0;0;0;0;0;0;0;0;0;0;0;0;0;0;0;0;0;0;0;0;0;0;0;0;0;0;0;0;0;0;0;0;0;0;0;0;0;0;0;0;0;0;0;0;0;0;0;0;0;0;0;0;0;0;0;0;0;0;0;0;0;0;0;0;0;0;0;0;0;0;0;0;0;0;0;0;0;0;0;0;0;0;0;0;0;0;0;0;0;0;0;0;0;0;0;0;0;0;0;0;0;0;0;0;0;0;0;0;0;0;0;0;0;0;0;0;0;0;0;0;0;0;0;0;0;0;0;0;0;0;0;0;0;0;0;0;0;0;0;0;0;0;0;0;0;0;0;0;0;0;0;0;0;0;0;0;0;0;0;0;0;0;0;0;0;0;0;0;0;0;0;0;0;0;0;0;0;0;0;0;0;0;0;0;0;0;0;0;0;0;0;0;0;0;0;0;0;0;0;0;0;0
hsv1-miR-470;194.00;hsv1-miR-470;194.00;0;0;0;0;0;0;1.00;0;0;0;0;0;0;11.00;0;1.00;0;0;0;0;0;0;4.00;0;0;0;0;0;0;0;7.00;0;0;0;0;0;0;0;0;0;0;0;0;0;0;2.00;0;0;0;0;0;27.00;0;0;34.00;0;0;0;0;0;0;0;3.00;0;0;0;0;0;0;0;0;0;0;0;0;75.00;0;0;0;0;0;0;7.00;0;0;0;19.00;0;0;0;0;0;0;0;0;0;0;0;0;0;0;2.00;0;0;0;1.00;0;0;0;0;0;0;0;0;0;91.56;0;0;0;0;0;0;433.91;0;47.92;0;0;0;0;0;0;746.83;0;0;0;0;0;0;0;232.98;0;0;0;0;0;0;0;0;0;0;0;0;0;0;55.98;0;0;0;0;0;1760.33;0;0;953.56;0;0;0;0;0;0;0;142.90;0;0;0;0;0;0;0;0;0;0;0;0;1555.63;0;0;0;0;0;0;249.88;0;0;0;919.07;0;0;0;0;0;0;0;0;0;0;0;0;0;0;83.96;0;0;0;20.54;0;0;0
hsv1-miR-47858b;0.00;hsv1-miR-47858b;0.00;0;0;0;0;0;0;0;0;0;0;0;0;0;0;0;0;0;0;0;0;0;0;0;0;0;0;0;0;0;0;0;0;0;0;0;0;0;0;0;0;0;0;0;0;0;0;0;0;0;0;0;0;0;0;0;0;0;0;0;0;0;0;0;0;0;0;0;0;0;0;0;0;0;0;0;0;0;0;0;0;0;0;0;0;0;0;0;0;0;0;0;0;0;0;0;0;0;0;0;0;0;0;0;0;0;0;0;0;0;0;0;0;0;0;0;0;0;0;0;0;0;0;0;0;0;0;0;0;0;0;0;0;0;0;0;0;0;0;0;0;0;0;0;0;0;0;0;0;0;0;0;0;0;0;0;0;0;0;0;0;0;0;0;0;0;0;0;0;0;0;0;0;0;0;0;0;0;0;0;0;0;0;0;0;0;0;0;0;0;0;0;0;0;0;0;0;0;0;0;0;0;0;0;0;0;0;0;0;0;0;0;0;0;0;0;0;0;0
hsv1-miR-55593;0.00;hsv1-miR-55593;0.00;0;0;0;0;0;0;0;0;0;0;0;0;0;0;0;0;0;0;0;0;0;0;0;0;0;0;0;0;0;0;0;0;0;0;0;0;0;0;0;0;0;0;0;0;0;0;0;0;0;0;0;0;0;0;0;0;0;0;0;0;0;0;0;0;0;0;0;0;0;0;0;0;0;0;0;0;0;0;0;0;0;0;0;0;0;0;0;0;0;0;0;0;0;0;0;0;0;0;0;0;0;0;0;0;0;0;0;0;0;0;0;0;0;0;0;0;0;0;0;0;0;0;0;0;0;0;0;0;0;0;0;0;0;0;0;0;0;0;0;0;0;0;0;0;0;0;0;0;0;0;0;0;0;0;0;0;0;0;0;0;0;0;0;0;0;0;0;0;0;0;0;0;0;0;0;0;0;0;0;0;0;0;0;0;0;0;0;0;0;0;0;0;0;0;0;0;0;0;0;0;0;0;0;0;0;0;0;0;0;0;0;0;0;0;0;0;0;0
hsv1-miR-56054b;1.00;hsv1-miR-56054b;1.00;0;0;0;0;0;0;0;0;0;0;0;0;0;0;0;0;0;0;0;0;0;0;0;0;0;0;0;0;0;0;0;0;0;0;0;0;0;0;0;0;0;0;0;0;0;0;0;0;0;0;0;0;0;0;0;0;0;0;0;0;0;0;0;0;0;0;0;0;0;0;0;0;0;0;0;0;0;0;0;0;0;0;0;0;1.00;0;0;0;0;0;0;0;0;0;0;0;0;0;0;0;0;0;0;0;0;0;0;0;0;0;0;0;0;0;0;0;0;0;0;0;0;0;0;0;0;0;0;0;0;0;0;0;0;0;0;0;0;0;0;0;0;0;0;0;0;0;0;0;0;0;0;0;0;0;0;0;0;0;0;0;0;0;0;0;0;0;0;0;0;0;0;0;0;0;0;0;0;0;0;0;0;0;0;0;0;0;0;0;0;0;0;0;0;35.03;0;0;0;0;0;0;0;0;0;0;0;0;0;0;0;0;0;0;0;0;0;0;0;0
hsv1-miR-59899;0.00;hsv1-miR-59899;0.00;0;0;0;0;0;0;0;0;0;0;0;0;0;0;0;0;0;0;0;0;0;0;0;0;0;0;0;0;0;0;0;0;0;0;0;0;0;0;0;0;0;0;0;0;0;0;0;0;0;0;0;0;0;0;0;0;0;0;0;0;0;0;0;0;0;0;0;0;0;0;0;0;0;0;0;0;0;0;0;0;0;0;0;0;0;0;0;0;0;0;0;0;0;0;0;0;0;0;0;0;0;0;0;0;0;0;0;0;0;0;0;0;0;0;0;0;0;0;0;0;0;0;0;0;0;0;0;0;0;0;0;0;0;0;0;0;0;0;0;0;0;0;0;0;0;0;0;0;0;0;0;0;0;0;0;0;0;0;0;0;0;0;0;0;0;0;0;0;0;0;0;0;0;0;0;0;0;0;0;0;0;0;0;0;0;0;0;0;0;0;0;0;0;0;0;0;0;0;0;0;0;0;0;0;0;0;0;0;0;0;0;0;0;0;0;0;0;0
hsv1-miR-69853;40.00;hsv1-miR-69853;40.00;0;0;0;0;0;0;0;0;0;0;0;0;0;0;0;0;0;0;0;0;0;0;0;0;0;0;0;0;0;0;0;0;0;0;0;0;0;0;0;0;0;0;0;0;0;0;0;0;0;0;0;0;0;0;0;0;0;0;0;0;0;0;0;0;0;0;0;0;0;0;0;0;0;0;0;0;0;0;0;0;0;0;0;0;0;0;0;0;0;0;0;0;0;0;0;0;0;0;0;0;0;0;40.00;0;0;0;0;0;0;0;0;0;0;0;0;0;0;0;0;0;0;0;0;0;0;0;0;0;0;0;0;0;0;0;0;0;0;0;0;0;0;0;0;0;0;0;0;0;0;0;0;0;0;0;0;0;0;0;0;0;0;0;0;0;0;0;0;0;0;0;0;0;0;0;0;0;0;0;0;0;0;0;0;0;0;0;0;0;0;0;0;0;0;0;0;0;0;0;0;0;0;0;0;0;0;0;0;0;0;0;0;643.08;0;0;0;0;0;0
hsv1-miR-H1-5p;333.00;hsv1-mir-H1;333.00;49.00;0;0;0;2.00;0;1.00;0;0;0;0;44.00;0;7.00;0;0;0;0;1.00;0;0;0;0;3.00;1.00;0;0;0;0;0;0;0;22.00;0;0;0;3.00;0;0;0;0;0;0;31.00;7.00;0;1.00;0;0;0;0;0;0;0;1.00;0;0;0;0;75.00;0;0;0;0;2.00;0;0;0;0;0;4.00;38.00;0;0;0;0;0;0;0;0;0;0;18.00;0;0;1.00;0;0;0;0;1.00;0;0;0;0;1.00;0;0;0;0;0;1.00;0;0;19.00;0;0;0;0;1470.28;0;0;0;102.08;0;91.56;0;0;0;0;4576.18;0;276.12;0;0;0;0;57.98;0;0;0;0;399.41;54.71;0;0;0;0;0;0;0;1522.91;0;0;0;122.29;0;0;0;0;0;0;1499.40;340.75;0;26.84;0;0;0;0;0;0;0;28.05;0;0;0;0;2986.74;0;0;0;0;212.13;0;0;0;0;0;131.84;1381.32;0;0;0;0;0;0;0;0;0;0;642.54;0;0;63.05;0;0;0;0;70.29;0;0;0;0;77.61;0;0;0;0;0;41.98;0;0;345.93;0;0;0;0
hsv1-miR-H1-3p;3.00;hsv1-mir-H1;3.00;0;0;0;0;0;0;0;0;0;0;0;0;0;0;0;0;0;0;0;0;0;0;0;0;0;0;0;0;0;0;0;0;0;0;0;0;0;0;0;0;0;0;0;0;0;0;0;0;0;0;0;0;0;0;0;0;0;0;3.00;0;0;0;0;0;0;0;0;0;0;0;0;0;0;0;0;0;0;0;0;0;0;0;0;0;0;0;0;0;0;0;0;0;0;0;0;0;0;0;0;0;0;0;0;0;0;0;0;0;0;0;0;0;0;0;0;0;0;0;0;0;0;0;0;0;0;0;0;0;0;0;0;0;0;0;0;0;0;0;0;0;0;0;0;0;0;0;0;0;0;0;0;0;0;0;0;0;0;0;0;0;0;0;0;0;0;0;0;179.94;0;0;0;0;0;0;0;0;0;0;0;0;0;0;0;0;0;0;0;0;0;0;0;0;0;0;0;0;0;0;0;0;0;0;0;0;0;0;0;0;0;0;0;0;0;0;0;0;0;0
hsv1-miR-H11;54.00;hsv1-mir-H11;54.00;0;0;0;0;0;0;16.00;0;0;0;0;0;0;0;0;0;0;0;0;0;0;3.00;0;0;0;0;0;0;0;0;0;0;0;0;0;0;0;0;0;0;0;0;2.00;0;0;0;0;0;0;0;0;0;0;0;16.00;0;0;0;0;0;0;0;0;0;0;8.00;0;0;0;0;0;0;0;0;0;0;0;1.00;0;0;0;0;0;0;7.00;0;0;0;0;0;0;0;0;0;0;0;0;0;0;0;0;0;0;1.00;0;0;0;0;0;0;0;0;0;0;0;1464.93;0;0;0;0;0;0;0;0;0;0;0;0;0;0;241.29;0;0;0;0;0;0;0;0;0;0;0;0;0;0;0;0;0;0;0;0;245.13;0;0;0;0;0;0;0;0;0;0;0;448.73;0;0;0;0;0;0;0;0;0;0;348.60;0;0;0;0;0;0;0;0;0;0;0;30.04;0;0;0;0;0;0;245.18;0;0;0;0;0;0;0;0;0;0;0;0;0;0;0;0;0;0;64.71;0;0;0;0;0
hsv1-miR-H12;143.00;hsv1-mir-H12;143.00;0;0;0;0;0;0;0;0;0;6.00;0;0;0;1.00;0;0;0;0;1.00;0;0;0;0;0;0;0;0;0;0;1.00;0;1.00;1.00;0;0;0;58.00;0;0;0;0;0;0;0;0;45.00;0;0;0;0;10.00;0;0;0;0;0;0;0;0;0;0;0;1.00;0;0;8.00;1.00;0;0;0;0;0;0;0;0;2.00;0;0;0;0;0;0;2.00;0;1.00;1.00;0;0;0;0;0;0;0;0;0;0;0;0;0;0;0;0;0;0;2.00;1.00;0;0;0;0;0;0;0;0;0;0;0;0;157.35;0;0;0;39.45;0;0;0;0;57.98;0;0;0;0;0;0;0;0;0;0;45.24;0;23.45;69.22;0;0;0;2364.26;0;0;0;0;0;0;0;0;1259.55;0;0;0;0;1342.82;0;0;0;0;0;0;0;0;0;0;0;47.63;0;0;348.60;39.13;0;0;0;0;0;0;0;0;41.48;0;0;0;0;0;0;71.39;0;35.03;63.05;0;0;0;0;0;0;0;0;0;0;0;0;0;0;0;0;0;0;36.41;20.54;0;0;0
hsv1-miR-H13;322.00;hsv1-mir-H13;322.00;0;0;1.00;0;0;20.00;0;0;0;0;0;0;0;0;0;0;0;0;0;0;0;0;0;0;0;53.00;0;0;0;0;1.00;0;0;0;0;0;0;0;0;0;0;0;0;0;0;0;0;0;0;0;0;0;46.00;0;43.00;0;0;0;0;0;0;1.00;0;0;59.00;0;0;0;0;0;0;37.00;1.00;0;0;2.00;3.00;0;0;0;0;0;0;0;1.00;0;2.00;0;0;0;2.00;3.00;0;0;0;0;0;0;37.00;0;8.00;0;2.00;0;0;0;0;0;0;0;0;27.22;0;0;736.13;0;0;0;0;0;0;0;0;0;0;0;0;0;0;0;0;0;0;0;3899.07;0;0;0;0;33.28;0;0;0;0;0;0;0;0;0;0;0;0;0;0;0;0;0;0;0;0;0;2135.07;0;1205.97;0;0;0;0;0;0;75.64;0;0;6257.96;0;0;0;0;0;0;1344.97;63.95;0;0;41.48;136.86;0;0;0;0;0;0;0;35.03;0;96.74;0;0;0;140.59;165.25;0;0;0;0;0;0;1760.31;0;2761.48;0;32.15;0;0;0;0;0;0
hsv1-miR-H14-5p;1.00;hsv1-mir-H14;1.00;0;1.00;0;0;0;0;0;0;0;0;0;0;0;0;0;0;0;0;0;0;0;0;0;0;0;0;0;0;0;0;0;0;0;0;0;0;0;0;0;0;0;0;0;0;0;0;0;0;0;0;0;0;0;0;0;0;0;0;0;0;0;0;0;0;0;0;0;0;0;0;0;0;0;0;0;0;0;0;0;0;0;0;0;0;0;0;0;0;0;0;0;0;0;0;0;0;0;0;0;0;0;0;0;0;0;0;0;0;0;0;37.50;0;0;0;0;0;0;0;0;0;0;0;0;0;0;0;0;0;0;0;0;0;0;0;0;0;0;0;0;0;0;0;0;0;0;0;0;0;0;0;0;0;0;0;0;0;0;0;0;0;0;0;0;0;0;0;0;0;0;0;0;0;0;0;0;0;0;0;0;0;0;0;0;0;0;0;0;0;0;0;0;0;0;0;0;0;0;0;0;0;0;0;0;0;0;0;0;0;0;0;0;0;0;0;0;0;0;0
hsv1-miR-H14-3p;85.00;hsv1-mir-H14;85.00;0;0;0;0;0;0;0;0;0;0;0;0;0;0;0;0;0;0;0;0;0;1.00;0;0;0;0;0;0;0;0;0;50.00;0;0;0;0;0;0;0;0;0;0;0;0;0;0;0;0;0;0;0;0;0;0;0;0;0;0;0;0;3.00;0;0;0;0;0;0;0;0;0;0;0;0;0;0;0;0;0;0;0;0;0;0;0;0;0;0;0;0;0;0;0;0;0;0;0;0;1.00;0;0;0;0;29.00;0;1.00;0;0;0;0;0;0;0;0;0;0;0;0;0;0;0;0;0;0;0;0;0;0;0;0;0;80.43;0;0;0;0;0;0;0;0;0;1172.28;0;0;0;0;0;0;0;0;0;0;0;0;0;0;0;0;0;0;0;0;0;0;0;0;0;0;0;0;131.78;0;0;0;0;0;0;0;0;0;0;0;0;0;0;0;0;0;0;0;0;0;0;0;0;0;0;0;0;0;0;0;0;0;0;0;0;34.40;0;0;0;0;466.23;0;18.21;0;0;0;0
hsv1-miR-H15;122.00;hsv1-mir-H15;122.00;0;0;0;0;0;0;0;0;0;0;0;0;0;0;0;0;0;0;0;0;0;4.00;0;0;0;0;0;3.00;0;2.00;0;5.00;1.00;0;0;0;1.00;0;0;0;0;0;0;2.00;0;0;2.00;0;0;0;0;0;0;0;0;0;0;0;0;0;0;0;0;0;0;0;0;5.00;10.00;0;0;5.00;0;0;0;0;0;0;14.00;0;0;0;0;0;0;0;2.00;0;0;0;0;0;0;0;0;0;0;21.00;7.00;0;0;0;38.00;0;0;0;0;0;0;0;0;0;0;0;0;0;0;0;0;0;0;0;0;0;0;0;0;0;0;0;321.72;0;0;0;0;0;400.32;0;90.49;0;117.23;69.22;0;0;0;40.76;0;0;0;0;0;0;96.74;0;0;53.68;0;0;0;0;0;0;0;0;0;0;0;0;0;0;0;0;0;0;0;0;342.00;387.58;0;0;181.75;0;0;0;0;0;0;944.61;0;0;0;0;0;0;0;96.74;0;0;0;0;0;0;0;0;0;0;722.34;333.03;0;0;0;610.92;0;0;0;0;0;0
hsv1-miR-H16;62.00;hsv1-mir-H16;62.00;0;0;0;0;0;0;0;0;0;1.00;0;0;0;0;0;0;0;0;0;0;0;0;0;0;0;0;0;0;0;0;0;0;0;0;0;0;0;0;0;0;0;0;0;0;0;0;4.00;0;0;0;0;0;0;0;0;0;0;0;0;0;0;0;0;0;0;0;0;0;0;0;0;0;0;0;0;0;0;0;0;0;5.00;17.00;0;0;0;0;0;0;0;35.00;0;0;0;0;0;0;0;0;0;0;0;0;0;0;0;0;0;0;0;0;0;0;0;0;0;0;0;0;26.22;0;0;0;0;0;0;0;0;0;0;0;0;0;0;0;0;0;0;0;0;0;0;0;0;0;0;0;0;0;0;0;0;0;0;0;0;107.37;0;0;0;0;0;0;0;0;0;0;0;0;0;0;0;0;0;0;0;0;0;0;0;0;0;0;0;0;0;0;0;0;0;785.42;401.42;0;0;0;0;0;0;0;760.67;0;0;0;0;0;0;0;0;0;0;0;0;0;0;0;0;0;0;0
hsv1-miR-H17;52459.00;hsv1-mir-H17;52459.00;0;1.00;50.00;51.00;219.00;5.00;0;8.00;5.00;1.00;40.00;105.00;1.00;7.00;0;80.00;4.00;0;86.00;3.00;3.00;67.00;0;2.00;23.00;0;0;21.00;55.00;9.00;61.00;4.00;7.00;11.00;20.00;23.00;1.00;61.00;1.00;1.00;95.00;0;7.00;0;99.00;1.00;0;2.00;115.00;0;9.00;4.00;36.00;78.00;0;0;0;2.00;227.00;1.00;69.00;0;23.00;7.00;0;0;2.00;0;63.00;0;0;1.00;102.00;1.00;6.00;0;48.00;2.00;74.00;0;0;0;300.00;1.00;0;68.00;7.00;1.00;134.00;83.00;47.00;0;5.00;0;0;160.00;0;1.00;1.00;0;28.00;167.00;48899.00;0;374.00;1.00;72.00;0;0;0;37.50;1361.06;7423.58;11178.03;184.03;0;676.88;241.18;26.22;3931.20;10920.44;344.71;276.12;0;3833.80;148.80;0;4986.66;793.02;364.70;5388.88;0;266.28;1258.27;0;0;2802.24;3221.65;407.20;2030.29;93.78;484.56;400.03;880.59;960.65;40.76;3876.46;63.47;152.09;2813.98;0;857.95;0;4819.16;27.99;0;130.23;10682.77;0;1208.54;260.79;1670.92;1995.75;0;0;0;4728.13;13615.64;39.82;3030.84;0;1095.60;198.71;0;0;78.27;0;2441.77;0;0;36.35;6523.41;32.91;155.21;0;2189.68;60.08;4992.92;0;0;0;10708.93;50.03;0;4287.52;338.61;28.24;5061.95;1803.88;3303.81;0;96.72;0;0;12417.54;0;34.40;47.58;0;9665.17;7010.33;786144.92;0;6809.41;20.54;7754.44;0;0
hsv1-miR-H18;87.00;hsv1-mir-H18;87.00;0;0;0;0;0;0;0;0;0;0;0;0;0;0;0;73.00;0;0;0;0;0;2.00;1.00;0;0;0;0;0;0;0;0;0;0;0;0;0;0;0;0;0;0;0;0;0;0;0;0;0;0;0;0;0;0;0;0;0;0;0;0;0;0;0;0;0;0;0;0;0;0;0;0;0;0;0;0;0;0;0;6.00;0;0;0;0;0;0;0;0;0;0;0;0;0;0;0;0;2.00;0;0;0;2.00;0;1.00;0;0;0;0;0;0;0;0;0;0;0;0;0;0;0;0;0;0;0;0;0;0;3498.35;0;0;0;0;0;160.86;186.71;0;0;0;0;0;0;0;0;0;0;0;0;0;0;0;0;0;0;0;0;0;0;0;0;0;0;0;0;0;0;0;0;0;0;0;0;0;0;0;0;0;0;0;0;0;0;0;0;0;0;0;0;0;0;0;404.83;0;0;0;0;0;0;0;0;0;0;0;0;0;0;0;0;155.22;0;0;0;1049.87;0;41.98;0;0;0;0;0;0;0
hsv1-miR-H2-5p;7.00;hsv1-mir-H2;7.00;0;0;3.00;0;0;0;0;0;0;0;0;0;0;0;0;0;0;0;0;0;0;0;0;0;0;2.00;0;0;0;0;0;0;0;0;0;0;0;0;0;0;0;2.00;0;0;0;0;0;0;0;0;0;0;0;0;0;0;0;0;0;0;0;0;0;0;0;0;0;0;0;0;0;0;0;0;0;0;0;0;0;0;0;0;0;0;0;0;0;0;0;0;0;0;0;0;0;0;0;0;0;0;0;0;0;0;0;0;0;0;0;0;0;81.66;0;0;0;0;0;0;0;0;0;0;0;0;0;0;0;0;0;0;0;0;0;0;147.13;0;0;0;0;0;0;0;0;0;0;0;0;0;0;0;124.55;0;0;0;0;0;0;0;0;0;0;0;0;0;0;0;0;0;0;0;0;0;0;0;0;0;0;0;0;0;0;0;0;0;0;0;0;0;0;0;0;0;0;0;0;0;0;0;0;0;0;0;0;0;0;0;0;0;0;0;0;0;0;0;0;0;0;0
hsv1-miR-H2-3p;160.00;hsv1-mir-H2;160.00;0;0;3.00;0;0;0;0;0;0;0;0;0;0;0;0;0;0;0;0;0;0;0;0;0;0;0;0;0;0;0;0;1.00;1.00;0;0;0;57.00;0;0;0;0;0;0;0;0;0;0;0;0;0;0;0;0;0;0;0;0;0;0;0;0;0;0;0;0;0;2.00;0;19.00;0;0;0;0;0;0;0;0;0;0;0;0;0;0;0;0;50.00;0;0;0;0;0;0;0;0;0;0;0;0;27.00;0;0;0;0;0;0;0;0;0;0;0;0;81.66;0;0;0;0;0;0;0;0;0;0;0;0;0;0;0;0;0;0;0;0;0;0;0;0;0;0;0;0;23.45;69.22;0;0;0;2323.50;0;0;0;0;0;0;0;0;0;0;0;0;0;0;0;0;0;0;0;0;0;0;0;0;0;0;0;0;0;78.27;0;736.41;0;0;0;0;0;0;0;0;0;0;0;0;0;0;0;0;3152.59;0;0;0;0;0;0;0;0;0;0;0;0;1284.55;0;0;0;0;0;0;0;0;0;0
hsv1-miR-H26;149.00;hsv1-mir-H26;149.00;0;56.00;4.00;8.00;0;0;0;0;0;0;0;0;0;1.00;0;0;0;0;0;0;0;0;0;0;0;0;0;0;0;0;0;0;0;0;0;0;0;0;0;0;0;0;0;0;0;0;0;0;0;0;0;0;0;66.00;1.00;0;0;0;0;0;0;0;1.00;0;0;0;0;0;0;10.00;0;0;0;0;0;0;0;0;0;0;0;0;0;0;0;0;0;0;0;0;0;0;0;0;0;0;0;0;0;0;0;0;0;1.00;1.00;0;0;0;0;0;2100.21;108.89;1164.48;0;0;0;0;0;0;0;0;0;39.45;0;0;0;0;0;0;0;0;0;0;0;0;0;0;0;0;0;0;0;0;0;0;0;0;0;0;0;0;0;0;0;0;0;0;0;0;0;0;0;1688.71;28.05;0;0;0;0;0;0;0;47.63;0;0;0;0;0;0;537.43;0;0;0;0;0;0;0;0;0;0;0;0;0;0;0;0;0;0;0;0;0;0;0;0;0;0;0;0;0;0;0;0;0;64.71;18.21;0;0;0;0
hsv1-miR-H27;0.00;hsv1-mir-H27;0.00;0;0;0;0;0;0;0;0;0;0;0;0;0;0;0;0;0;0;0;0;0;0;0;0;0;0;0;0;0;0;0;0;0;0;0;0;0;0;0;0;0;0;0;0;0;0;0;0;0;0;0;0;0;0;0;0;0;0;0;0;0;0;0;0;0;0;0;0;0;0;0;0;0;0;0;0;0;0;0;0;0;0;0;0;0;0;0;0;0;0;0;0;0;0;0;0;0;0;0;0;0;0;0;0;0;0;0;0;0;0;0;0;0;0;0;0;0;0;0;0;0;0;0;0;0;0;0;0;0;0;0;0;0;0;0;0;0;0;0;0;0;0;0;0;0;0;0;0;0;0;0;0;0;0;0;0;0;0;0;0;0;0;0;0;0;0;0;0;0;0;0;0;0;0;0;0;0;0;0;0;0;0;0;0;0;0;0;0;0;0;0;0;0;0;0;0;0;0;0;0;0;0;0;0;0;0;0;0;0;0;0;0;0;0;0;0;0;0
hsv1-miR-H3-5p;4.00;hsv1-mir-H3;4.00;0;0;0;0;0;0;0;0;0;0;0;0;0;0;0;0;0;0;0;0;0;0;0;0;0;0;0;0;0;0;0;0;0;0;0;0;0;0;0;0;0;0;0;0;0;0;0;0;0;0;0;0;0;0;0;0;0;0;0;0;0;0;0;0;0;0;0;0;0;0;0;0;0;0;0;0;0;0;0;0;0;0;0;0;0;0;0;0;0;0;0;0;0;0;0;0;0;0;0;0;0;3.00;0;0;0;1.00;0;0;0;0;0;0;0;0;0;0;0;0;0;0;0;0;0;0;0;0;0;0;0;0;0;0;0;0;0;0;0;0;0;0;0;0;0;0;0;0;0;0;0;0;0;0;0;0;0;0;0;0;0;0;0;0;0;0;0;0;0;0;0;0;0;0;0;0;0;0;0;0;0;0;0;0;0;0;0;0;0;0;0;0;0;0;0;0;0;0;0;0;0;0;0;0;0;0;0;0;0;0;0;0;125.93;0;0;0;20.54;0;0;0
hsv1-miR-H3-3p;96.00;hsv1-mir-H3;96.00;0;0;0;0;0;0;0;0;0;0;0;0;0;0;0;0;5.00;0;0;0;0;2.00;80.00;0;0;0;0;0;0;0;0;0;0;0;0;1.00;0;0;0;0;0;0;0;0;0;0;0;0;0;0;0;0;0;0;0;0;0;0;0;0;0;0;0;0;0;0;4.00;0;0;0;0;1.00;0;0;0;0;0;0;0;0;0;0;0;0;0;0;0;0;0;0;0;0;1.00;0;0;0;0;0;0;0;2.00;0;0;0;0;0;0;0;0;0;0;0;0;0;0;0;0;0;0;0;0;0;0;0;0;186.00;0;0;0;0;160.86;14936.52;0;0;0;0;0;0;0;0;0;0;0;0;41.77;0;0;0;0;0;0;0;0;0;0;0;0;0;0;0;0;0;0;0;0;0;0;0;0;0;0;0;0;0;0;156.53;0;0;0;0;36.35;0;0;0;0;0;0;0;0;0;0;0;0;0;0;0;0;0;0;0;0;19.34;0;0;0;0;0;0;0;690.37;0;0;0;0;0;0;0;0
hsv1-miR-H4-5p;27.00;hsv1-mir-H4;27.00;0;0;0;0;0;0;0;0;0;0;0;0;0;0;0;0;0;0;0;0;0;0;0;0;0;0;0;0;0;0;0;0;0;0;0;0;0;0;0;0;0;0;0;0;0;0;2.00;0;0;0;0;0;0;0;0;0;0;0;0;2.00;0;0;0;0;0;0;0;0;21.00;0;0;0;0;0;0;0;0;0;0;0;0;0;0;0;0;0;0;1.00;0;0;0;0;0;1.00;0;0;0;0;0;0;0;0;0;0;0;0;0;0;0;0;0;0;0;0;0;0;0;0;0;0;0;0;0;0;0;0;0;0;0;0;0;0;0;0;0;0;0;0;0;0;0;0;0;0;0;0;0;0;0;0;0;0;0;0;0;53.68;0;0;0;0;0;0;0;0;0;0;0;0;79.65;0;0;0;0;0;0;0;0;813.92;0;0;0;0;0;0;0;0;0;0;0;0;0;0;0;0;0;0;28.24;0;0;0;0;0;49.78;0;0;0;0;0;0;0;0;0;0;0;0;0;0;0
hsv1-miR-H4-3p;10.00;hsv1-mir-H4;10.00;0;0;0;0;10.00;0;0;0;0;0;0;0;0;0;0;0;0;0;0;0;0;0;0;0;0;0;0;0;0;0;0;0;0;0;0;0;0;0;0;0;0;0;0;0;0;0;0;0;0;0;0;0;0;0;0;0;0;0;0;0;0;0;0;0;0;0;0;0;0;0;0;0;0;0;0;0;0;0;0;0;0;0;0;0;0;0;0;0;0;0;0;0;0;0;0;0;0;0;0;0;0;0;0;0;0;0;0;0;0;0;0;0;0;510.41;0;0;0;0;0;0;0;0;0;0;0;0;0;0;0;0;0;0;0;0;0;0;0;0;0;0;0;0;0;0;0;0;0;0;0;0;0;0;0;0;0;0;0;0;0;0;0;0;0;0;0;0;0;0;0;0;0;0;0;0;0;0;0;0;0;0;0;0;0;0;0;0;0;0;0;0;0;0;0;0;0;0;0;0;0;0;0;0;0;0;0;0;0;0;0;0;0;0;0;0;0;0;0;0
hsv1-miR-H5-5p;17.00;hsv1-mir-H5;17.00;0;0;0;0;0;0;0;0;0;0;0;0;0;0;0;1.00;0;0;0;0;0;0;0;0;0;0;0;0;0;0;0;0;0;0;0;0;0;0;0;0;0;0;0;0;0;0;0;0;0;0;0;0;0;0;0;0;0;0;5.00;0;0;0;0;0;0;0;2.00;1.00;0;0;0;0;0;0;0;0;0;0;0;0;0;0;0;0;0;0;0;0;0;0;5.00;3.00;0;0;0;0;0;0;0;0;0;0;0;0;0;0;0;0;0;0;0;0;0;0;0;0;0;0;0;0;0;0;0;0;47.92;0;0;0;0;0;0;0;0;0;0;0;0;0;0;0;0;0;0;0;0;0;0;0;0;0;0;0;0;0;0;0;0;0;0;0;0;0;0;0;0;0;0;299.90;0;0;0;0;0;0;0;78.27;68.40;0;0;0;0;0;0;0;0;0;0;0;0;0;0;0;0;0;0;0;0;0;0;351.47;165.25;0;0;0;0;0;0;0;0;0;0;0;0;0;0;0;0;0
hsv1-miR-H5-3p;0.00;hsv1-mir-H5;0.00;0;0;0;0;0;0;0;0;0;0;0;0;0;0;0;0;0;0;0;0;0;0;0;0;0;0;0;0;0;0;0;0;0;0;0;0;0;0;0;0;0;0;0;0;0;0;0;0;0;0;0;0;0;0;0;0;0;0;0;0;0;0;0;0;0;0;0;0;0;0;0;0;0;0;0;0;0;0;0;0;0;0;0;0;0;0;0;0;0;0;0;0;0;0;0;0;0;0;0;0;0;0;0;0;0;0;0;0;0;0;0;0;0;0;0;0;0;0;0;0;0;0;0;0;0;0;0;0;0;0;0;0;0;0;0;0;0;0;0;0;0;0;0;0;0;0;0;0;0;0;0;0;0;0;0;0;0;0;0;0;0;0;0;0;0;0;0;0;0;0;0;0;0;0;0;0;0;0;0;0;0;0;0;0;0;0;0;0;0;0;0;0;0;0;0;0;0;0;0;0;0;0;0;0;0;0;0;0;0;0;0;0;0;0;0;0;0;0
hsv1-miR-H6-5p;141.00;hsv1-mir-H6;141.00;0;0;0;0;0;2.00;0;0;0;0;0;0;1.00;0;0;3.00;0;0;0;0;0;3.00;1.00;0;1.00;0;0;0;0;2.00;0;0;0;0;15.00;0;53.00;0;0;0;6.00;0;0;0;0;1.00;0;9.00;0;2.00;0;0;0;0;28.00;0;3.00;0;0;0;0;0;1.00;0;0;0;0;0;0;2.00;0;0;1.00;0;0;1.00;0;0;2.00;0;0;0;0;0;0;0;0;0;0;0;0;0;0;0;0;0;0;0;0;0;0;0;4.00;0;0;0;0;0;0;0;0;0;0;0;73.61;0;0;0;0;0;0;344.71;0;0;143.77;0;0;0;0;0;241.29;186.71;0;54.71;0;0;0;0;90.49;0;0;0;0;660.44;0;2160.44;0;0;0;177.73;0;0;0;0;27.99;0;586.01;0;112.63;0;0;0;0;785.28;0;578.59;0;0;0;0;0;47.63;0;0;0;0;0;0;107.49;0;0;63.95;0;0;20.74;0;0;134.94;0;0;0;0;0;0;0;0;0;0;0;0;0;0;0;0;0;0;0;0;0;0;0;64.31;0;0;0;0;0;0
hsv1-miR-H6-3p;0.00;hsv1-mir-H6;0.00;0;0;0;0;0;0;0;0;0;0;0;0;0;0;0;0;0;0;0;0;0;0;0;0;0;0;0;0;0;0;0;0;0;0;0;0;0;0;0;0;0;0;0;0;0;0;0;0;0;0;0;0;0;0;0;0;0;0;0;0;0;0;0;0;0;0;0;0;0;0;0;0;0;0;0;0;0;0;0;0;0;0;0;0;0;0;0;0;0;0;0;0;0;0;0;0;0;0;0;0;0;0;0;0;0;0;0;0;0;0;0;0;0;0;0;0;0;0;0;0;0;0;0;0;0;0;0;0;0;0;0;0;0;0;0;0;0;0;0;0;0;0;0;0;0;0;0;0;0;0;0;0;0;0;0;0;0;0;0;0;0;0;0;0;0;0;0;0;0;0;0;0;0;0;0;0;0;0;0;0;0;0;0;0;0;0;0;0;0;0;0;0;0;0;0;0;0;0;0;0;0;0;0;0;0;0;0;0;0;0;0;0;0;0;0;0;0;0
hsv1-miR-H7-5p;36.00;hsv1-mir-H7;36.00;0;0;0;0;1.00;1.00;0;0;0;0;0;0;0;0;0;0;0;4.00;0;0;0;0;0;0;0;0;0;0;4.00;0;0;0;0;0;0;3.00;0;0;0;0;0;0;0;3.00;0;0;0;0;0;0;0;0;0;0;0;0;0;0;0;0;0;0;0;1.00;0;0;0;0;0;1.00;0;2.00;0;0;0;0;0;0;0;0;0;0;2.00;0;0;0;4.00;0;0;0;0;0;0;0;0;0;0;0;0;0;0;0;0;0;10.00;0;0;0;0;0;0;0;0;51.04;36.81;0;0;0;0;0;0;0;0;0;0;0;94.24;0;0;0;0;0;0;0;0;0;0;234.30;0;0;0;0;0;0;125.30;0;0;0;0;0;0;0;145.10;0;0;0;0;0;0;0;0;0;0;0;0;0;0;0;0;0;0;0;28.39;0;0;0;0;0;53.74;0;72.70;0;0;0;0;0;0;0;0;0;0;71.39;0;0;0;193.49;0;0;0;0;0;0;0;0;0;0;0;0;0;0;0;0;0;182.07;0;0;0;0
hsv1-miR-H7-3p;11.00;hsv1-mir-H7;11.00;0;0;0;0;0;0;0;0;0;0;0;0;0;0;0;0;0;0;0;0;0;0;0;0;0;0;0;0;0;0;11.00;0;0;0;0;0;0;0;0;0;0;0;0;0;0;0;0;0;0;0;0;0;0;0;0;0;0;0;0;0;0;0;0;0;0;0;0;0;0;0;0;0;0;0;0;0;0;0;0;0;0;0;0;0;0;0;0;0;0;0;0;0;0;0;0;0;0;0;0;0;0;0;0;0;0;0;0;0;0;0;0;0;0;0;0;0;0;0;0;0;0;0;0;0;0;0;0;0;0;0;0;0;0;0;0;0;0;0;0;366.12;0;0;0;0;0;0;0;0;0;0;0;0;0;0;0;0;0;0;0;0;0;0;0;0;0;0;0;0;0;0;0;0;0;0;0;0;0;0;0;0;0;0;0;0;0;0;0;0;0;0;0;0;0;0;0;0;0;0;0;0;0;0;0;0;0;0;0;0;0;0;0;0;0;0;0;0;0;0
hsv1-miR-H8-5p;172.00;hsv1-mir-H8;172.00;0;0;0;0;0;0;0;0;71.00;0;0;0;0;0;0;0;0;0;0;0;0;0;0;0;0;0;0;0;0;0;0;0;0;0;0;0;0;0;0;0;0;0;0;0;0;0;0;0;99.00;0;0;0;0;0;0;0;0;0;0;0;0;0;0;0;0;0;0;0;0;0;0;0;0;0;0;0;2.00;0;0;0;0;0;0;0;0;0;0;0;0;0;0;0;0;0;0;0;0;0;0;0;0;0;0;0;0;0;0;0;0;0;0;0;0;0;0;0;0;3424.82;0;0;0;0;0;0;0;0;0;0;0;0;0;0;0;0;0;0;0;0;0;0;0;0;0;0;0;0;0;0;0;0;0;0;0;0;0;0;0;9196.47;0;0;0;0;0;0;0;0;0;0;0;0;0;0;0;0;0;0;0;0;0;0;0;0;0;0;0;91.24;0;0;0;0;0;0;0;0;0;0;0;0;0;0;0;0;0;0;0;0;0;0;0;0;0;0;0;0;0;0;0;0
hsv1-miR-H8-3p;3.00;hsv1-mir-H8;3.00;0;0;0;0;0;0;0;0;0;0;0;1.00;0;0;0;0;0;0;0;0;0;0;0;0;0;0;0;0;0;0;0;0;0;0;0;0;0;0;0;0;0;0;0;0;0;0;1.00;0;0;0;0;0;0;0;0;0;0;0;0;0;0;0;0;0;0;0;0;0;0;0;0;0;0;0;0;0;0;0;0;0;0;1.00;0;0;0;0;0;0;0;0;0;0;0;0;0;0;0;0;0;0;0;0;0;0;0;0;0;0;0;0;0;0;0;0;0;0;0;0;0;0;104.00;0;0;0;0;0;0;0;0;0;0;0;0;0;0;0;0;0;0;0;0;0;0;0;0;0;0;0;0;0;0;0;0;0;0;26.84;0;0;0;0;0;0;0;0;0;0;0;0;0;0;0;0;0;0;0;0;0;0;0;0;0;0;0;0;0;0;0;0;0;0;23.61;0;0;0;0;0;0;0;0;0;0;0;0;0;0;0;0;0;0;0;0;0;0;0;0;0;0;0
hsv2-miR-H10;104532.00;hsv2-miR-H10;104532.00;1323.00;1211.00;657.00;1027.00;546.00;1042.00;778.00;87.00;619.00;2491.00;180.00;537.00;386.00;513.00;348.00;381.00;2.00;499.00;429.00;8.00;242.00;189.00;105.00;138.00;164.00;321.00;710.00;106.00;2551.00;3322.00;243.00;651.00;1196.00;645.00;559.00;1088.00;362.00;1107.00;251.00;597.00;945.00;38.00;389.00;615.00;1480.00;1132.00;1329.00;1053.00;279.00;1088.00;997.00;910.00;1348.00;3548.00;376.00;1134.00;196.00;57.00;2212.00;1531.00;2212.00;1899.00;2199.00;1870.00;1239.00;1644.00;420.00;836.00;748.00;740.00;2038.00;494.00;511.00;647.00;885.00;252.00;1093.00;2743.00;1225.00;1460.00;743.00;4666.00;2166.00;747.00;330.00;2001.00;257.00;1349.00;313.00;562.00;661.00;5302.00;918.00;1444.00;102.00;911.00;1070.00;3490.00;835.00;2.00;10.00;1123.00;587.00;54.00;812.00;61.00;94.00;284.00;215.00;39697.54;45417.04;17884.36;149490.54;27868.52;38352.53;71232.38;7361.03;29858.67;65325.71;17690.42;55850.23;133057.57;20235.89;44546.85;18258.49;74.40;11756.94;24875.33;2114.72;29418.92;15201.48;19604.18;18373.05;8972.04;23615.10;33638.13;14144.65;149425.96;150303.14;8087.87;15263.06;82791.08;23456.25;24612.54;45443.15;14756.24;70348.25;15930.44;90798.48;27991.71;2366.42;47677.41;29746.07;72044.01;31684.72;35672.11;68563.62;25917.32;61268.16;133879.41;59329.77;62566.72;90781.16;10545.21;92090.30;37801.35;134751.77;132677.54;60969.30;97162.44;143645.99;104749.20;53082.78;131417.06;71637.11;16435.78;57181.94;28991.12;39769.98;67174.26;17957.11;32680.99;21291.30;22893.65;5226.91;49860.86;82394.64;82652.99;57234.70;116713.79;110177.10;77318.48;37370.55;11558.67;126166.46;12431.67;38100.89;11823.81;12214.20;46464.22;292056.85;17756.97;71880.13;93836.25;70702.37;87568.54;120046.78;39725.96;1049.87;3451.85;47141.30;9437.15;3494.47;14784.07;1252.85;10123.86;173382.17;192307.69
hsv2-miR-H11-5p;2.00;hsv2-mir-H11;2.00;0;0;0;0;0;0;0;0;0;0;0;0;0;0;0;0;0;0;0;0;0;0;0;0;0;0;0;0;0;0;0;0;0;0;0;0;0;0;0;0;0;0;0;0;0;0;0;0;0;0;2.00;0;0;0;0;0;0;0;0;0;0;0;0;0;0;0;0;0;0;0;0;0;0;0;0;0;0;0;0;0;0;0;0;0;0;0;0;0;0;0;0;0;0;0;0;0;0;0;0;0;0;0;0;0;0;0;0;0;0;0;0;0;0;0;0;0;0;0;0;0;0;0;0;0;0;0;0;0;0;0;0;0;0;0;0;0;0;0;0;0;0;0;0;0;0;0;0;0;0;0;0;0;0;0;0;0;0;0;0;268.56;0;0;0;0;0;0;0;0;0;0;0;0;0;0;0;0;0;0;0;0;0;0;0;0;0;0;0;0;0;0;0;0;0;0;0;0;0;0;0;0;0;0;0;0;0;0;0;0;0;0;0;0;0;0;0;0;0;0
hsv2-miR-H11-3p;54.00;hsv2-mir-H11;54.00;0;0;0;0;0;0;16.00;0;0;0;0;0;0;0;0;0;0;0;0;0;0;3.00;0;0;0;0;0;0;0;0;0;0;0;0;0;0;0;0;0;0;0;0;2.00;0;0;0;0;0;0;0;0;0;0;0;16.00;0;0;0;0;0;0;0;0;0;0;8.00;0;0;0;0;0;0;0;0;0;0;0;1.00;0;0;0;0;0;0;7.00;0;0;0;0;0;0;0;0;0;0;0;0;0;0;0;0;0;0;1.00;0;0;0;0;0;0;0;0;0;0;0;1464.93;0;0;0;0;0;0;0;0;0;0;0;0;0;0;241.29;0;0;0;0;0;0;0;0;0;0;0;0;0;0;0;0;0;0;0;0;245.13;0;0;0;0;0;0;0;0;0;0;0;448.73;0;0;0;0;0;0;0;0;0;0;348.60;0;0;0;0;0;0;0;0;0;0;0;30.04;0;0;0;0;0;0;245.18;0;0;0;0;0;0;0;0;0;0;0;0;0;0;0;0;0;0;64.71;0;0;0;0;0
hsv2-miR-H12;96.00;hsv2-mir-H12;96.00;0;0;0;0;0;13.00;0;0;0;6.00;0;0;0;0;0;0;0;0;0;0;0;0;0;0;0;0;0;0;0;1.00;0;1.00;1.00;0;0;0;58.00;0;0;0;0;0;0;0;0;0;0;0;0;0;0;0;0;0;0;0;0;0;0;0;0;0;1.00;0;0;8.00;1.00;0;0;0;0;0;0;0;0;2.00;0;0;0;0;0;0;2.00;0;0;1.00;0;0;0;0;0;0;0;0;0;0;0;0;0;0;0;0;0;0;0;1.00;0;0;0;0;0;0;0;0;478.49;0;0;0;157.35;0;0;0;0;0;0;0;0;0;0;0;0;0;0;0;0;0;0;0;45.24;0;23.45;69.22;0;0;0;2364.26;0;0;0;0;0;0;0;0;0;0;0;0;0;0;0;0;0;0;0;0;0;0;0;0;0;47.63;0;0;348.60;39.13;0;0;0;0;0;0;0;0;41.48;0;0;0;0;0;0;71.39;0;0;63.05;0;0;0;0;0;0;0;0;0;0;0;0;0;0;0;0;0;0;0;20.54;0;0;0
hsv2-miR-H13;201.00;hsv2-mir-H13;201.00;0;0;1.00;0;0;0;0;0;0;0;0;0;0;0;0;0;0;0;0;0;0;0;0;0;0;53.00;0;0;0;0;0;0;0;0;0;0;0;0;0;0;0;0;0;0;0;0;0;0;0;0;0;0;46.00;0;43.00;0;0;0;0;0;0;0;11.00;0;0;0;0;0;0;0;0;0;0;0;0;0;0;0;0;0;0;0;0;0;0;0;0;0;0;0;2.00;0;0;0;0;0;0;0;37.00;0;8.00;0;0;0;0;0;0;0;0;0;0;27.22;0;0;0;0;0;0;0;0;0;0;0;0;0;0;0;0;0;0;0;0;0;0;3899.07;0;0;0;0;0;0;0;0;0;0;0;0;0;0;0;0;0;0;0;0;0;0;0;0;0;0;2135.07;0;1205.97;0;0;0;0;0;0;0;523.98;0;0;0;0;0;0;0;0;0;0;0;0;0;0;0;0;0;0;0;0;0;0;0;0;0;0;0;140.59;0;0;0;0;0;0;0;1760.31;0;2761.48;0;0;0;0;0;0;0;0
hsv2-miR-H19;12.00;hsv2-mir-H19;12.00;0;0;0;0;0;0;0;0;0;0;0;1.00;0;0;0;0;0;1.00;0;0;0;0;0;0;0;0;0;0;0;0;0;0;0;0;0;0;0;0;0;0;0;0;0;0;0;0;0;0;0;0;0;0;0;0;0;0;0;0;0;0;0;0;0;0;0;0;0;2.00;0;0;0;0;0;0;0;0;0;0;0;0;0;0;0;0;0;0;8.00;0;0;0;0;0;0;0;0;0;0;0;0;0;0;0;0;0;0;0;0;0;0;0;0;0;0;0;0;0;0;0;0;0;104.00;0;0;0;0;0;23.56;0;0;0;0;0;0;0;0;0;0;0;0;0;0;0;0;0;0;0;0;0;0;0;0;0;0;0;0;0;0;0;0;0;0;0;0;0;0;0;0;0;0;0;0;0;0;0;0;0;136.80;0;0;0;0;0;0;0;0;0;0;0;0;0;0;0;0;0;0;386.98;0;0;0;0;0;0;0;0;0;0;0;0;0;0;0;0;0;0;0;0;0;0
hsv2-miR-H2;21.00;hsv2-mir-H2;21.00;0;0;0;0;0;0;0;0;1.00;0;0;0;0;1.00;0;0;0;0;0;0;0;0;0;0;0;0;0;0;1.00;0;1.00;0;0;0;0;0;2.00;0;1.00;0;0;0;0;0;0;0;0;0;0;0;4.00;0;0;0;0;0;0;0;0;0;5.00;0;0;0;0;0;2.00;0;1.00;0;0;0;0;0;0;0;0;0;0;0;0;0;0;0;0;0;0;0;0;0;0;2.00;0;0;0;0;0;0;0;0;0;0;0;0;0;0;0;0;0;0;0;0;0;0;0;0;0;48.24;0;0;0;0;39.45;0;0;0;0;0;0;0;0;0;0;0;0;0;0;58.58;0;33.28;0;0;0;0;0;81.53;0;63.47;0;0;0;0;0;0;0;0;0;0;0;537.13;0;0;0;0;0;0;0;0;0;219.63;0;0;0;0;0;78.27;0;38.76;0;0;0;0;0;0;0;0;0;0;0;0;0;0;0;0;0;0;0;0;0;0;110.17;0;0;0;0;0;0;0;0;0;0;0;0;0;0;0;0;0
hsv2-miR-H20;0.00;hsv2-mir-H20;0.00;0;0;0;0;0;0;0;0;0;0;0;0;0;0;0;0;0;0;0;0;0;0;0;0;0;0;0;0;0;0;0;0;0;0;0;0;0;0;0;0;0;0;0;0;0;0;0;0;0;0;0;0;0;0;0;0;0;0;0;0;0;0;0;0;0;0;0;0;0;0;0;0;0;0;0;0;0;0;0;0;0;0;0;0;0;0;0;0;0;0;0;0;0;0;0;0;0;0;0;0;0;0;0;0;0;0;0;0;0;0;0;0;0;0;0;0;0;0;0;0;0;0;0;0;0;0;0;0;0;0;0;0;0;0;0;0;0;0;0;0;0;0;0;0;0;0;0;0;0;0;0;0;0;0;0;0;0;0;0;0;0;0;0;0;0;0;0;0;0;0;0;0;0;0;0;0;0;0;0;0;0;0;0;0;0;0;0;0;0;0;0;0;0;0;0;0;0;0;0;0;0;0;0;0;0;0;0;0;0;0;0;0;0;0;0;0;0;0
hsv2-miR-H21;44.00;hsv2-mir-H21;44.00;0;0;0;0;0;0;0;0;0;0;0;0;0;0;0;0;0;0;0;0;0;0;0;0;0;0;0;0;0;0;0;0;0;0;0;0;0;0;0;0;0;0;0;0;0;0;0;0;0;0;0;0;0;0;0;0;0;0;0;0;0;0;0;0;0;0;0;0;0;0;0;0;0;0;0;44.00;0;0;0;0;0;0;0;0;0;0;0;0;0;0;0;0;0;0;0;0;0;0;0;0;0;0;0;0;0;0;0;0;0;0;0;0;0;0;0;0;0;0;0;0;0;0;0;0;0;0;0;0;0;0;0;0;0;0;0;0;0;0;0;0;0;0;0;0;0;0;0;0;0;0;0;0;0;0;0;0;0;0;0;0;0;0;0;0;0;0;0;0;0;0;0;0;0;0;0;0;0;0;0;0;0;0;0;0;912.64;0;0;0;0;0;0;0;0;0;0;0;0;0;0;0;0;0;0;0;0;0;0;0;0;0;0;0;0;0;0;0;0;0
hsv2-miR-H22;149.00;hsv2-mir-H22;149.00;0;1.00;0;0;2.00;0;0;0;1.00;0;0;0;0;0;1.00;0;0;2.00;0;0;0;0;0;0;1.00;0;0;0;0;0;0;1.00;5.00;2.00;11.00;1.00;0;0;0;0;0;0;0;0;0;0;0;0;0;0;0;2.00;2.00;0;0;0;0;0;0;0;0;0;0;0;0;0;5.00;0;0;0;0;21.00;0;0;0;42.00;0;0;0;0;0;0;0;0;0;0;0;0;0;0;1.00;0;46.00;0;0;0;0;2.00;0;0;0;0;0;0;0;0;0;0;0;0;37.50;0;0;102.08;0;0;0;48.24;0;0;0;0;0;128.01;0;0;47.12;0;0;0;0;0;0;54.71;0;0;0;0;0;0;23.45;346.12;72.73;484.33;41.77;0;0;0;0;0;0;0;0;0;0;0;0;0;0;0;130.40;92.83;0;0;0;0;0;0;0;0;0;0;0;0;0;195.66;0;0;0;0;763.36;0;0;0;871.15;0;0;0;0;0;0;0;0;0;0;0;0;0;0;70.29;0;889.78;0;0;0;0;68.79;0;0;0;0;0;0;0;0;0;0;0
hsv2-miR-H23-5p;757.00;hsv2-mir-H23;757.00;5.00;0;5.00;0;0;0;0;0;0;8.00;0;0;0;6.00;0;0;1.00;0;0;0;0;21.00;6.00;0;12.00;0;0;0;3.00;0;75.00;1.00;3.00;0;8.00;0;16.00;0;0;0;8.00;0;0;1.00;0;2.00;2.00;1.00;0;0;5.00;12.00;4.00;0;7.00;1.00;0;0;0;30.00;18.00;5.00;9.00;0;0;6.00;7.00;0;14.00;3.00;0;4.00;13.00;105.00;4.00;26.00;0;0;3.00;3.00;0;128.00;1.00;39.00;16.00;5.00;2.00;3.00;0;0;2.00;0;10.00;0;0;0;0;17.00;1.00;0;1.00;5.00;1.00;0;63.00;0;0;0;0;150.03;0;136.11;0;0;0;0;0;0;209.80;0;0;0;236.68;0;0;37.20;0;0;0;0;1689.05;1120.24;0;656.49;0;0;0;175.73;0;2496.26;23.45;207.67;0;352.24;0;652.21;0;0;0;236.97;0;0;48.37;0;55.98;53.68;65.11;0;0;671.41;782.37;185.66;0;196.32;81.21;0;0;0;1194.70;790.65;378.21;428.71;0;0;261.45;273.93;0;542.61;161.23;0;145.40;831.41;3455.31;103.47;539.28;0;0;202.42;117.61;0;3022.43;35.70;1951.07;560.42;315.26;96.74;84.73;0;0;140.59;0;193.43;0;0;0;0;584.76;47.58;0;345.18;209.89;16.08;0;1147.04;0;0;0;0
hsv2-miR-H23-3p;12.00;hsv2-mir-H23;12.00;0;0;0;0;0;0;0;0;0;0;0;0;0;0;0;0;0;0;0;0;0;0;0;0;0;0;0;0;0;0;0;0;0;0;0;0;0;0;0;0;0;0;0;0;0;0;0;0;0;0;0;0;0;0;0;0;0;0;0;0;0;0;0;0;0;0;0;0;0;0;0;0;0;0;0;0;0;0;0;0;0;0;12.00;0;0;0;0;0;0;0;0;0;0;0;0;0;0;0;0;0;0;0;0;0;0;0;0;0;0;0;0;0;0;0;0;0;0;0;0;0;0;0;0;0;0;0;0;0;0;0;0;0;0;0;0;0;0;0;0;0;0;0;0;0;0;0;0;0;0;0;0;0;0;0;0;0;0;0;0;0;0;0;0;0;0;0;0;0;0;0;0;0;0;0;0;0;0;0;0;0;0;0;0;0;0;0;0;0;0;0;0;428.36;0;0;0;0;0;0;0;0;0;0;0;0;0;0;0;0;0;0;0;0;0;0;0;0;0;0
hsv2-miR-H24;0.00;hsv2-mir-H24;0.00;0;0;0;0;0;0;0;0;0;0;0;0;0;0;0;0;0;0;0;0;0;0;0;0;0;0;0;0;0;0;0;0;0;0;0;0;0;0;0;0;0;0;0;0;0;0;0;0;0;0;0;0;0;0;0;0;0;0;0;0;0;0;0;0;0;0;0;0;0;0;0;0;0;0;0;0;0;0;0;0;0;0;0;0;0;0;0;0;0;0;0;0;0;0;0;0;0;0;0;0;0;0;0;0;0;0;0;0;0;0;0;0;0;0;0;0;0;0;0;0;0;0;0;0;0;0;0;0;0;0;0;0;0;0;0;0;0;0;0;0;0;0;0;0;0;0;0;0;0;0;0;0;0;0;0;0;0;0;0;0;0;0;0;0;0;0;0;0;0;0;0;0;0;0;0;0;0;0;0;0;0;0;0;0;0;0;0;0;0;0;0;0;0;0;0;0;0;0;0;0;0;0;0;0;0;0;0;0;0;0;0;0;0;0;0;0;0;0
hsv2-miR-H25;73.00;hsv2-mir-H25;73.00;0;0;0;0;0;0;0;0;0;0;0;0;0;0;0;0;1.00;0;0;0;1.00;0;0;0;0;0;0;0;1.00;0;0;8.00;0;0;0;0;29.00;0;0;0;0;0;0;0;0;0;0;0;0;0;0;0;0;0;0;0;0;0;0;0;0;0;0;0;0;29.00;0;0;0;0;0;1.00;0;0;0;0;0;0;2.00;0;0;0;0;0;0;0;0;0;0;0;0;0;0;0;0;0;0;0;0;0;0;0;0;1.00;0;0;0;0;0;0;0;0;0;0;0;0;0;0;0;0;0;0;0;0;0;37.20;0;0;0;121.57;0;0;0;0;0;0;0;58.58;0;0;187.56;0;0;0;0;1182.13;0;0;0;0;0;0;0;0;0;0;0;0;0;0;0;0;0;0;0;0;0;0;0;0;0;0;0;0;1263.67;0;0;0;0;0;36.35;0;0;0;0;0;0;134.94;0;0;0;0;0;0;0;0;0;0;0;0;0;0;0;0;0;0;0;0;0;0;0;0;64.71;0;0;0;0;0
hsv2-miR-H3;67.00;hsv2-mir-H3;67.00;0;0;0;0;0;0;0;0;0;0;0;0;0;0;1.00;0;0;0;0;0;0;0;1.00;0;0;0;0;0;0;0;0;0;0;1.00;0;0;0;0;0;0;0;0;0;0;0;0;0;0;0;0;0;0;0;0;0;0;0;0;0;0;0;0;0;0;0;0;0;0;0;0;0;63.00;0;0;0;0;0;0;0;0;0;0;0;0;0;0;0;0;0;0;0;0;0;0;0;0;0;0;1.00;0;0;0;0;0;0;0;0;0;0;0;0;0;0;0;0;0;0;0;0;0;0;0;0;128.01;0;0;0;0;0;0;0;186.71;0;0;0;0;0;0;0;0;0;0;36.37;0;0;0;0;0;0;0;0;0;0;0;0;0;0;0;0;0;0;0;0;0;0;0;0;0;0;0;0;0;0;0;0;0;0;0;0;0;2290.08;0;0;0;0;0;0;0;0;0;0;0;0;0;0;0;0;0;0;0;0;0;0;0;0;0;0;47.58;0;0;0;0;0;0;0;0;0;0
hsv2-miR-H4-5p;0.00;hsv2-mir-H4;0.00;0;0;0;0;0;0;0;0;0;0;0;0;0;0;0;0;0;0;0;0;0;0;0;0;0;0;0;0;0;0;0;0;0;0;0;0;0;0;0;0;0;0;0;0;0;0;0;0;0;0;0;0;0;0;0;0;0;0;0;0;0;0;0;0;0;0;0;0;0;0;0;0;0;0;0;0;0;0;0;0;0;0;0;0;0;0;0;0;0;0;0;0;0;0;0;0;0;0;0;0;0;0;0;0;0;0;0;0;0;0;0;0;0;0;0;0;0;0;0;0;0;0;0;0;0;0;0;0;0;0;0;0;0;0;0;0;0;0;0;0;0;0;0;0;0;0;0;0;0;0;0;0;0;0;0;0;0;0;0;0;0;0;0;0;0;0;0;0;0;0;0;0;0;0;0;0;0;0;0;0;0;0;0;0;0;0;0;0;0;0;0;0;0;0;0;0;0;0;0;0;0;0;0;0;0;0;0;0;0;0;0;0;0;0;0;0;0;0
hsv2-miR-H4-3p;1.00;hsv2-mir-H4;1.00;0;0;0;0;0;0;0;0;0;0;0;0;0;0;0;0;0;0;0;0;0;0;0;0;0;0;0;0;0;0;0;0;0;0;1.00;0;0;0;0;0;0;0;0;0;0;0;0;0;0;0;0;0;0;0;0;0;0;0;0;0;0;0;0;0;0;0;0;0;0;0;0;0;0;0;0;0;0;0;0;0;0;0;0;0;0;0;0;0;0;0;0;0;0;0;0;0;0;0;0;0;0;0;0;0;0;0;0;0;0;0;0;0;0;0;0;0;0;0;0;0;0;0;0;0;0;0;0;0;0;0;0;0;0;0;0;0;0;0;0;0;0;0;0;44.03;0;0;0;0;0;0;0;0;0;0;0;0;0;0;0;0;0;0;0;0;0;0;0;0;0;0;0;0;0;0;0;0;0;0;0;0;0;0;0;0;0;0;0;0;0;0;0;0;0;0;0;0;0;0;0;0;0;0;0;0;0;0;0;0;0;0;0;0;0;0;0;0;0;0
hsv2-miR-H5;57.00;hsv2-mir-H5;57.00;0;0;0;0;0;0;0;0;0;0;0;0;0;0;0;0;0;0;0;0;0;0;0;1.00;0;0;0;3.00;0;0;0;1.00;0;0;0;0;0;0;0;0;0;0;0;0;0;0;0;0;0;0;0;0;0;0;1.00;0;0;0;0;0;0;0;0;1.00;0;0;0;0;0;0;0;0;0;0;0;0;1.00;0;9.00;0;0;0;0;0;0;0;0;0;0;0;0;0;0;0;0;0;0;0;0;0;0;0;40.00;0;0;0;0;0;0;0;0;0;0;0;0;0;0;0;0;0;0;0;0;0;0;0;0;0;0;0;0;0;133.14;0;0;0;400.32;0;0;0;23.45;0;0;0;0;0;0;0;0;0;0;0;0;0;0;0;0;0;0;0;0;0;0;28.05;0;0;0;0;0;0;0;0;28.39;0;0;0;0;0;0;0;0;0;0;0;0;45.62;0;607.25;0;0;0;0;0;0;0;0;0;0;0;0;0;0;0;0;0;0;0;0;0;0;0;643.08;0;0;0;0;0;0
hsv2-miR-H6-5p;111.00;hsv2-mir-H6;111.00;0;0;0;0;0;0;0;0;0;0;0;0;0;6.00;0;2.00;0;0;0;0;0;2.00;0;0;1.00;0;0;0;0;0;1.00;0;0;1.00;20.00;0;4.00;0;1.00;0;0;0;46.00;0;0;0;0;0;0;0;0;0;0;0;0;0;0;0;0;0;0;0;0;1.00;0;0;0;1.00;0;0;0;5.00;0;0;0;0;0;0;0;0;0;0;0;1.00;1.00;0;0;0;0;0;0;0;0;0;0;0;0;0;0;0;0;12.00;0;0;1.00;1.00;0;0;4.00;0;0;0;0;0;0;0;0;0;0;0;0;0;236.68;0;95.85;0;0;0;0;0;160.86;0;0;54.71;0;0;0;0;0;33.28;0;0;36.37;880.59;0;163.05;0;63.47;0;0;0;5637.95;0;0;0;0;0;0;0;0;0;0;0;0;0;0;0;0;0;0;0;0;28.39;0;0;0;68.40;0;0;0;181.75;0;0;0;0;0;0;0;0;0;0;0;50.03;35.03;0;0;0;0;0;0;0;0;0;0;0;0;0;0;0;0;503.74;0;0;18.21;20.54;0;0;3577.82
hsv2-miR-H6-3p;0.00;hsv2-mir-H6;0.00;0;0;0;0;0;0;0;0;0;0;0;0;0;0;0;0;0;0;0;0;0;0;0;0;0;0;0;0;0;0;0;0;0;0;0;0;0;0;0;0;0;0;0;0;0;0;0;0;0;0;0;0;0;0;0;0;0;0;0;0;0;0;0;0;0;0;0;0;0;0;0;0;0;0;0;0;0;0;0;0;0;0;0;0;0;0;0;0;0;0;0;0;0;0;0;0;0;0;0;0;0;0;0;0;0;0;0;0;0;0;0;0;0;0;0;0;0;0;0;0;0;0;0;0;0;0;0;0;0;0;0;0;0;0;0;0;0;0;0;0;0;0;0;0;0;0;0;0;0;0;0;0;0;0;0;0;0;0;0;0;0;0;0;0;0;0;0;0;0;0;0;0;0;0;0;0;0;0;0;0;0;0;0;0;0;0;0;0;0;0;0;0;0;0;0;0;0;0;0;0;0;0;0;0;0;0;0;0;0;0;0;0;0;0;0;0;0;0
hsv2-miR-H7-5p;6.00;hsv2-mir-H7;6.00;0;0;0;0;0;0;0;0;0;0;0;0;0;2.00;0;0;0;0;0;1.00;0;0;0;0;0;0;0;0;0;0;0;0;0;0;0;0;0;0;0;0;0;0;0;0;0;0;0;0;0;0;1.00;0;0;0;0;0;0;0;0;0;0;0;0;0;0;0;0;0;0;0;0;0;0;1.00;0;0;0;0;0;0;0;0;0;0;0;0;0;0;0;0;1.00;0;0;0;0;0;0;0;0;0;0;0;0;0;0;0;0;0;0;0;0;0;0;0;0;0;0;0;0;0;0;0;78.89;0;0;0;0;0;264.34;0;0;0;0;0;0;0;0;0;0;0;0;0;0;0;0;0;0;0;0;0;0;0;0;0;0;0;0;0;0;134.28;0;0;0;0;0;0;0;0;0;0;0;0;0;0;0;0;0;0;0;0;0;0;32.91;0;0;0;0;0;0;0;0;0;0;0;0;0;0;0;0;70.29;0;0;0;0;0;0;0;0;0;0;0;0;0;0;0;0;0;0
hsv2-miR-H7-3p;0.00;hsv2-mir-H7;0.00;0;0;0;0;0;0;0;0;0;0;0;0;0;0;0;0;0;0;0;0;0;0;0;0;0;0;0;0;0;0;0;0;0;0;0;0;0;0;0;0;0;0;0;0;0;0;0;0;0;0;0;0;0;0;0;0;0;0;0;0;0;0;0;0;0;0;0;0;0;0;0;0;0;0;0;0;0;0;0;0;0;0;0;0;0;0;0;0;0;0;0;0;0;0;0;0;0;0;0;0;0;0;0;0;0;0;0;0;0;0;0;0;0;0;0;0;0;0;0;0;0;0;0;0;0;0;0;0;0;0;0;0;0;0;0;0;0;0;0;0;0;0;0;0;0;0;0;0;0;0;0;0;0;0;0;0;0;0;0;0;0;0;0;0;0;0;0;0;0;0;0;0;0;0;0;0;0;0;0;0;0;0;0;0;0;0;0;0;0;0;0;0;0;0;0;0;0;0;0;0;0;0;0;0;0;0;0;0;0;0;0;0;0;0;0;0;0;0
hsv2-miR-H9-5p;207.00;hsv2-mir-H9;207.00;0;0;0;0;0;0;0;4.00;111.00;0;0;0;0;0;0;0;0;0;1.00;0;0;0;0;0;0;0;0;0;0;0;55.00;0;0;0;3.00;0;0;0;0;0;0;0;0;0;0;0;0;0;0;0;0;0;1.00;0;0;0;0;0;0;0;0;0;0;0;0;0;16.00;0;0;0;0;10.00;0;0;0;0;0;0;0;0;0;0;0;0;0;2.00;0;0;0;0;0;0;0;0;0;0;0;0;0;0;1.00;1.00;0;2.00;0;0;0;0;0;0;0;0;0;0;0;0;338.44;5354.30;0;0;0;0;0;0;0;0;0;57.98;0;0;0;0;0;0;0;0;0;0;0;1830.59;0;0;0;132.09;0;0;0;0;0;0;0;0;0;0;0;0;0;0;0;0;0;46.41;0;0;0;0;0;0;0;0;0;0;0;0;0;626.13;0;0;0;0;363.50;0;0;0;0;0;0;0;0;0;0;0;0;0;126.10;0;0;0;0;0;0;0;0;0;0;0;0;0;0;345.18;41.98;0;129.42;0;0;0;0;0
hsv2-miR-H9-3p;273.00;hsv2-mir-H9;273.00;0;1.00;0;0;0;0;0;0;0;0;0;0;0;0;0;0;0;0;0;0;0;0;2.00;0;0;0;0;0;0;0;60.00;0;0;0;0;2.00;0;0;0;0;0;0;0;0;0;0;0;0;2.00;0;0;0;0;3.00;0;0;0;0;82.00;0;1.00;0;0;4.00;0;36.00;0;0;0;0;3.00;0;0;13.00;0;1.00;0;1.00;0;0;0;1.00;1.00;0;1.00;0;0;2.00;0;0;0;0;0;54.00;0;0;0;0;0;0;0;0;3.00;0;0;0;0;0;0;0;37.50;0;0;0;0;0;0;0;0;0;0;0;0;0;0;0;0;0;0;0;0;373.41;0;0;0;0;0;0;0;1997.00;0;0;0;0;83.54;0;0;0;0;0;0;0;0;0;0;0;0;185.79;0;0;0;0;76.76;0;0;0;0;4918.43;0;43.93;0;0;113.55;0;1568.70;0;0;0;0;98.88;0;0;427.80;0;20.74;0;30.04;0;0;0;23.61;35.70;0;35.03;0;0;56.49;0;0;0;0;0;2688.04;0;0;0;0;0;0;0;0;48.23;0;0;0;0;0;0
hvav-miR-1;0.00;hvav-miR-1;0.00;0;0;0;0;0;0;0;0;0;0;0;0;0;0;0;0;0;0;0;0;0;0;0;0;0;0;0;0;0;0;0;0;0;0;0;0;0;0;0;0;0;0;0;0;0;0;0;0;0;0;0;0;0;0;0;0;0;0;0;0;0;0;0;0;0;0;0;0;0;0;0;0;0;0;0;0;0;0;0;0;0;0;0;0;0;0;0;0;0;0;0;0;0;0;0;0;0;0;0;0;0;0;0;0;0;0;0;0;0;0;0;0;0;0;0;0;0;0;0;0;0;0;0;0;0;0;0;0;0;0;0;0;0;0;0;0;0;0;0;0;0;0;0;0;0;0;0;0;0;0;0;0;0;0;0;0;0;0;0;0;0;0;0;0;0;0;0;0;0;0;0;0;0;0;0;0;0;0;0;0;0;0;0;0;0;0;0;0;0;0;0;0;0;0;0;0;0;0;0;0;0;0;0;0;0;0;0;0;0;0;0;0;0;0;0;0;0;0
hvsa-miR-HSUR2-5p;1.00;hvsa-miR-HSUR2;1.00;0;0;0;0;0;0;0;0;0;0;0;0;0;0;0;0;0;0;0;0;0;0;0;0;0;0;0;0;0;0;0;0;0;0;0;0;0;0;0;0;0;0;0;0;0;0;0;0;0;0;0;0;0;0;0;0;0;0;0;0;0;0;0;0;0;0;0;0;0;0;0;0;0;0;0;0;0;0;0;0;0;0;0;0;0;0;0;0;0;0;0;0;0;0;0;0;0;1.00;0;0;0;0;0;0;0;0;0;0;0;0;0;0;0;0;0;0;0;0;0;0;0;0;0;0;0;0;0;0;0;0;0;0;0;0;0;0;0;0;0;0;0;0;0;0;0;0;0;0;0;0;0;0;0;0;0;0;0;0;0;0;0;0;0;0;0;0;0;0;0;0;0;0;0;0;0;0;0;0;0;0;0;0;0;0;0;0;0;0;0;0;0;0;0;0;0;0;0;0;0;0;0;0;0;0;0;0;34.40;0;0;0;0;0;0;0;0;0;0;0
hvsa-miR-HSUR2-3p;93.00;hvsa-miR-HSUR2;93.00;0;0;0;0;0;2.00;0;0;0;0;0;0;0;0;0;4.00;0;0;0;0;0;0;74.00;2.00;0;0;0;0;0;0;0;0;0;0;0;0;0;0;5.00;0;0;0;0;0;0;0;0;0;0;0;0;0;0;0;0;0;0;0;0;0;0;0;0;0;0;0;0;0;0;0;0;1.00;1.00;0;0;3.00;0;0;0;0;0;0;0;0;0;0;0;0;0;0;0;0;0;0;0;0;0;0;0;0;1.00;0;0;0;0;0;0;0;0;0;0;0;0;0;73.61;0;0;0;0;0;0;0;0;0;191.69;0;0;0;0;0;0;13816.28;266.28;0;0;0;0;0;0;0;0;0;0;0;0;0;0;317.34;0;0;0;0;0;0;0;0;0;0;0;0;0;0;0;0;0;0;0;0;0;0;0;0;0;0;0;0;0;0;0;0;36.35;63.95;0;0;62.23;0;0;0;0;0;0;0;0;0;0;0;0;0;0;0;0;0;0;0;0;0;0;0;0;345.18;0;0;0;0;0;0;0;0
hvsa-miR-HSUR4-5p;0.00;hvsa-miR-HSUR4;0.00;0;0;0;0;0;0;0;0;0;0;0;0;0;0;0;0;0;0;0;0;0;0;0;0;0;0;0;0;0;0;0;0;0;0;0;0;0;0;0;0;0;0;0;0;0;0;0;0;0;0;0;0;0;0;0;0;0;0;0;0;0;0;0;0;0;0;0;0;0;0;0;0;0;0;0;0;0;0;0;0;0;0;0;0;0;0;0;0;0;0;0;0;0;0;0;0;0;0;0;0;0;0;0;0;0;0;0;0;0;0;0;0;0;0;0;0;0;0;0;0;0;0;0;0;0;0;0;0;0;0;0;0;0;0;0;0;0;0;0;0;0;0;0;0;0;0;0;0;0;0;0;0;0;0;0;0;0;0;0;0;0;0;0;0;0;0;0;0;0;0;0;0;0;0;0;0;0;0;0;0;0;0;0;0;0;0;0;0;0;0;0;0;0;0;0;0;0;0;0;0;0;0;0;0;0;0;0;0;0;0;0;0;0;0;0;0;0;0
hvsa-miR-HSUR4-3p;0.00;hvsa-miR-HSUR4;0.00;0;0;0;0;0;0;0;0;0;0;0;0;0;0;0;0;0;0;0;0;0;0;0;0;0;0;0;0;0;0;0;0;0;0;0;0;0;0;0;0;0;0;0;0;0;0;0;0;0;0;0;0;0;0;0;0;0;0;0;0;0;0;0;0;0;0;0;0;0;0;0;0;0;0;0;0;0;0;0;0;0;0;0;0;0;0;0;0;0;0;0;0;0;0;0;0;0;0;0;0;0;0;0;0;0;0;0;0;0;0;0;0;0;0;0;0;0;0;0;0;0;0;0;0;0;0;0;0;0;0;0;0;0;0;0;0;0;0;0;0;0;0;0;0;0;0;0;0;0;0;0;0;0;0;0;0;0;0;0;0;0;0;0;0;0;0;0;0;0;0;0;0;0;0;0;0;0;0;0;0;0;0;0;0;0;0;0;0;0;0;0;0;0;0;0;0;0;0;0;0;0;0;0;0;0;0;0;0;0;0;0;0;0;0;0;0;0;0
hvsa-miR-HSUR5-5p;0.00;hvsa-miR-HSUR5;0.00;0;0;0;0;0;0;0;0;0;0;0;0;0;0;0;0;0;0;0;0;0;0;0;0;0;0;0;0;0;0;0;0;0;0;0;0;0;0;0;0;0;0;0;0;0;0;0;0;0;0;0;0;0;0;0;0;0;0;0;0;0;0;0;0;0;0;0;0;0;0;0;0;0;0;0;0;0;0;0;0;0;0;0;0;0;0;0;0;0;0;0;0;0;0;0;0;0;0;0;0;0;0;0;0;0;0;0;0;0;0;0;0;0;0;0;0;0;0;0;0;0;0;0;0;0;0;0;0;0;0;0;0;0;0;0;0;0;0;0;0;0;0;0;0;0;0;0;0;0;0;0;0;0;0;0;0;0;0;0;0;0;0;0;0;0;0;0;0;0;0;0;0;0;0;0;0;0;0;0;0;0;0;0;0;0;0;0;0;0;0;0;0;0;0;0;0;0;0;0;0;0;0;0;0;0;0;0;0;0;0;0;0;0;0;0;0;0;0
hvsa-miR-HSUR5-3p;5.00;hvsa-miR-HSUR5;5.00;0;0;0;0;0;0;0;0;0;0;0;0;0;0;0;0;0;0;0;0;0;0;0;2.00;0;0;0;0;0;0;0;0;0;0;0;0;0;0;0;0;0;0;0;0;0;0;0;0;0;0;0;0;0;0;0;0;0;0;0;0;0;0;0;0;0;0;0;0;0;0;0;1.00;0;0;0;0;0;0;0;0;0;0;0;0;0;0;0;0;0;0;0;0;0;0;0;0;0;0;0;0;1.00;0;0;0;1.00;0;0;0;0;0;0;0;0;0;0;0;0;0;0;0;0;0;0;0;0;0;0;0;0;0;0;0;266.28;0;0;0;0;0;0;0;0;0;0;0;0;0;0;0;0;0;0;0;0;0;0;0;0;0;0;0;0;0;0;0;0;0;0;0;0;0;0;0;0;0;0;0;0;0;0;0;36.35;0;0;0;0;0;0;0;0;0;0;0;0;0;0;0;0;0;0;0;0;0;0;0;0;0;0;0;0;345.18;0;0;0;18.21;0;0;0;0
hvt-miR-H1;83.00;hvt-mir-H1;83.00;0;0;0;0;0;0;0;0;0;0;0;0;0;0;0;0;0;0;0;0;0;0;0;0;0;0;0;0;0;0;0;0;0;0;0;0;0;0;0;0;0;0;0;0;0;0;0;0;0;0;0;0;0;0;26.00;0;0;0;0;0;0;0;0;0;0;0;0;0;0;0;0;0;0;0;0;0;0;0;0;0;0;0;0;0;0;0;0;0;0;0;0;0;0;0;0;0;0;0;0;0;0;0;40.00;0;17.00;0;0;0;0;0;0;0;0;0;0;0;0;0;0;0;0;0;0;0;0;0;0;0;0;0;0;0;0;0;0;0;0;0;0;0;0;0;0;0;0;0;0;0;0;0;0;0;0;0;0;0;0;0;0;0;0;0;0;729.19;0;0;0;0;0;0;0;0;0;0;0;0;0;0;0;0;0;0;0;0;0;0;0;0;0;0;0;0;0;0;0;0;0;0;0;0;0;0;0;0;0;0;0;0;0;0;0;643.08;0;309.52;0;0;0;0
hvt-miR-H10;6.00;hvt-mir-H10;6.00;0;0;0;0;0;0;0;0;0;0;0;0;0;0;0;0;0;0;0;0;0;0;0;0;0;0;0;0;0;0;0;0;0;0;1.00;0;0;0;0;0;0;0;0;0;0;0;0;0;0;0;0;0;0;0;0;0;0;0;0;0;0;0;0;0;0;0;1.00;0;0;0;0;0;0;0;0;0;0;0;0;0;0;0;0;0;0;0;0;0;0;0;0;0;0;0;0;0;1.00;0;0;0;0;3.00;0;0;0;0;0;0;0;0;0;0;0;0;0;0;0;0;0;0;0;0;0;0;0;0;0;0;0;0;0;0;0;0;0;0;0;0;0;0;0;0;0;44.03;0;0;0;0;0;0;0;0;0;0;0;0;0;0;0;0;0;0;0;0;0;0;0;0;0;0;0;0;0;0;0;39.13;0;0;0;0;0;0;0;0;0;0;0;0;0;0;0;0;0;0;0;0;0;0;0;0;0;0;0;0;0;81.84;0;0;0;0;125.93;0;0;0;0;0;0;0
hvt-miR-H11;77.00;hvt-mir-H11;77.00;0;0;0;0;0;0;0;0;0;0;0;0;0;0;0;0;0;0;0;0;0;0;0;0;0;0;0;0;0;0;0;0;0;0;0;0;0;0;0;0;0;0;0;0;0;45.00;0;0;0;0;0;0;0;1.00;0;0;0;0;0;0;0;31.00;0;0;0;0;0;0;0;0;0;0;0;0;0;0;0;0;0;0;0;0;0;0;0;0;0;0;0;0;0;0;0;0;0;0;0;0;0;0;0;0;0;0;0;0;0;0;0;0;0;0;0;0;0;0;0;0;0;0;0;0;0;0;0;0;0;0;0;0;0;0;0;0;0;0;0;0;0;0;0;0;0;0;0;0;0;0;0;0;0;0;0;0;1259.55;0;0;0;0;0;0;0;25.59;0;0;0;0;0;0;0;2344.93;0;0;0;0;0;0;0;0;0;0;0;0;0;0;0;0;0;0;0;0;0;0;0;0;0;0;0;0;0;0;0;0;0;0;0;0;0;0;0;0;0;0;0;0;0;0;0
hvt-miR-H12-5p;4.00;hvt-mir-H12;4.00;0;0;0;0;0;0;0;0;0;0;0;0;0;0;0;0;0;0;0;0;0;0;0;0;0;0;0;0;0;0;0;0;0;0;0;0;0;0;0;0;0;0;0;0;0;0;0;0;0;0;0;0;0;0;0;0;0;0;0;0;0;0;0;0;0;0;0;4.00;0;0;0;0;0;0;0;0;0;0;0;0;0;0;0;0;0;0;0;0;0;0;0;0;0;0;0;0;0;0;0;0;0;0;0;0;0;0;0;0;0;0;0;0;0;0;0;0;0;0;0;0;0;0;0;0;0;0;0;0;0;0;0;0;0;0;0;0;0;0;0;0;0;0;0;0;0;0;0;0;0;0;0;0;0;0;0;0;0;0;0;0;0;0;0;0;0;0;0;0;0;0;0;0;0;0;0;0;273.60;0;0;0;0;0;0;0;0;0;0;0;0;0;0;0;0;0;0;0;0;0;0;0;0;0;0;0;0;0;0;0;0;0;0;0;0;0;0;0;0;0
hvt-miR-H12-3p;0.00;hvt-mir-H12;0.00;0;0;0;0;0;0;0;0;0;0;0;0;0;0;0;0;0;0;0;0;0;0;0;0;0;0;0;0;0;0;0;0;0;0;0;0;0;0;0;0;0;0;0;0;0;0;0;0;0;0;0;0;0;0;0;0;0;0;0;0;0;0;0;0;0;0;0;0;0;0;0;0;0;0;0;0;0;0;0;0;0;0;0;0;0;0;0;0;0;0;0;0;0;0;0;0;0;0;0;0;0;0;0;0;0;0;0;0;0;0;0;0;0;0;0;0;0;0;0;0;0;0;0;0;0;0;0;0;0;0;0;0;0;0;0;0;0;0;0;0;0;0;0;0;0;0;0;0;0;0;0;0;0;0;0;0;0;0;0;0;0;0;0;0;0;0;0;0;0;0;0;0;0;0;0;0;0;0;0;0;0;0;0;0;0;0;0;0;0;0;0;0;0;0;0;0;0;0;0;0;0;0;0;0;0;0;0;0;0;0;0;0;0;0;0;0;0;0
hvt-miR-H13;2.00;hvt-mir-H13;2.00;0;0;0;0;0;0;0;0;0;0;0;0;0;0;0;0;0;0;0;0;0;0;0;0;0;0;0;0;0;0;0;0;0;0;0;0;0;0;0;0;0;0;0;0;0;0;0;0;0;0;0;1.00;0;0;0;0;0;0;0;0;0;0;0;0;0;1.00;0;0;0;0;0;0;0;0;0;0;0;0;0;0;0;0;0;0;0;0;0;0;0;0;0;0;0;0;0;0;0;0;0;0;0;0;0;0;0;0;0;0;0;0;0;0;0;0;0;0;0;0;0;0;0;0;0;0;0;0;0;0;0;0;0;0;0;0;0;0;0;0;0;0;0;0;0;0;0;0;0;0;0;0;0;0;0;0;0;0;0;0;0;0;65.20;0;0;0;0;0;0;0;0;0;0;0;0;0;43.57;0;0;0;0;0;0;0;0;0;0;0;0;0;0;0;0;0;0;0;0;0;0;0;0;0;0;0;0;0;0;0;0;0;0;0;0;0;0;0;0;0;0;0
hvt-miR-H14-5p;39.00;hvt-mir-H14;39.00;0;0;3.00;0;0;0;0;0;0;0;0;0;1.00;0;0;0;0;0;0;11.00;0;0;0;0;0;0;0;1.00;0;0;0;1.00;0;2.00;0;0;0;0;0;0;0;0;0;0;0;0;0;0;0;0;0;0;0;1.00;0;0;0;0;0;1.00;0;0;0;0;0;0;0;0;0;0;0;0;0;0;0;3.00;0;0;1.00;0;0;0;0;0;0;0;0;0;0;0;4.00;0;1.00;0;0;0;0;0;0;0;6.00;1.00;1.00;0;0;0;1.00;0;0;0;0;81.66;0;0;0;0;0;0;0;0;0;344.71;0;0;0;0;0;0;2907.75;0;0;0;0;0;0;0;133.44;0;0;0;23.45;0;72.73;0;0;0;0;0;0;0;0;0;0;0;0;0;0;0;0;0;0;0;25.59;0;0;0;0;0;39.82;0;0;0;0;0;0;0;0;0;0;0;0;0;0;0;62.23;0;0;67.47;0;0;0;0;0;0;0;0;0;0;0;281.18;0;19.34;0;0;0;0;0;0;0;2071.11;41.98;16.08;0;0;0;107.70;0;0
hvt-miR-H14-3p;488233.00;hvt-mir-H14;488233.00;2616.00;2434.00;2650.00;1053.00;5437.00;1634.00;2528.00;312.00;5061.00;5354.00;5541.00;1527.00;179.00;995.00;253.00;630.00;797.00;763.00;610.00;55.00;8.00;774.00;86.00;1487.00;325.00;2885.00;10569.00;2679.00;4234.00;7785.00;5172.00;10566.00;3667.00;6789.00;11723.00;9707.00;4589.00;4234.00;3068.00;1978.00;18981.00;6479.00;1556.00;6803.00;5993.00;12379.00;16085.00;5296.00;2314.00;7730.00;1088.00;4011.00;3782.00;8424.00;3192.00;4446.00;961.00;72.00;5483.00;5474.00;3129.00;5127.00;7459.00;12746.00;3345.00;7940.00;3441.00;4120.00;9958.00;7777.00;7092.00;4474.00;2054.00;12154.00;7506.00;4726.00;9460.00;15472.00;1728.00;2963.00;229.00;3000.00;1700.00;2782.00;2645.00;1054.00;10367.00;6774.00;8281.00;25696.00;1490.00;2170.00;2771.00;6522.00;108.00;1335.00;4655.00;6600.00;4374.00;3.00;1272.00;4970.00;1413.00;350.00;327.00;808.00;303.00;253.00;7.00;78494.91;91284.13;72136.32;153275.11;277511.23;60142.07;231459.44;26398.17;244127.15;140407.01;544570.02;158814.35;61702.86;39248.94;32386.07;30191.21;29648.09;17977.05;35370.52;14538.73;972.53;62253.68;16056.76;197976.30;17779.97;212241.59;500734.35;357485.99;248008.43;352230.57;172141.79;247725.78;253841.89;246890.68;516158.86;405438.14;187061.80;269064.57;194719.47;300836.50;562233.41;403474.90;190709.65;329044.74;291729.54;346488.65;431742.54;344836.57;214955.88;435296.77;146099.10;261507.37;175539.57;215541.28;89522.10;361052.46;185342.33;170212.77;328874.76;217992.12;137441.80;387821.48;355308.91;361814.47;354794.23;345984.57;134656.02;281805.75;385954.03;417960.98;233758.53;162631.77;131363.52;399960.51;194169.23;98025.39;431549.66;464750.23;116591.32;116155.08;35972.35;70838.25;60683.94;139176.55;92644.48;66456.49;501475.35;191323.50;312821.09;558463.01;104737.80;119532.89;53599.75;324655.28;99356.03;103608.85;380964.07;227022.56;208097.44;1574.80;439074.91;208630.68;22716.68;22649.32;5953.68;16595.12;32633.28;154456.65;6261.18
hvt-miR-H15-5p;195.00;hvt-mir-H15;195.00;0;0;0;0;0;0;0;0;0;100.00;0;1.00;0;0;0;0;0;0;0;0;0;0;1.00;0;0;0;0;0;0;0;1.00;0;0;91.00;0;0;0;0;0;0;0;0;0;0;0;0;0;0;0;0;0;0;0;0;0;0;0;0;0;0;0;0;0;0;0;0;0;0;0;0;0;0;0;0;0;0;1.00;0;0;0;0;0;0;0;0;0;0;0;0;0;0;0;0;0;0;0;0;0;0;0;0;0;0;0;0;0;0;0;0;0;0;0;0;0;0;0;0;0;2622.47;0;104.00;0;0;0;0;0;0;0;0;0;0;186.71;0;0;0;0;0;0;0;33.28;0;0;3309.33;0;0;0;0;0;0;0;0;0;0;0;0;0;0;0;0;0;0;0;0;0;0;0;0;0;0;0;0;0;0;0;0;0;0;0;0;0;0;0;0;0;0;45.62;0;0;0;0;0;0;0;0;0;0;0;0;0;0;0;0;0;0;0;0;0;0;0;0;0;0;0;0;0;0;0;0
hvt-miR-H15-3p;77.00;hvt-mir-H15;77.00;0;0;0;0;0;0;0;0;0;0;0;0;0;0;0;0;0;0;0;0;0;0;0;0;0;0;0;0;0;0;0;0;0;0;0;0;0;0;0;0;0;0;0;0;0;0;0;0;0;0;0;0;0;0;0;0;0;0;0;0;0;0;0;0;0;0;0;0;0;0;0;0;0;0;0;50.00;0;0;0;0;0;1.00;0;0;0;0;0;0;0;0;26.00;0;0;0;0;0;0;0;0;0;0;0;0;0;0;0;0;0;0;0;0;0;0;0;0;0;0;0;0;0;0;0;0;0;0;0;0;0;0;0;0;0;0;0;0;0;0;0;0;0;0;0;0;0;0;0;0;0;0;0;0;0;0;0;0;0;0;0;0;0;0;0;0;0;0;0;0;0;0;0;0;0;0;0;0;0;0;0;0;0;0;0;0;0;1037.09;0;0;0;0;0;23.61;0;0;0;0;0;0;0;0;1827.64;0;0;0;0;0;0;0;0;0;0;0;0;0;0;0;0;0;0
hvt-miR-H16-5p;243.00;hvt-mir-H16;243.00;0;0;3.00;0;0;0;0;0;0;0;0;0;0;0;0;102.00;0;0;0;0;0;0;0;0;0;0;0;0;0;0;0;47.00;0;0;0;0;0;0;1.00;0;0;0;0;0;0;1.00;0;0;0;0;0;0;0;0;0;0;18.00;0;0;0;0;0;0;0;0;0;61.00;0;0;0;0;0;0;0;0;0;0;0;0;0;0;0;0;0;9.00;0;0;0;0;0;0;0;0;0;0;0;0;0;0;0;0;1.00;0;0;0;0;0;0;0;0;0;81.66;0;0;0;0;0;0;0;0;0;0;0;0;4888.10;0;0;0;0;0;0;0;0;0;0;0;0;0;0;0;1101.94;0;0;0;0;0;0;63.47;0;0;0;0;0;0;27.99;0;0;0;0;0;0;0;0;0;0;3471.55;0;0;0;0;0;0;0;0;0;2387.10;0;0;0;0;0;0;0;0;0;0;0;0;0;0;0;0;0;315.24;0;0;0;0;0;0;0;0;0;0;0;0;0;0;0;0;41.98;0;0;0;0;0;0;0
hvt-miR-H16-3p;0.00;hvt-mir-H16;0.00;0;0;0;0;0;0;0;0;0;0;0;0;0;0;0;0;0;0;0;0;0;0;0;0;0;0;0;0;0;0;0;0;0;0;0;0;0;0;0;0;0;0;0;0;0;0;0;0;0;0;0;0;0;0;0;0;0;0;0;0;0;0;0;0;0;0;0;0;0;0;0;0;0;0;0;0;0;0;0;0;0;0;0;0;0;0;0;0;0;0;0;0;0;0;0;0;0;0;0;0;0;0;0;0;0;0;0;0;0;0;0;0;0;0;0;0;0;0;0;0;0;0;0;0;0;0;0;0;0;0;0;0;0;0;0;0;0;0;0;0;0;0;0;0;0;0;0;0;0;0;0;0;0;0;0;0;0;0;0;0;0;0;0;0;0;0;0;0;0;0;0;0;0;0;0;0;0;0;0;0;0;0;0;0;0;0;0;0;0;0;0;0;0;0;0;0;0;0;0;0;0;0;0;0;0;0;0;0;0;0;0;0;0;0;0;0;0;0
hvt-miR-H17-5p;241.00;hvt-mir-H17;241.00;0;0;3.00;0;0;0;0;0;0;0;0;0;0;0;0;102.00;0;0;0;0;0;0;0;0;0;0;0;0;0;0;0;47.00;0;0;0;0;0;0;0;0;0;0;0;0;0;0;0;0;0;0;0;0;0;0;0;0;18.00;0;0;0;0;0;0;0;0;0;61.00;0;0;0;0;0;0;0;0;0;0;0;0;0;0;0;0;0;9.00;0;0;0;0;0;0;0;0;0;0;0;0;0;0;0;0;1.00;0;0;0;0;0;0;0;0;0;81.66;0;0;0;0;0;0;0;0;0;0;0;0;4888.10;0;0;0;0;0;0;0;0;0;0;0;0;0;0;0;1101.94;0;0;0;0;0;0;0;0;0;0;0;0;0;0;0;0;0;0;0;0;0;0;0;0;3471.55;0;0;0;0;0;0;0;0;0;2387.10;0;0;0;0;0;0;0;0;0;0;0;0;0;0;0;0;0;315.24;0;0;0;0;0;0;0;0;0;0;0;0;0;0;0;0;41.98;0;0;0;0;0;0;0
hvt-miR-H17-3p;1.00;hvt-mir-H17;1.00;0;0;0;0;0;0;0;0;0;0;0;0;0;0;0;0;0;0;0;0;0;0;0;0;0;0;0;0;0;0;0;0;0;0;0;0;0;0;0;0;0;0;0;0;0;0;0;0;0;0;1.00;0;0;0;0;0;0;0;0;0;0;0;0;0;0;0;0;0;0;0;0;0;0;0;0;0;0;0;0;0;0;0;0;0;0;0;0;0;0;0;0;0;0;0;0;0;0;0;0;0;0;0;0;0;0;0;0;0;0;0;0;0;0;0;0;0;0;0;0;0;0;0;0;0;0;0;0;0;0;0;0;0;0;0;0;0;0;0;0;0;0;0;0;0;0;0;0;0;0;0;0;0;0;0;0;0;0;0;0;134.28;0;0;0;0;0;0;0;0;0;0;0;0;0;0;0;0;0;0;0;0;0;0;0;0;0;0;0;0;0;0;0;0;0;0;0;0;0;0;0;0;0;0;0;0;0;0;0;0;0;0;0;0;0;0;0;0;0;0
hvt-miR-H18-5p;29.00;hvt-mir-H18;29.00;0;0;1.00;0;0;0;0;1.00;0;0;0;0;0;0;0;0;1.00;0;2.00;0;0;0;0;0;0;0;0;0;0;0;0;0;0;0;0;0;0;0;0;0;0;0;0;0;0;0;0;0;0;0;0;0;0;11.00;0;0;0;0;0;0;0;1.00;0;0;0;0;0;0;0;0;0;1.00;0;0;9.00;1.00;0;0;0;0;0;0;0;0;0;0;1.00;0;0;0;0;0;0;0;0;0;0;0;0;0;0;0;0;0;0;0;0;0;0;0;0;27.22;0;0;0;0;84.61;0;0;0;0;0;0;0;0;37.20;0;115.97;0;0;0;0;0;0;0;0;0;0;0;0;0;0;0;0;0;0;0;0;0;0;0;0;0;0;0;0;0;0;0;0;0;0;281.45;0;0;0;0;0;0;0;75.64;0;0;0;0;0;0;0;0;0;36.35;0;0;232.82;20.74;0;0;0;0;0;0;0;0;0;0;48.37;0;0;0;0;0;0;0;0;0;0;0;0;0;0;0;0;0;0;0;0;0;0
hvt-miR-H18-3p;0.00;hvt-mir-H18;0.00;0;0;0;0;0;0;0;0;0;0;0;0;0;0;0;0;0;0;0;0;0;0;0;0;0;0;0;0;0;0;0;0;0;0;0;0;0;0;0;0;0;0;0;0;0;0;0;0;0;0;0;0;0;0;0;0;0;0;0;0;0;0;0;0;0;0;0;0;0;0;0;0;0;0;0;0;0;0;0;0;0;0;0;0;0;0;0;0;0;0;0;0;0;0;0;0;0;0;0;0;0;0;0;0;0;0;0;0;0;0;0;0;0;0;0;0;0;0;0;0;0;0;0;0;0;0;0;0;0;0;0;0;0;0;0;0;0;0;0;0;0;0;0;0;0;0;0;0;0;0;0;0;0;0;0;0;0;0;0;0;0;0;0;0;0;0;0;0;0;0;0;0;0;0;0;0;0;0;0;0;0;0;0;0;0;0;0;0;0;0;0;0;0;0;0;0;0;0;0;0;0;0;0;0;0;0;0;0;0;0;0;0;0;0;0;0;0;0
hvt-miR-H2;2.00;hvt-mir-H2;2.00;0;0;0;0;0;0;0;0;0;1.00;0;0;0;0;0;0;0;0;0;0;0;0;0;0;0;0;0;0;0;0;0;0;0;0;0;0;0;0;1.00;0;0;0;0;0;0;0;0;0;0;0;0;0;0;0;0;0;0;0;0;0;0;0;0;0;0;0;0;0;0;0;0;0;0;0;0;0;0;0;0;0;0;0;0;0;0;0;0;0;0;0;0;0;0;0;0;0;0;0;0;0;0;0;0;0;0;0;0;0;0;0;0;0;0;0;0;0;0;0;26.22;0;0;0;0;0;0;0;0;0;0;0;0;0;0;0;0;0;0;0;0;0;0;0;0;0;0;0;0;63.47;0;0;0;0;0;0;0;0;0;0;0;0;0;0;0;0;0;0;0;0;0;0;0;0;0;0;0;0;0;0;0;0;0;0;0;0;0;0;0;0;0;0;0;0;0;0;0;0;0;0;0;0;0;0;0;0;0;0;0;0;0;0;0;0;0;0;0;0;0;0
hvt-miR-H3-5p;57.00;hvt-mir-H3;57.00;0;0;0;0;0;0;6.00;0;0;0;0;0;0;0;0;0;0;0;0;0;0;0;1.00;0;0;0;0;0;0;0;0;0;0;0;0;0;0;0;11.00;0;0;0;0;0;0;0;0;0;0;0;0;0;0;0;0;0;0;0;0;0;0;0;0;0;0;0;0;0;0;5.00;0;0;0;0;0;0;0;0;0;0;0;0;0;0;0;0;0;1.00;0;0;0;0;0;0;0;2.00;0;0;0;0;0;0;0;0;31.00;0;0;0;0;0;0;0;0;0;0;549.35;0;0;0;0;0;0;0;0;0;0;0;0;0;0;0;186.71;0;0;0;0;0;0;0;0;0;0;0;0;0;0;0;698.15;0;0;0;0;0;0;0;0;0;0;0;0;0;0;0;0;0;0;0;0;0;0;0;0;0;0;0;0;0;0;268.72;0;0;0;0;0;0;0;0;0;0;0;0;0;0;0;0;0;28.24;0;0;0;0;0;0;0;155.22;0;0;0;0;0;0;0;0;564.42;0;0;0;0
hvt-miR-H3-3p;83.00;hvt-mir-H3;83.00;0;0;0;0;0;0;0;0;0;0;0;0;0;0;0;0;0;0;0;0;0;0;2.00;0;0;0;0;0;0;0;0;0;0;0;0;0;0;0;0;0;2.00;0;79.00;0;0;0;0;0;0;0;0;0;0;0;0;0;0;0;0;0;0;0;0;0;0;0;0;0;0;0;0;0;0;0;0;0;0;0;0;0;0;0;0;0;0;0;0;0;0;0;0;0;0;0;0;0;0;0;0;0;0;0;0;0;0;0;0;0;0;0;0;0;0;0;0;0;0;0;0;0;0;0;0;0;0;0;0;0;0;0;0;373.41;0;0;0;0;0;0;0;0;0;0;0;0;0;0;0;0;0;59.24;0;9682.56;0;0;0;0;0;0;0;0;0;0;0;0;0;0;0;0;0;0;0;0;0;0;0;0;0;0;0;0;0;0;0;0;0;0;0;0;0;0;0;0;0;0;0;0;0;0;0;0;0;0;0;0;0;0;0;0;0;0;0;0;0;0;0;0;0;0
hvt-miR-H4-5p;894.00;hvt-mir-H4;894.00;0;0;57.00;0;10.00;0;138.00;0;0;0;0;0;66.00;0;0;0;0;4.00;0;0;0;0;0;0;0;0;0;0;1.00;0;0;0;0;2.00;2.00;0;0;0;0;123.00;0;0;0;22.00;0;0;31.00;3.00;1.00;0;8.00;0;31.00;1.00;39.00;0;0;0;0;0;0;0;0;0;0;1.00;0;46.00;48.00;0;0;3.00;80.00;0;0;147.00;0;0;0;0;0;1.00;0;0;0;0;20.00;0;0;0;0;0;0;0;0;0;0;0;0;0;0;0;0;0;0;0;9.00;0;0;0;0;1551.61;0;510.41;0;12635.05;0;0;0;0;0;22750.78;0;0;0;0;94.24;0;0;0;0;0;0;0;0;0;0;58.58;0;0;0;0;72.73;88.06;0;0;0;0;18707.22;0;0;0;1064.09;0;0;832.08;195.34;92.89;0;1074.26;0;1438.85;25.59;1093.79;0;0;0;0;0;0;0;0;0;0;43.57;0;3146.37;1860.39;0;0;109.05;5116.40;0;0;3049.03;0;0;0;0;0;23.61;0;0;0;0;967.45;0;0;0;0;0;0;0;0;0;0;0;0;0;0;0;0;0;0;0;969.31;0;0
hvt-miR-H4-3p;0.00;hvt-mir-H4;0.00;0;0;0;0;0;0;0;0;0;0;0;0;0;0;0;0;0;0;0;0;0;0;0;0;0;0;0;0;0;0;0;0;0;0;0;0;0;0;0;0;0;0;0;0;0;0;0;0;0;0;0;0;0;0;0;0;0;0;0;0;0;0;0;0;0;0;0;0;0;0;0;0;0;0;0;0;0;0;0;0;0;0;0;0;0;0;0;0;0;0;0;0;0;0;0;0;0;0;0;0;0;0;0;0;0;0;0;0;0;0;0;0;0;0;0;0;0;0;0;0;0;0;0;0;0;0;0;0;0;0;0;0;0;0;0;0;0;0;0;0;0;0;0;0;0;0;0;0;0;0;0;0;0;0;0;0;0;0;0;0;0;0;0;0;0;0;0;0;0;0;0;0;0;0;0;0;0;0;0;0;0;0;0;0;0;0;0;0;0;0;0;0;0;0;0;0;0;0;0;0;0;0;0;0;0;0;0;0;0;0;0;0;0;0;0;0;0;0
hvt-miR-H5-5p;301.00;hvt-mir-H5;301.00;0;4.00;0;0;0;0;0;0;11.00;0;0;0;6.00;101.00;0;15.00;0;7.00;0;0;0;8.00;0;0;0;1.00;0;0;0;0;4.00;16.00;0;0;0;0;0;0;2.00;0;6.00;0;0;0;0;5.00;0;3.00;0;0;1.00;0;3.00;0;39.00;0;1.00;0;0;0;0;0;1.00;0;0;4.00;3.00;0;3.00;0;0;0;13.00;7.00;0;5.00;3.00;0;0;0;0;0;0;1.00;0;0;1.00;8.00;0;0;0;0;0;0;0;0;0;0;0;0;0;0;8.00;2.00;0;9.00;0;0;0;0;150.02;0;0;0;0;0;0;530.61;0;0;0;2068.25;3984.06;0;718.84;0;164.93;0;0;0;643.45;0;0;0;73.57;0;0;0;0;133.13;375.13;0;0;0;0;0;0;126.94;0;177.73;0;0;0;0;139.95;0;195.34;0;0;134.28;0;139.24;0;1093.79;0;192.86;0;0;0;0;0;47.63;0;0;174.30;117.40;0;116.27;0;0;0;831.41;230.35;0;103.71;136.86;0;0;0;0;0;0;50.03;0;0;48.37;225.95;0;0;0;0;0;0;0;0;0;0;0;0;0;0;128.62;129.42;0;184.85;0;0;0
hvt-miR-H5-3p;0.00;hvt-mir-H5;0.00;0;0;0;0;0;0;0;0;0;0;0;0;0;0;0;0;0;0;0;0;0;0;0;0;0;0;0;0;0;0;0;0;0;0;0;0;0;0;0;0;0;0;0;0;0;0;0;0;0;0;0;0;0;0;0;0;0;0;0;0;0;0;0;0;0;0;0;0;0;0;0;0;0;0;0;0;0;0;0;0;0;0;0;0;0;0;0;0;0;0;0;0;0;0;0;0;0;0;0;0;0;0;0;0;0;0;0;0;0;0;0;0;0;0;0;0;0;0;0;0;0;0;0;0;0;0;0;0;0;0;0;0;0;0;0;0;0;0;0;0;0;0;0;0;0;0;0;0;0;0;0;0;0;0;0;0;0;0;0;0;0;0;0;0;0;0;0;0;0;0;0;0;0;0;0;0;0;0;0;0;0;0;0;0;0;0;0;0;0;0;0;0;0;0;0;0;0;0;0;0;0;0;0;0;0;0;0;0;0;0;0;0;0;0;0;0;0;0
hvt-miR-H7-5p;6.00;hvt-mir-H7;6.00;0;0;0;0;0;0;0;0;0;0;0;0;0;0;0;0;0;0;0;0;0;0;0;0;0;0;0;0;0;0;0;0;0;0;0;0;0;0;0;0;0;0;4.00;0;0;0;0;0;0;0;0;0;0;0;0;0;0;0;0;0;2.00;0;0;0;0;0;0;0;0;0;0;0;0;0;0;0;0;0;0;0;0;0;0;0;0;0;0;0;0;0;0;0;0;0;0;0;0;0;0;0;0;0;0;0;0;0;0;0;0;0;0;0;0;0;0;0;0;0;0;0;0;0;0;0;0;0;0;0;0;0;0;0;0;0;0;0;0;0;0;0;0;0;0;0;0;0;0;0;0;0;0;490.26;0;0;0;0;0;0;0;0;0;0;0;0;0;0;0;0;0;87.85;0;0;0;0;0;0;0;0;0;0;0;0;0;0;0;0;0;0;0;0;0;0;0;0;0;0;0;0;0;0;0;0;0;0;0;0;0;0;0;0;0;0;0;0;0;0;0;0
hvt-miR-H7-3p;51.00;hvt-mir-H7;51.00;0;0;0;0;0;0;0;0;0;0;0;0;0;0;1.00;0;0;0;0;0;0;0;0;0;0;0;0;0;0;0;0;0;0;0;0;0;0;0;0;0;0;0;0;0;0;0;0;0;0;0;0;1.00;0;0;0;0;1.00;0;0;0;0;0;0;0;0;0;3.00;0;0;0;0;0;0;0;0;0;0;0;0;0;0;0;1.00;0;0;0;0;4.00;0;0;0;0;0;0;0;0;0;0;0;0;0;1.00;39.00;0;0;0;0;0;0;0;0;0;0;0;0;0;0;0;0;0;0;0;0;128.01;0;0;0;0;0;0;0;0;0;0;0;0;0;0;0;0;0;0;0;0;0;0;0;0;0;0;0;0;0;0;0;0;0;0;0;0;65.20;0;0;0;0;192.86;0;0;0;0;0;0;0;0;0;117.40;0;0;0;0;0;0;0;0;0;0;0;0;0;0;0;35.70;0;0;0;0;112.98;0;0;0;0;0;0;0;0;0;0;0;0;0;41.98;627.00;0;0;0;0;0;0
hvt-miR-H8;2643.00;hvt-mir-H8;2643.00;0;0;42.00;0;0;45.00;0;31.00;96.00;0;1.00;0;0;108.00;0;0;1.00;0;102.00;0;0;0;0;0;0;1.00;0;0;22.00;0;5.00;0;0;0;0;17.00;1.00;0;0;0;6.00;0;1.00;20.00;0;33.00;0;2.00;121.00;0;0;1.00;39.00;0;0;0;0;0;0;12.00;57.00;0;60.00;1.00;82.00;0;73.00;0;50.00;0;0;5.00;14.00;63.00;108.00;0;0;14.00;328.00;6.00;0;0;8.00;75.00;1.00;0;3.00;0;61.00;4.00;0;9.00;360.00;95.00;0;0;64.00;78.00;53.00;97.00;0;96.00;5.00;0;42.00;0;0;0;24.00;0;0;1143.29;0;0;1656.30;0;2622.90;4630.75;0;98.28;0;0;4260.19;0;0;37.20;0;5914.41;0;0;0;0;0;0;73.57;0;0;1288.66;0;166.42;0;0;0;0;710.05;40.76;0;0;0;177.73;0;122.56;967.35;0;923.67;0;130.23;11240.13;0;0;65.20;1810.16;0;0;0;0;0;0;477.88;2503.73;0;2858.10;28.39;8697.50;0;2856.70;0;1937.91;0;0;181.75;895.37;2073.19;2793.80;0;0;420.53;22130.76;235.21;0;0;285.57;3752.06;35.03;0;145.12;0;2304.32;86.93;0;495.76;6963.52;4728.96;0;0;5237.74;2682.99;2521.53;50918.64;0;4029.89;80.38;0;764.69;0;0;0;21466.91
hvt-miR-H9-5p;0.00;hvt-mir-H9;0.00;0;0;0;0;0;0;0;0;0;0;0;0;0;0;0;0;0;0;0;0;0;0;0;0;0;0;0;0;0;0;0;0;0;0;0;0;0;0;0;0;0;0;0;0;0;0;0;0;0;0;0;0;0;0;0;0;0;0;0;0;0;0;0;0;0;0;0;0;0;0;0;0;0;0;0;0;0;0;0;0;0;0;0;0;0;0;0;0;0;0;0;0;0;0;0;0;0;0;0;0;0;0;0;0;0;0;0;0;0;0;0;0;0;0;0;0;0;0;0;0;0;0;0;0;0;0;0;0;0;0;0;0;0;0;0;0;0;0;0;0;0;0;0;0;0;0;0;0;0;0;0;0;0;0;0;0;0;0;0;0;0;0;0;0;0;0;0;0;0;0;0;0;0;0;0;0;0;0;0;0;0;0;0;0;0;0;0;0;0;0;0;0;0;0;0;0;0;0;0;0;0;0;0;0;0;0;0;0;0;0;0;0;0;0;0;0;0;0
hvt-miR-H9-3p;79.00;hvt-mir-H9;79.00;0;0;0;0;0;0;0;0;0;5.00;0;0;0;0;0;0;0;0;0;0;0;0;0;0;0;0;0;0;0;0;0;0;0;0;0;0;1.00;0;0;0;0;0;2.00;0;0;0;0;0;0;0;0;0;0;0;0;0;0;0;0;0;0;0;0;0;0;0;0;0;0;0;0;0;0;0;71.00;0;0;0;0;0;0;0;0;0;0;0;0;0;0;0;0;0;0;0;0;0;0;0;0;0;0;0;0;0;0;0;0;0;0;0;0;0;0;0;0;0;0;0;131.12;0;0;0;0;0;0;0;0;0;0;0;0;0;0;0;0;0;0;0;0;0;0;0;0;0;0;40.76;0;0;0;0;0;245.13;0;0;0;0;0;0;0;0;0;0;0;0;0;0;0;0;0;0;0;0;0;0;0;0;0;0;0;0;0;0;0;1836.67;0;0;0;0;0;0;0;0;0;0;0;0;0;0;0;0;0;0;0;0;0;0;0;0;0;0;0;0;0;0;0;0;0;0
iltv-miR-I1-5p;315.00;iltv-mir-I1;315.00;0;59.00;3.00;0;1.00;0;9.00;1.00;1.00;1.00;0;0;0;0;0;1.00;0;0;18.00;0;0;19.00;0;65.00;1.00;0;0;0;0;0;0;0;4.00;0;0;0;0;0;0;0;8.00;0;0;0;0;0;0;0;0;0;0;0;3.00;2.00;0;0;0;0;0;0;0;0;7.00;0;0;0;14.00;0;0;0;0;4.00;2.00;0;0;63.00;15.00;0;0;1.00;1.00;2.00;0;0;0;0;2.00;0;0;0;0;0;0;1.00;0;1.00;0;0;0;0;0;0;0;4.00;0;2.00;0;0;0;0;2212.72;81.66;0;51.04;0;824.02;84.61;48.24;26.22;0;0;0;0;0;47.92;0;0;1043.72;0;0;1528.19;0;8653.97;54.71;0;0;0;0;0;0;0;276.89;0;0;0;0;0;0;0;236.97;0;0;0;0;0;0;0;0;0;0;0;139.24;51.17;0;0;0;0;0;0;0;0;333.44;0;0;0;547.86;0;0;0;0;145.40;127.91;0;0;1306.73;684.28;0;0;39.20;157.08;47.23;0;0;0;0;96.74;0;0;0;0;0;0;49.78;0;77.61;0;0;0;0;0;0;0;258.85;0;41.08;0;0;0
iltv-miR-I1-3p;6.00;iltv-mir-I1;6.00;0;0;0;0;0;0;0;0;0;0;0;0;0;0;0;0;0;0;0;0;0;0;0;0;0;0;0;0;0;0;0;0;0;0;0;0;2.00;0;0;0;0;0;0;0;0;0;0;0;0;0;0;0;0;0;0;0;0;0;0;0;0;0;0;0;0;0;0;0;0;0;0;0;0;0;0;0;0;0;0;1.00;0;1.00;0;0;0;0;0;0;0;0;0;0;0;0;0;0;0;0;0;2.00;0;0;0;0;0;0;0;0;0;0;0;0;0;0;0;0;0;0;0;0;0;0;0;0;0;0;0;0;0;0;0;0;0;0;0;0;0;0;0;0;0;0;0;0;0;81.53;0;0;0;0;0;0;0;0;0;0;0;0;0;0;0;0;0;0;0;0;0;0;0;0;0;0;0;0;0;0;0;0;0;0;0;0;0;0;0;0;0;0;39.20;0;23.61;0;0;0;0;0;0;0;0;0;0;0;0;0;0;0;0;0;1049.87;0;0;0;0;0;0;0;0;0
iltv-miR-I2;277.00;iltv-mir-I2;277.00;0;0;0;0;1.00;0;0;0;0;0;0;0;0;0;0;0;0;0;0;0;0;0;0;0;0;0;0;0;0;0;0;0;0;0;0;0;0;0;13.00;0;0;0;0;0;0;0;0;0;0;0;0;0;0;0;0;0;3.00;0;0;0;0;1.00;50.00;0;0;0;0;0;0;0;0;19.00;0;0;1.00;124.00;0;0;0;0;0;0;0;0;62.00;0;0;1.00;0;0;0;0;0;0;0;0;0;0;0;0;0;0;1.00;1.00;0;0;0;0;0;0;0;0;0;51.04;0;0;0;0;0;0;0;0;0;0;0;0;0;0;0;0;0;0;0;0;0;0;0;0;0;0;0;0;0;0;0;0;0;825.08;0;0;0;0;0;0;0;0;0;0;0;0;0;0;0;0;0;578.59;0;0;0;0;75.64;2381.75;0;0;0;0;0;0;0;0;690.66;0;0;25.87;2571.97;0;0;0;0;0;0;0;0;2171.63;0;0;28.24;0;0;0;0;0;0;0;0;0;0;0;0;0;0;16.08;64.71;0;0;0;0;0
iltv-miR-I3;318.00;iltv-mir-I3;318.00;0;0;82.00;0;0;0;0;0;0;0;0;0;0;0;0;0;0;0;0;0;0;0;0;0;0;0;0;0;0;0;0;0;0;0;0;0;0;0;0;0;23.00;0;0;0;0;0;0;0;0;0;0;0;0;0;0;0;0;0;0;0;0;0;0;0;0;0;0;1.00;0;0;0;73.00;0;0;0;0;0;0;0;0;0;132.00;0;0;0;0;0;0;0;1.00;0;0;0;0;0;0;0;0;0;0;0;0;0;0;0;6.00;0;0;0;0;0;2232.14;0;0;0;0;0;0;0;0;0;0;0;0;0;0;0;0;0;0;0;0;0;0;0;0;0;0;0;0;0;0;0;0;0;0;0;0;0;681.28;0;0;0;0;0;0;0;0;0;0;0;0;0;0;0;0;0;0;0;0;0;0;0;0;0;0;68.40;0;0;0;2653.58;0;0;0;0;0;0;0;0;0;3116.88;0;0;0;0;0;0;0;21.73;0;0;0;0;0;0;0;0;0;0;0;0;0;0;0;123.23;0;0;0
iltv-miR-I4;4.00;iltv-mir-I4;4.00;0;0;0;0;0;0;0;0;0;1.00;0;0;0;0;0;0;0;0;0;0;0;1.00;0;0;0;0;0;0;0;0;0;0;0;0;0;0;0;0;0;0;0;0;0;0;0;0;0;0;0;0;0;0;1.00;0;0;0;0;0;0;0;0;0;0;0;0;0;0;0;0;0;0;0;0;0;0;0;0;0;0;0;0;0;0;0;0;0;0;0;0;0;0;0;0;0;0;0;0;0;0;0;1.00;0;0;0;0;0;0;0;0;0;0;0;0;0;0;0;0;0;26.22;0;0;0;0;0;0;0;0;0;0;0;80.43;0;0;0;0;0;0;0;0;0;0;0;0;0;0;0;0;0;0;0;0;0;0;0;0;0;0;0;0;0;0;46.41;0;0;0;0;0;0;0;0;0;0;0;0;0;0;0;0;0;0;0;0;0;0;0;0;0;0;0;0;0;0;0;0;0;0;0;0;0;0;0;0;0;0;0;0;0;0;0;345.18;0;0;0;0;0;0;0;0
iltv-miR-I5-5p;22.00;iltv-mir-I5;22.00;0;0;0;0;0;0;0;0;0;0;0;0;0;0;0;0;0;0;0;0;0;0;0;0;0;0;0;0;0;0;0;0;0;0;0;0;0;0;0;0;0;0;0;0;0;0;0;0;0;0;0;0;0;0;0;0;0;0;0;0;0;0;0;1.00;0;0;0;0;0;0;0;21.00;0;0;0;0;0;0;0;0;0;0;0;0;0;0;0;0;0;0;0;0;0;0;0;0;0;0;0;0;0;0;0;0;0;0;0;0;0;0;0;0;0;0;0;0;0;0;0;0;0;0;0;0;0;0;0;0;0;0;0;0;0;0;0;0;0;0;0;0;0;0;0;0;0;0;0;0;0;0;0;0;0;0;0;0;0;0;0;0;0;0;0;0;0;0;0;0;0;0;0;0;28.39;0;0;0;0;0;0;0;763.36;0;0;0;0;0;0;0;0;0;0;0;0;0;0;0;0;0;0;0;0;0;0;0;0;0;0;0;0;0;0;0;0;0;0;0;0;0
iltv-miR-I5-3p;3223.00;iltv-mir-I5;3223.00;1.00;65.00;128.00;0;66.00;2.00;0;27.00;0;0;6.00;0;0;1.00;97.00;1.00;78.00;0;0;26.00;3.00;40.00;0;32.00;5.00;0;0;0;0;71.00;4.00;0;16.00;0;38.00;0;0;0;120.00;1.00;1.00;464.00;80.00;82.00;0;43.00;29.00;0;2.00;10.00;0;0;41.00;0;38.00;0;0;0;0;94.00;0;0;26.00;4.00;0;1.00;0;2.00;11.00;27.00;114.00;37.00;0;113.00;0;61.00;0;1.00;0;55.00;200.00;57.00;0;0;0;0;28.00;15.00;0;31.00;113.00;21.00;43.00;3.00;13.00;0;0;3.00;50.00;0;0;0;0;2.00;479.00;1.00;0;0;0;30.01;2437.74;3484.32;0;3368.72;73.61;0;2284.46;0;0;589.68;0;0;39.45;12416.79;47.92;2901.57;0;0;6872.85;364.70;3217.24;0;4260.42;273.54;0;0;0;0;3212.38;133.13;0;1107.57;0;1673.12;0;0;0;7616.15;152.09;29.62;28895.25;9805.12;3966.14;0;1203.57;778.40;0;185.79;563.13;0;0;1902.99;0;1065.74;0;0;0;0;3743.38;0;0;1238.51;113.55;0;43.57;0;136.80;426.34;1451.07;3757.54;1344.97;0;3718.57;0;1265.25;0;30.04;0;2156.10;31416.90;1345.93;0;0;0;0;1354.42;423.66;0;673.74;7943.20;1156.77;831.75;149.34;11959.52;0;0;103.19;2378.80;0;0;0;0;129.42;8721.14;20.54;0;0;0
iltv-miR-I6-5p;0.00;iltv-mir-I6;0.00;0;0;0;0;0;0;0;0;0;0;0;0;0;0;0;0;0;0;0;0;0;0;0;0;0;0;0;0;0;0;0;0;0;0;0;0;0;0;0;0;0;0;0;0;0;0;0;0;0;0;0;0;0;0;0;0;0;0;0;0;0;0;0;0;0;0;0;0;0;0;0;0;0;0;0;0;0;0;0;0;0;0;0;0;0;0;0;0;0;0;0;0;0;0;0;0;0;0;0;0;0;0;0;0;0;0;0;0;0;0;0;0;0;0;0;0;0;0;0;0;0;0;0;0;0;0;0;0;0;0;0;0;0;0;0;0;0;0;0;0;0;0;0;0;0;0;0;0;0;0;0;0;0;0;0;0;0;0;0;0;0;0;0;0;0;0;0;0;0;0;0;0;0;0;0;0;0;0;0;0;0;0;0;0;0;0;0;0;0;0;0;0;0;0;0;0;0;0;0;0;0;0;0;0;0;0;0;0;0;0;0;0;0;0;0;0;0;0
iltv-miR-I6-3p;69.00;iltv-mir-I6;69.00;0;0;1.00;0;0;0;0;0;0;0;0;0;0;0;0;0;0;0;0;0;0;0;0;0;0;0;0;0;0;0;0;0;0;0;0;0;0;0;0;0;0;0;0;0;0;0;0;10.00;0;0;0;0;0;0;1.00;0;0;0;0;0;0;0;0;0;0;0;0;2.00;0;0;0;52.00;0;0;0;0;0;0;0;0;0;0;0;0;0;0;0;0;0;0;0;0;0;0;0;0;0;0;0;0;0;0;0;1.00;2.00;0;0;0;0;0;0;27.22;0;0;0;0;0;0;0;0;0;0;0;0;0;0;0;0;0;0;0;0;0;0;0;0;0;0;0;0;0;0;0;0;0;0;0;0;0;0;0;0;0;0;0;0;651.13;0;0;0;0;0;0;28.05;0;0;0;0;0;0;0;0;0;0;0;0;136.80;0;0;0;1890.22;0;0;0;0;0;0;0;0;0;0;0;0;0;0;0;0;0;0;0;0;0;0;0;0;0;0;0;0;0;0;0;64.71;36.41;0;0;0;0
iltv-miR-I7;947.00;iltv-mir-I7;947.00;0;64.00;82.00;0;0;1.00;0;0;0;0;0;3.00;0;1.00;0;1.00;0;106.00;0;1.00;0;2.00;0;0;0;2.00;0;0;2.00;1.00;1.00;62.00;0;0;26.00;0;119.00;0;16.00;0;0;0;100.00;0;0;61.00;3.00;0;1.00;0;1.00;0;1.00;1.00;12.00;0;0;0;0;0;0;0;37.00;0;1.00;0;0;1.00;0;1.00;0;1.00;28.00;0;0;0;1.00;0;0;0;0;0;0;0;54.00;0;0;0;0;0;45.00;0;42.00;0;0;0;0;0;0;0;0;5.00;52.00;9.00;0;0;0;0;0;0;2400.24;2232.14;0;0;36.81;0;0;0;0;0;312.01;0;39.45;0;47.92;0;2497.47;0;264.34;0;160.86;0;0;0;147.13;0;0;117.15;45.24;33.28;1453.62;0;0;1144.77;0;4850.81;0;1015.49;0;0;0;12256.40;0;0;1707.39;80.52;0;92.89;0;134.28;0;46.41;25.59;336.55;0;0;0;0;0;0;0;1762.49;0;106.07;0;0;68.40;0;53.74;0;36.35;1790.74;0;0;0;45.62;0;0;0;0;0;0;0;1891.42;0;0;0;0;0;3163.22;0;812.41;0;0;0;0;0;0;0;0;209.89;836.00;582.41;0;0;0;0;0
jcv-miR-J1-5p;306.00;jcv-mir-J1;306.00;0;0;10.00;0;0;28.00;0;0;0;0;8.00;0;0;0;0;1.00;0;0;0;0;0;0;0;0;0;85.00;0;0;0;0;14.00;0;0;0;0;0;0;0;18.00;0;0;0;0;18.00;0;0;0;0;0;0;0;0;31.00;0;0;0;0;0;0;0;0;0;0;0;0;0;0;0;0;0;0;0;0;3.00;0;1.00;27.00;0;0;0;0;0;0;0;0;0;1.00;0;0;0;0;0;0;0;0;0;0;0;0;0;0;0;3.00;0;22.00;36.00;0;0;0;0;0;272.21;0;0;1030.59;0;0;0;0;786.24;0;0;0;0;47.92;0;0;0;0;0;0;0;0;0;6253.22;0;0;0;0;465.97;0;0;0;0;0;0;0;1142.42;0;0;0;0;870.62;0;0;0;0;0;0;0;0;1438.85;0;0;0;0;0;0;0;0;0;0;0;0;0;0;0;0;0;0;0;0;98.72;0;20.74;1231.70;0;0;0;0;0;0;0;0;0;48.37;0;0;0;0;0;0;0;0;0;0;0;0;0;0;0;48.23;0;400.55;739.39;0;0;0
jcv-miR-J1-3p;0.00;jcv-mir-J1;0.00;0;0;0;0;0;0;0;0;0;0;0;0;0;0;0;0;0;0;0;0;0;0;0;0;0;0;0;0;0;0;0;0;0;0;0;0;0;0;0;0;0;0;0;0;0;0;0;0;0;0;0;0;0;0;0;0;0;0;0;0;0;0;0;0;0;0;0;0;0;0;0;0;0;0;0;0;0;0;0;0;0;0;0;0;0;0;0;0;0;0;0;0;0;0;0;0;0;0;0;0;0;0;0;0;0;0;0;0;0;0;0;0;0;0;0;0;0;0;0;0;0;0;0;0;0;0;0;0;0;0;0;0;0;0;0;0;0;0;0;0;0;0;0;0;0;0;0;0;0;0;0;0;0;0;0;0;0;0;0;0;0;0;0;0;0;0;0;0;0;0;0;0;0;0;0;0;0;0;0;0;0;0;0;0;0;0;0;0;0;0;0;0;0;0;0;0;0;0;0;0;0;0;0;0;0;0;0;0;0;0;0;0;0;0;0;0;0;0
kshv-miR-K12-2-5p;50.00;kshv-miR-K12-2;50.00;0;0;0;0;0;0;0;0;0;0;0;0;0;0;0;0;0;0;0;0;0;0;0;0;0;0;0;0;0;0;1.00;0;0;0;0;0;0;0;0;0;0;0;0;27.00;0;0;0;0;0;0;0;0;0;0;0;17.00;0;0;0;0;0;0;0;0;0;0;0;0;0;0;0;5.00;0;0;0;0;0;0;0;0;0;0;0;0;0;0;0;0;0;0;0;0;0;0;0;0;0;0;0;0;0;0;0;0;0;0;0;0;0;0;0;0;0;0;0;0;0;0;0;0;0;0;0;0;0;0;0;0;0;0;0;0;0;0;0;0;0;0;0;33.28;0;0;0;0;0;0;0;0;0;0;0;0;1305.93;0;0;0;0;0;0;0;0;0;0;0;1380.54;0;0;0;0;0;0;0;0;0;0;0;0;0;0;0;181.75;0;0;0;0;0;0;0;0;0;0;0;0;0;0;0;0;0;0;0;0;0;0;0;0;0;0;0;0;0;0;0;0;0;0;0;0;0
kshv-miR-K12-2-3p;30.00;kshv-miR-K12-2;30.00;0;0;0;0;0;0;0;0;1.00;0;0;0;0;0;0;0;0;0;0;0;0;0;0;0;0;0;0;0;0;0;0;0;0;0;0;0;0;0;0;0;0;0;0;0;0;0;0;0;0;0;0;0;27.00;0;0;0;0;0;0;0;0;0;0;0;0;0;0;0;0;0;0;1.00;0;0;0;0;0;0;0;0;0;0;0;0;1.00;0;0;0;0;0;0;0;0;0;0;0;0;0;0;0;0;0;0;0;0;0;0;0;0;0;0;0;0;0;0;0;0;48.24;0;0;0;0;0;0;0;0;0;0;0;0;0;0;0;0;0;0;0;0;0;0;0;0;0;0;0;0;0;0;0;0;0;0;0;0;0;0;0;0;0;0;0;1253.19;0;0;0;0;0;0;0;0;0;0;0;0;0;0;0;0;0;0;36.35;0;0;0;0;0;0;0;0;0;0;0;0;35.03;0;0;0;0;0;0;0;0;0;0;0;0;0;0;0;0;0;0;0;0;0;0;0;0
kshv-miR-K12-1-5p;386.00;kshv-mir-K12-1;386.00;0;1.00;0;0;0;0;0;0;0;0;0;0;0;22.00;0;0;0;0;0;0;0;0;0;0;0;0;0;0;0;0;0;0;0;0;18.00;0;0;1.00;0;0;0;0;0;2.00;1.00;0;0;0;0;0;0;0;0;0;0;0;0;0;0;0;0;0;0;0;0;0;13.00;0;0;0;143.00;0;0;108.00;0;0;0;0;0;0;0;0;0;0;46.00;0;30.00;0;0;0;1.00;0;0;0;0;0;0;0;0;0;0;0;0;0;0;0;0;0;0;0;37.50;0;0;0;0;0;0;0;0;0;0;0;867.82;0;0;0;0;0;0;0;0;0;0;0;0;0;0;0;0;0;0;0;0;792.53;0;0;63.55;0;0;0;0;0;96.74;48.68;0;0;0;0;0;0;0;0;0;0;0;0;0;0;0;0;0;0;0;0;0;508.73;0;0;0;4713.41;0;0;3554.03;0;0;0;0;0;0;0;0;0;0;1611.21;0;1451.17;0;0;0;70.29;0;0;0;0;0;0;0;0;0;0;0;0;0;0;0;0;0;0
kshv-miR-K12-1-3p;0.00;kshv-mir-K12-1;0.00;0;0;0;0;0;0;0;0;0;0;0;0;0;0;0;0;0;0;0;0;0;0;0;0;0;0;0;0;0;0;0;0;0;0;0;0;0;0;0;0;0;0;0;0;0;0;0;0;0;0;0;0;0;0;0;0;0;0;0;0;0;0;0;0;0;0;0;0;0;0;0;0;0;0;0;0;0;0;0;0;0;0;0;0;0;0;0;0;0;0;0;0;0;0;0;0;0;0;0;0;0;0;0;0;0;0;0;0;0;0;0;0;0;0;0;0;0;0;0;0;0;0;0;0;0;0;0;0;0;0;0;0;0;0;0;0;0;0;0;0;0;0;0;0;0;0;0;0;0;0;0;0;0;0;0;0;0;0;0;0;0;0;0;0;0;0;0;0;0;0;0;0;0;0;0;0;0;0;0;0;0;0;0;0;0;0;0;0;0;0;0;0;0;0;0;0;0;0;0;0;0;0;0;0;0;0;0;0;0;0;0;0;0;0;0;0;0;0
kshv-miR-K12-10a-5p;130.00;kshv-mir-K12-10a;130.00;11.00;0;0;0;0;0;0;0;0;0;0;0;0;0;0;0;0;0;0;0;0;0;0;0;0;0;0;0;0;0;0;67.00;0;0;0;9.00;0;0;1.00;0;0;24.00;0;0;0;0;0;2.00;0;0;0;0;0;0;2.00;0;1.00;0;0;0;0;0;4.00;0;0;0;3.00;0;0;0;0;0;0;0;0;0;0;0;2.00;0;0;0;0;0;0;0;4.00;0;0;0;0;0;0;0;0;0;0;0;0;0;0;0;0;0;0;0;0;0;0;330.06;0;0;0;0;0;0;0;0;0;0;0;0;0;0;0;0;0;0;0;0;0;0;0;0;0;0;0;0;0;0;1570.85;0;0;0;375.91;0;0;63.47;0;0;1494.58;0;0;0;0;0;130.23;0;0;0;0;0;0;56.09;0;192.86;0;0;0;0;0;190.54;0;0;0;117.40;0;0;0;0;0;0;0;0;0;0;0;134.94;0;0;0;0;0;0;0;193.49;0;0;0;0;0;0;0;0;0;0;0;0;0;0;0;0;0;0;0;0;0;0
kshv-miR-K12-10a-3p;1.00;kshv-mir-K12-10a;1.00;0;0;0;0;0;0;0;0;0;0;0;0;0;0;0;0;0;0;0;0;0;0;0;0;0;0;0;0;0;0;0;0;0;0;0;0;0;0;0;0;0;0;0;0;0;0;0;0;0;0;0;0;0;0;0;0;0;0;0;0;0;0;0;0;0;0;0;0;0;1.00;0;0;0;0;0;0;0;0;0;0;0;0;0;0;0;0;0;0;0;0;0;0;0;0;0;0;0;0;0;0;0;0;0;0;0;0;0;0;0;0;0;0;0;0;0;0;0;0;0;0;0;0;0;0;0;0;0;0;0;0;0;0;0;0;0;0;0;0;0;0;0;0;0;0;0;0;0;0;0;0;0;0;0;0;0;0;0;0;0;0;0;0;0;0;0;0;0;0;0;0;0;0;0;0;0;0;0;0;53.74;0;0;0;0;0;0;0;0;0;0;0;0;0;0;0;0;0;0;0;0;0;0;0;0;0;0;0;0;0;0;0;0;0;0;0;0;0;0;0
kshv-miR-K12-10b;0.00;kshv-mir-K12-10b;0.00;0;0;0;0;0;0;0;0;0;0;0;0;0;0;0;0;0;0;0;0;0;0;0;0;0;0;0;0;0;0;0;0;0;0;0;0;0;0;0;0;0;0;0;0;0;0;0;0;0;0;0;0;0;0;0;0;0;0;0;0;0;0;0;0;0;0;0;0;0;0;0;0;0;0;0;0;0;0;0;0;0;0;0;0;0;0;0;0;0;0;0;0;0;0;0;0;0;0;0;0;0;0;0;0;0;0;0;0;0;0;0;0;0;0;0;0;0;0;0;0;0;0;0;0;0;0;0;0;0;0;0;0;0;0;0;0;0;0;0;0;0;0;0;0;0;0;0;0;0;0;0;0;0;0;0;0;0;0;0;0;0;0;0;0;0;0;0;0;0;0;0;0;0;0;0;0;0;0;0;0;0;0;0;0;0;0;0;0;0;0;0;0;0;0;0;0;0;0;0;0;0;0;0;0;0;0;0;0;0;0;0;0;0;0;0;0;0;0
kshv-miR-K12-11-5p;2.00;kshv-mir-K12-11;2.00;0;0;0;0;0;0;0;0;0;0;0;0;0;0;0;0;0;0;0;0;0;0;0;0;0;0;0;0;0;0;0;0;0;0;0;0;0;0;0;0;0;0;0;0;0;0;0;0;0;0;0;0;0;0;1.00;0;0;0;0;0;0;1.00;0;0;0;0;0;0;0;0;0;0;0;0;0;0;0;0;0;0;0;0;0;0;0;0;0;0;0;0;0;0;0;0;0;0;0;0;0;0;0;0;0;0;0;0;0;0;0;0;0;0;0;0;0;0;0;0;0;0;0;0;0;0;0;0;0;0;0;0;0;0;0;0;0;0;0;0;0;0;0;0;0;0;0;0;0;0;0;0;0;0;0;0;0;0;0;0;0;0;0;0;0;28.05;0;0;0;0;0;0;75.64;0;0;0;0;0;0;0;0;0;0;0;0;0;0;0;0;0;0;0;0;0;0;0;0;0;0;0;0;0;0;0;0;0;0;0;0;0;0;0;0;0;0;0;0;0;0;0
kshv-miR-K12-11-3p;43.00;kshv-mir-K12-11;43.00;0;0;0;0;0;0;0;0;0;0;0;0;0;0;0;0;0;0;0;0;0;0;0;0;0;0;0;0;0;0;0;0;0;1.00;0;0;0;0;0;1.00;0;0;0;1.00;0;0;0;2.00;0;0;0;0;0;0;0;0;0;0;0;0;0;2.00;0;0;0;0;0;0;0;0;0;1.00;32.00;0;0;0;0;0;0;1.00;0;0;0;0;0;0;0;0;0;0;0;1.00;0;0;0;0;0;0;0;0;0;1.00;0;0;0;0;0;0;0;0;0;0;0;0;0;0;0;0;0;0;0;0;0;0;0;0;0;0;0;0;0;0;0;0;0;0;0;0;0;0;0;0;36.37;0;0;0;0;0;152.09;0;0;0;48.37;0;0;0;130.23;0;0;0;0;0;0;0;0;0;0;0;0;0;151.29;0;0;0;0;0;0;0;0;0;36.35;2046.56;0;0;0;0;0;0;39.20;0;0;0;0;0;0;0;0;0;0;0;55.08;0;0;0;0;0;0;0;0;0;41.98;0;0;0;0;0;0;0
kshv-miR-K12-12-5p;0.00;kshv-mir-K12-12;0.00;0;0;0;0;0;0;0;0;0;0;0;0;0;0;0;0;0;0;0;0;0;0;0;0;0;0;0;0;0;0;0;0;0;0;0;0;0;0;0;0;0;0;0;0;0;0;0;0;0;0;0;0;0;0;0;0;0;0;0;0;0;0;0;0;0;0;0;0;0;0;0;0;0;0;0;0;0;0;0;0;0;0;0;0;0;0;0;0;0;0;0;0;0;0;0;0;0;0;0;0;0;0;0;0;0;0;0;0;0;0;0;0;0;0;0;0;0;0;0;0;0;0;0;0;0;0;0;0;0;0;0;0;0;0;0;0;0;0;0;0;0;0;0;0;0;0;0;0;0;0;0;0;0;0;0;0;0;0;0;0;0;0;0;0;0;0;0;0;0;0;0;0;0;0;0;0;0;0;0;0;0;0;0;0;0;0;0;0;0;0;0;0;0;0;0;0;0;0;0;0;0;0;0;0;0;0;0;0;0;0;0;0;0;0;0;0;0;0
kshv-miR-K12-12-3p;2.00;kshv-mir-K12-12;2.00;0;1.00;0;0;0;0;0;0;0;0;0;0;0;0;0;0;0;0;0;0;0;0;0;0;0;0;0;0;0;0;1.00;0;0;0;0;0;0;0;0;0;0;0;0;0;0;0;0;0;0;0;0;0;0;0;0;0;0;0;0;0;0;0;0;0;0;0;0;0;0;0;0;0;0;0;0;0;0;0;0;0;0;0;0;0;0;0;0;0;0;0;0;0;0;0;0;0;0;0;0;0;0;0;0;0;0;0;0;0;0;0;37.50;0;0;0;0;0;0;0;0;0;0;0;0;0;0;0;0;0;0;0;0;0;0;0;0;0;0;0;0;33.28;0;0;0;0;0;0;0;0;0;0;0;0;0;0;0;0;0;0;0;0;0;0;0;0;0;0;0;0;0;0;0;0;0;0;0;0;0;0;0;0;0;0;0;0;0;0;0;0;0;0;0;0;0;0;0;0;0;0;0;0;0;0;0;0;0;0;0;0;0;0;0;0;0;0;0;0;0;0
kshv-miR-K12-3-5p;537.00;kshv-mir-K12-3;537.00;1.00;4.00;7.00;1.00;0;1.00;0;1.00;1.00;0;0;0;1.00;4.00;0;3.00;2.00;1.00;5.00;0;0;27.00;2.00;2.00;3.00;0;0;0;0;0;0;0;0;32.00;0;0;8.00;0;0;0;0;3.00;0;8.00;0;2.00;8.00;0;2.00;0;2.00;1.00;0;0;2.00;0;1.00;0;1.00;0;0;0;1.00;115.00;0;1.00;0;0;3.00;6.00;0;24.00;2.00;0;3.00;10.00;24.00;0;0;4.00;1.00;0;0;0;65.00;0;12.00;0;75.00;0;2.00;1.00;0;0;0;0;0;1.00;12.00;0;0;4.00;0;9.00;4.00;22.00;0;0;0;30.01;150.02;190.55;145.56;0;36.81;0;84.61;48.24;0;0;0;344.71;157.78;0;143.77;74.40;23.56;289.92;0;0;2171.64;373.41;266.28;164.12;0;0;0;0;0;0;0;0;1163.72;0;0;326.10;0;0;0;0;186.82;0;386.94;0;55.98;214.73;0;185.79;0;268.56;65.20;0;0;56.09;0;192.86;0;59.98;0;0;0;47.63;3264.45;0;43.57;0;0;116.27;322.46;0;872.41;127.91;0;77.61;207.42;1094.84;0;0;156.81;157.08;0;0;0;2276.71;0;580.47;0;2833.18;0;140.59;55.08;0;0;0;0;0;34.40;570.91;0;0;167.91;0;582.41;72.83;451.85;0;0;0
kshv-miR-K12-3-3p;0.00;kshv-mir-K12-3;0.00;0;0;0;0;0;0;0;0;0;0;0;0;0;0;0;0;0;0;0;0;0;0;0;0;0;0;0;0;0;0;0;0;0;0;0;0;0;0;0;0;0;0;0;0;0;0;0;0;0;0;0;0;0;0;0;0;0;0;0;0;0;0;0;0;0;0;0;0;0;0;0;0;0;0;0;0;0;0;0;0;0;0;0;0;0;0;0;0;0;0;0;0;0;0;0;0;0;0;0;0;0;0;0;0;0;0;0;0;0;0;0;0;0;0;0;0;0;0;0;0;0;0;0;0;0;0;0;0;0;0;0;0;0;0;0;0;0;0;0;0;0;0;0;0;0;0;0;0;0;0;0;0;0;0;0;0;0;0;0;0;0;0;0;0;0;0;0;0;0;0;0;0;0;0;0;0;0;0;0;0;0;0;0;0;0;0;0;0;0;0;0;0;0;0;0;0;0;0;0;0;0;0;0;0;0;0;0;0;0;0;0;0;0;0;0;0;0;0
kshv-miR-K12-4-5p;2.00;kshv-mir-K12-4;2.00;0;0;0;0;0;0;0;0;0;0;0;0;0;0;0;0;0;0;0;0;0;0;0;0;0;2.00;0;0;0;0;0;0;0;0;0;0;0;0;0;0;0;0;0;0;0;0;0;0;0;0;0;0;0;0;0;0;0;0;0;0;0;0;0;0;0;0;0;0;0;0;0;0;0;0;0;0;0;0;0;0;0;0;0;0;0;0;0;0;0;0;0;0;0;0;0;0;0;0;0;0;0;0;0;0;0;0;0;0;0;0;0;0;0;0;0;0;0;0;0;0;0;0;0;0;0;0;0;0;0;0;0;0;0;0;147.13;0;0;0;0;0;0;0;0;0;0;0;0;0;0;0;0;0;0;0;0;0;0;0;0;0;0;0;0;0;0;0;0;0;0;0;0;0;0;0;0;0;0;0;0;0;0;0;0;0;0;0;0;0;0;0;0;0;0;0;0;0;0;0;0;0;0;0;0;0;0;0;0;0;0;0;0;0;0;0;0;0;0;0
kshv-miR-K12-4-3p;30.00;kshv-mir-K12-4;30.00;0;0;0;0;0;0;0;0;0;0;0;21.00;0;0;0;0;0;0;0;0;0;0;0;0;0;0;0;1.00;0;0;0;0;0;0;0;0;0;0;0;0;0;4.00;0;0;0;0;0;0;0;0;0;0;0;0;0;0;0;0;0;0;0;0;0;0;0;0;0;0;0;0;0;0;0;0;1.00;0;0;0;0;0;0;0;0;0;3.00;0;0;0;0;0;0;0;0;0;0;0;0;0;0;0;0;0;0;0;0;0;0;0;0;0;0;0;0;0;0;0;0;0;0;0;2184.09;0;0;0;0;0;0;0;0;0;0;0;0;0;0;0;133.44;0;0;0;0;0;0;0;0;0;0;0;0;0;249.10;0;0;0;0;0;0;0;0;0;0;0;0;0;0;0;0;0;0;0;0;0;0;0;0;0;0;0;0;0;0;0;0;25.87;0;0;0;0;0;0;0;0;0;105.08;0;0;0;0;0;0;0;0;0;0;0;0;0;0;0;0;0;0;0;0;0;0;0;0
kshv-miR-K12-5-5p;4.00;kshv-mir-K12-5;4.00;0;0;0;0;0;0;0;0;0;0;0;0;0;0;0;0;0;0;0;0;0;0;0;0;0;0;0;0;0;0;0;0;0;0;0;0;0;0;0;0;0;0;0;0;0;0;0;0;0;0;0;2.00;0;0;0;0;0;0;0;0;0;0;0;0;0;0;0;0;0;0;0;2.00;0;0;0;0;0;0;0;0;0;0;0;0;0;0;0;0;0;0;0;0;0;0;0;0;0;0;0;0;0;0;0;0;0;0;0;0;0;0;0;0;0;0;0;0;0;0;0;0;0;0;0;0;0;0;0;0;0;0;0;0;0;0;0;0;0;0;0;0;0;0;0;0;0;0;0;0;0;0;0;0;0;0;0;0;0;0;0;0;130.40;0;0;0;0;0;0;0;0;0;0;0;0;0;0;0;0;0;0;0;72.70;0;0;0;0;0;0;0;0;0;0;0;0;0;0;0;0;0;0;0;0;0;0;0;0;0;0;0;0;0;0;0;0;0;0;0;0;0
kshv-miR-K12-5-3p;734.00;kshv-mir-K12-5;734.00;0;108.00;0;0;0;30.00;0;0;0;0;0;2.00;0;0;0;0;0;0;0;1.00;0;0;0;0;0;0;0;1.00;5.00;0;0;0;12.00;0;0;0;53.00;0;40.00;0;0;0;0;0;0;0;0;0;0;0;0;0;1.00;81.00;64.00;0;0;0;0;0;0;0;0;131.00;0;0;0;22.00;0;0;0;51.00;0;0;0;3.00;0;0;0;0;1.00;1.00;0;0;1.00;0;9.00;0;0;0;0;0;0;0;0;64.00;0;0;27.00;0;0;0;0;0;26.00;0;0;0;0;0;4050.41;0;0;0;1104.20;0;0;0;0;0;208.01;0;0;0;0;0;0;0;264.34;0;0;0;0;0;0;0;133.44;292.88;0;0;0;830.68;0;0;0;2160.44;0;2538.72;0;0;0;0;0;0;0;0;0;0;0;0;0;46.41;2072.51;1794.93;0;0;0;0;0;0;0;0;3718.63;0;0;0;1504.79;0;0;0;1853.87;0;0;0;62.23;0;0;0;0;157.08;23.61;0;0;35.03;0;435.35;0;0;0;0;0;0;0;0;4967.02;0;0;1284.55;0;0;0;0;0;473.38;0;0;0;0
kshv-miR-K12-6-5p;2.00;kshv-mir-K12-6;2.00;0;0;0;0;0;0;0;0;0;0;0;0;0;0;0;0;0;0;0;0;0;0;0;0;0;0;0;0;0;0;0;0;0;0;0;0;0;0;0;0;0;0;0;0;0;0;0;0;0;0;0;0;0;0;0;0;0;0;0;0;0;0;0;0;0;0;0;0;0;0;0;0;0;0;0;0;0;0;0;0;0;0;0;0;0;0;2.00;0;0;0;0;0;0;0;0;0;0;0;0;0;0;0;0;0;0;0;0;0;0;0;0;0;0;0;0;0;0;0;0;0;0;0;0;0;0;0;0;0;0;0;0;0;0;0;0;0;0;0;0;0;0;0;0;0;0;0;0;0;0;0;0;0;0;0;0;0;0;0;0;0;0;0;0;0;0;0;0;0;0;0;0;0;0;0;0;0;0;0;0;0;0;0;0;0;0;0;0;0;0;0;0;0;0;0;0;96.74;0;0;0;0;0;0;0;0;0;0;0;0;0;0;0;0;0;0;0;0;0;0
kshv-miR-K12-6-3p;22.00;kshv-mir-K12-6;22.00;0;3.00;0;0;0;0;0;1.00;0;0;0;0;0;0;0;0;0;0;0;0;0;0;0;0;1.00;0;0;0;0;0;0;1.00;0;0;0;0;0;0;0;1.00;0;0;0;0;0;0;0;0;0;0;0;0;0;0;0;0;0;0;0;0;0;0;0;0;0;0;0;0;0;11.00;0;0;0;0;0;0;0;0;0;0;0;0;0;0;0;0;0;0;0;0;0;0;0;0;0;0;0;0;0;0;0;1.00;0;0;3.00;0;0;0;0;0;112.51;0;0;0;0;0;84.61;0;0;0;0;0;0;0;0;0;0;0;0;0;0;0;0;54.71;0;0;0;0;0;0;23.45;0;0;0;0;0;0;0;152.09;0;0;0;0;0;0;0;0;0;0;0;0;0;0;0;0;0;0;0;0;0;0;0;0;0;0;0;0;0;591.18;0;0;0;0;0;0;0;0;0;0;0;0;0;0;0;0;0;0;0;0;0;0;0;0;0;0;0;0;0;0;0;41.98;0;0;54.62;0;0;0;0
kshv-miR-K12-7-5p;23.00;kshv-mir-K12-7;23.00;0;0;0;0;0;0;0;0;0;0;0;0;0;0;0;0;0;1.00;0;0;0;0;0;0;0;0;0;0;0;0;0;0;0;0;0;0;0;0;0;0;0;0;0;0;0;0;0;0;0;0;0;4.00;0;0;0;0;0;0;0;0;0;0;8.00;0;0;0;0;0;0;0;0;0;0;0;0;0;0;0;0;7.00;0;0;0;0;0;0;0;0;0;0;0;0;0;0;0;0;0;0;0;0;0;0;0;0;3.00;0;0;0;0;0;0;0;0;0;0;0;0;0;0;0;0;0;0;0;0;0;23.56;0;0;0;0;0;0;0;0;0;0;0;0;0;0;0;0;0;0;0;0;0;0;0;0;0;0;0;0;0;0;0;0;0;260.79;0;0;0;0;0;0;0;0;0;0;381.08;0;0;0;0;0;0;0;0;0;0;0;0;0;0;0;0;274.41;0;0;0;0;0;0;0;0;0;0;0;0;0;0;0;0;0;0;0;0;0;0;0;0;54.62;0;0;0;0
kshv-miR-K12-7-3p;9.00;kshv-mir-K12-7;9.00;0;0;0;0;0;0;0;0;0;0;0;0;0;0;0;0;0;0;0;0;0;0;0;0;0;0;0;0;0;0;0;0;0;0;0;0;0;0;0;0;0;0;0;0;0;0;0;0;0;0;0;0;0;0;0;0;0;0;0;0;0;0;0;0;0;0;0;0;0;0;0;0;0;0;0;0;0;0;0;0;0;0;0;0;0;0;9.00;0;0;0;0;0;0;0;0;0;0;0;0;0;0;0;0;0;0;0;0;0;0;0;0;0;0;0;0;0;0;0;0;0;0;0;0;0;0;0;0;0;0;0;0;0;0;0;0;0;0;0;0;0;0;0;0;0;0;0;0;0;0;0;0;0;0;0;0;0;0;0;0;0;0;0;0;0;0;0;0;0;0;0;0;0;0;0;0;0;0;0;0;0;0;0;0;0;0;0;0;0;0;0;0;0;0;0;0;435.35;0;0;0;0;0;0;0;0;0;0;0;0;0;0;0;0;0;0;0;0;0;0
kshv-miR-K12-8-5p;0.00;kshv-mir-K12-8;0.00;0;0;0;0;0;0;0;0;0;0;0;0;0;0;0;0;0;0;0;0;0;0;0;0;0;0;0;0;0;0;0;0;0;0;0;0;0;0;0;0;0;0;0;0;0;0;0;0;0;0;0;0;0;0;0;0;0;0;0;0;0;0;0;0;0;0;0;0;0;0;0;0;0;0;0;0;0;0;0;0;0;0;0;0;0;0;0;0;0;0;0;0;0;0;0;0;0;0;0;0;0;0;0;0;0;0;0;0;0;0;0;0;0;0;0;0;0;0;0;0;0;0;0;0;0;0;0;0;0;0;0;0;0;0;0;0;0;0;0;0;0;0;0;0;0;0;0;0;0;0;0;0;0;0;0;0;0;0;0;0;0;0;0;0;0;0;0;0;0;0;0;0;0;0;0;0;0;0;0;0;0;0;0;0;0;0;0;0;0;0;0;0;0;0;0;0;0;0;0;0;0;0;0;0;0;0;0;0;0;0;0;0;0;0;0;0;0;0
kshv-miR-K12-8-3p;23.00;kshv-mir-K12-8;23.00;0;0;0;0;0;0;0;0;0;0;0;0;0;0;0;1.00;0;0;0;0;0;0;0;0;0;0;0;0;0;0;0;0;0;0;0;0;0;0;0;0;0;0;0;0;0;0;0;0;0;0;0;0;0;0;0;0;1.00;0;0;0;0;0;0;0;0;0;0;0;0;0;0;0;0;0;0;0;0;0;0;0;0;0;0;0;0;0;0;0;0;0;0;0;0;0;0;0;0;0;0;0;0;0;21.00;0;0;0;0;0;0;0;0;0;0;0;0;0;0;0;0;0;0;0;0;0;47.92;0;0;0;0;0;0;0;0;0;0;0;0;0;0;0;0;0;0;0;0;0;0;0;0;0;0;0;0;0;0;0;0;0;0;0;0;0;0;0;0;192.86;0;0;0;0;0;0;0;0;0;0;0;0;0;0;0;0;0;0;0;0;0;0;0;0;0;0;0;0;0;0;0;0;0;0;0;0;0;0;0;0;0;0;0;0;0;337.62;0;0;0;0;0;0
kshv-miR-K12-9-5p;15.00;kshv-mir-K12-9;15.00;0;0;0;0;0;0;0;0;0;0;0;0;0;0;0;0;0;0;0;0;0;0;0;0;0;0;0;0;0;0;0;0;0;0;0;0;0;0;0;0;0;0;0;0;0;0;14.00;0;0;0;0;0;0;0;0;0;0;0;0;0;0;0;0;0;0;0;0;0;0;0;0;0;0;0;0;0;0;0;0;0;0;0;0;0;0;0;0;0;0;0;0;0;0;0;0;0;0;0;1.00;0;0;0;0;0;0;0;0;0;0;0;0;0;0;0;0;0;0;0;0;0;0;0;0;0;0;0;0;0;0;0;0;0;0;0;0;0;0;0;0;0;0;0;0;0;0;0;0;0;0;0;0;0;0;0;0;375.78;0;0;0;0;0;0;0;0;0;0;0;0;0;0;0;0;0;0;0;0;0;0;0;0;0;0;0;0;0;0;0;0;0;0;0;0;0;0;0;0;0;0;0;0;0;0;0;0;0;0;0;47.58;0;0;0;0;0;0;0;0;0;0
kshv-miR-K12-9-3p;0.00;kshv-mir-K12-9;0.00;0;0;0;0;0;0;0;0;0;0;0;0;0;0;0;0;0;0;0;0;0;0;0;0;0;0;0;0;0;0;0;0;0;0;0;0;0;0;0;0;0;0;0;0;0;0;0;0;0;0;0;0;0;0;0;0;0;0;0;0;0;0;0;0;0;0;0;0;0;0;0;0;0;0;0;0;0;0;0;0;0;0;0;0;0;0;0;0;0;0;0;0;0;0;0;0;0;0;0;0;0;0;0;0;0;0;0;0;0;0;0;0;0;0;0;0;0;0;0;0;0;0;0;0;0;0;0;0;0;0;0;0;0;0;0;0;0;0;0;0;0;0;0;0;0;0;0;0;0;0;0;0;0;0;0;0;0;0;0;0;0;0;0;0;0;0;0;0;0;0;0;0;0;0;0;0;0;0;0;0;0;0;0;0;0;0;0;0;0;0;0;0;0;0;0;0;0;0;0;0;0;0;0;0;0;0;0;0;0;0;0;0;0;0;0;0;0;0
mcmv-miR-M23-1-5p;67.00;mcmv-mir-M23-1;67.00;0;0;0;0;0;0;0;0;0;0;0;0;0;6.00;0;0;3.00;0;0;0;0;0;0;0;0;3.00;0;0;0;0;0;8.00;0;0;0;0;0;0;0;0;0;0;0;0;1.00;0;0;0;0;0;0;1.00;0;10.00;0;0;0;0;0;0;0;0;0;0;0;0;1.00;0;16.00;12.00;0;3.00;0;0;0;1.00;0;0;0;0;1.00;1.00;0;0;0;0;0;0;0;0;0;0;0;0;0;0;0;0;0;0;0;0;0;0;0;0;0;0;0;0;0;0;0;0;0;0;0;0;0;0;0;0;236.68;0;0;111.60;0;0;0;0;0;0;0;0;220.70;0;0;0;0;0;187.56;0;0;0;0;0;0;0;0;0;0;0;0;48.68;0;0;0;0;0;0;65.20;0;255.87;0;0;0;0;0;0;0;0;0;0;0;0;39.13;0;620.13;644.92;0;109.05;0;0;0;20.74;0;0;0;0;157.08;23.61;0;0;0;0;0;0;0;0;0;0;0;0;0;0;0;0;0;0;0;0;0;0;0;0;0;0;0
mcmv-miR-M23-1-3p;35.00;mcmv-mir-M23-1;35.00;0;0;0;0;0;0;0;0;0;0;0;0;0;0;0;0;0;0;0;0;0;0;0;0;0;0;0;0;0;0;0;0;0;0;0;0;0;0;0;0;0;0;0;0;0;0;0;0;0;0;0;0;0;0;0;0;0;0;0;0;0;0;0;0;0;0;0;0;0;0;0;0;0;0;0;1.00;0;0;0;0;0;0;0;0;0;0;0;0;0;0;0;0;0;0;0;0;0;0;0;0;0;0;0;0;34.00;0;0;0;0;0;0;0;0;0;0;0;0;0;0;0;0;0;0;0;0;0;0;0;0;0;0;0;0;0;0;0;0;0;0;0;0;0;0;0;0;0;0;0;0;0;0;0;0;0;0;0;0;0;0;0;0;0;0;0;0;0;0;0;0;0;0;0;0;0;0;0;0;0;0;0;0;0;0;0;20.74;0;0;0;0;0;0;0;0;0;0;0;0;0;0;0;0;0;0;0;0;0;0;0;0;0;0;0;0;619.04;0;0;0;0
mcmv-miR-M23-2-5p;7.00;mcmv-mir-M23-2;7.00;0;0;0;0;0;0;0;0;0;4.00;0;0;0;0;0;0;0;0;0;0;0;0;0;2.00;0;0;0;0;0;0;0;0;0;0;0;1.00;0;0;0;0;0;0;0;0;0;0;0;0;0;0;0;0;0;0;0;0;0;0;0;0;0;0;0;0;0;0;0;0;0;0;0;0;0;0;0;0;0;0;0;0;0;0;0;0;0;0;0;0;0;0;0;0;0;0;0;0;0;0;0;0;0;0;0;0;0;0;0;0;0;0;0;0;0;0;0;0;0;0;104.90;0;0;0;0;0;0;0;0;0;0;0;0;0;266.28;0;0;0;0;0;0;0;0;0;0;0;41.77;0;0;0;0;0;0;0;0;0;0;0;0;0;0;0;0;0;0;0;0;0;0;0;0;0;0;0;0;0;0;0;0;0;0;0;0;0;0;0;0;0;0;0;0;0;0;0;0;0;0;0;0;0;0;0;0;0;0;0;0;0;0;0;0;0;0;0;0;0;0;0;0;0
mcmv-miR-M23-2-3p;2.00;mcmv-mir-M23-2;2.00;0;0;0;0;0;0;0;0;0;0;0;0;0;0;0;0;0;0;0;1.00;0;0;0;0;0;0;0;0;0;0;0;0;0;0;0;0;0;0;0;0;0;0;0;0;0;0;0;0;0;0;0;0;0;0;0;0;0;0;0;0;0;0;0;0;0;0;0;0;0;0;0;0;0;0;0;0;0;0;0;0;0;0;0;0;0;0;0;1.00;0;0;0;0;0;0;0;0;0;0;0;0;0;0;0;0;0;0;0;0;0;0;0;0;0;0;0;0;0;0;0;0;0;0;0;0;0;0;0;0;264.34;0;0;0;0;0;0;0;0;0;0;0;0;0;0;0;0;0;0;0;0;0;0;0;0;0;0;0;0;0;0;0;0;0;0;0;0;0;0;0;0;0;0;0;0;0;0;0;0;0;0;0;0;0;0;0;0;0;0;0;0;0;0;0;0;0;0;0;28.24;0;0;0;0;0;0;0;0;0;0;0;0;0;0;0;0;0;0;0;0;0
mcmv-miR-M44-1;0.00;mcmv-mir-M44-1;0.00;0;0;0;0;0;0;0;0;0;0;0;0;0;0;0;0;0;0;0;0;0;0;0;0;0;0;0;0;0;0;0;0;0;0;0;0;0;0;0;0;0;0;0;0;0;0;0;0;0;0;0;0;0;0;0;0;0;0;0;0;0;0;0;0;0;0;0;0;0;0;0;0;0;0;0;0;0;0;0;0;0;0;0;0;0;0;0;0;0;0;0;0;0;0;0;0;0;0;0;0;0;0;0;0;0;0;0;0;0;0;0;0;0;0;0;0;0;0;0;0;0;0;0;0;0;0;0;0;0;0;0;0;0;0;0;0;0;0;0;0;0;0;0;0;0;0;0;0;0;0;0;0;0;0;0;0;0;0;0;0;0;0;0;0;0;0;0;0;0;0;0;0;0;0;0;0;0;0;0;0;0;0;0;0;0;0;0;0;0;0;0;0;0;0;0;0;0;0;0;0;0;0;0;0;0;0;0;0;0;0;0;0;0;0;0;0;0;0
mcmv-miR-M55-1;1.00;mcmv-mir-M55-1;1.00;0;0;0;0;0;0;0;0;0;0;0;0;0;0;0;0;0;0;0;0;0;0;0;0;0;0;0;0;0;0;0;0;0;0;0;0;0;0;0;0;0;0;0;0;0;0;0;0;0;0;0;0;0;0;0;0;0;0;0;0;0;0;0;0;0;0;0;0;0;0;0;0;0;0;0;0;0;0;0;0;0;0;0;0;0;0;0;0;0;0;0;0;0;0;0;0;0;0;0;0;0;0;1.00;0;0;0;0;0;0;0;0;0;0;0;0;0;0;0;0;0;0;0;0;0;0;0;0;0;0;0;0;0;0;0;0;0;0;0;0;0;0;0;0;0;0;0;0;0;0;0;0;0;0;0;0;0;0;0;0;0;0;0;0;0;0;0;0;0;0;0;0;0;0;0;0;0;0;0;0;0;0;0;0;0;0;0;0;0;0;0;0;0;0;0;0;0;0;0;0;0;0;0;0;0;0;0;0;0;0;0;0;16.08;0;0;0;0;0;0
mcmv-miR-M87-1;281.00;mcmv-mir-M87-1;281.00;0;1.00;0;1.00;0;0;0;0;0;0;0;4.00;0;3.00;0;0;0;0;0;0;0;0;0;0;0;0;0;0;0;0;8.00;73.00;0;2.00;0;0;0;0;0;0;0;0;1.00;17.00;0;1.00;1.00;0;0;0;0;0;0;0;2.00;0;0;0;0;0;0;0;1.00;112.00;0;0;1.00;0;1.00;0;0;0;0;0;0;1.00;0;1.00;0;0;0;2.00;0;0;3.00;0;3.00;0;0;0;32.00;0;0;0;0;0;6.00;0;1.00;0;0;0;2.00;1.00;0;0;0;0;0;0;37.50;0;145.56;0;0;0;0;0;0;0;416.02;0;118.34;0;0;0;0;0;0;0;0;0;0;0;0;0;0;0;0;266.27;1711.53;0;72.73;0;0;0;0;0;0;0;0;122.56;822.25;0;27.99;26.84;0;0;0;0;0;0;0;56.09;0;0;0;0;0;0;0;47.63;3179.29;0;0;39.13;0;38.76;0;0;0;0;0;0;20.74;0;30.04;0;0;0;47.23;0;0;105.08;0;145.12;0;0;0;2249.40;0;0;0;0;0;491.04;0;47.58;0;0;0;32.15;64.71;0;0;0;0;0
mcmv-miR-M95-1-5p;175.00;mcmv-mir-M95-1;175.00;0;0;0;0;0;0;0;36.00;0;1.00;0;0;0;0;0;0;0;0;0;0;0;0;0;0;0;0;0;0;0;0;1.00;0;0;0;1.00;0;0;0;0;0;0;0;0;18.00;0;0;0;1.00;0;0;2.00;0;0;0;1.00;0;0;0;0;0;0;0;0;0;0;0;0;0;0;0;0;69.00;0;0;0;0;1.00;0;0;7.00;0;7.00;0;0;0;0;9.00;0;4.00;0;0;0;2.00;0;2.00;0;0;0;0;0;0;0;2.00;0;0;3.00;8.00;0;0;0;0;0;0;0;0;0;3045.94;0;26.22;0;0;0;0;0;0;0;0;0;0;0;0;0;0;0;0;0;0;0;0;33.28;0;0;0;44.03;0;0;0;0;0;0;0;0;870.62;0;0;0;65.11;0;0;268.56;0;0;0;28.05;0;0;0;0;0;0;0;0;0;0;0;0;0;0;0;0;2508.18;0;0;0;0;45.62;0;0;274.41;0;165.29;0;0;0;0;435.35;0;151.10;0;0;0;38.69;0;1839.93;0;0;0;0;0;0;0;32.15;0;0;61.62;861.60;0;0
mcmv-miR-M95-1-3p;263.00;mcmv-mir-M95-1;263.00;0;0;0;0;0;0;0;0;0;0;0;42.00;0;0;0;0;1.00;0;0;1.00;0;0;0;0;0;1.00;0;0;0;0;0;0;0;0;0;0;0;0;0;0;0;0;0;0;0;0;0;0;206.00;0;0;0;0;2.00;0;0;0;0;0;0;0;0;0;0;0;0;0;0;0;0;0;0;0;0;0;1.00;0;0;0;0;0;0;1.00;0;0;0;0;0;0;0;0;0;0;0;1.00;0;0;0;0;0;0;0;3.00;0;4.00;0;0;0;0;0;0;0;0;0;0;0;0;0;0;0;4368.17;0;0;0;0;37.20;0;0;264.34;0;0;0;0;0;73.57;0;0;0;0;0;0;0;0;0;0;0;0;0;0;0;0;0;0;0;0;0;0;19136.09;0;0;0;0;51.17;0;0;0;0;0;0;0;0;0;0;0;0;0;0;0;0;0;0;0;0;0;20.74;0;0;0;0;0;0;35.70;0;0;0;0;0;0;0;0;0;0;0;919.96;0;0;0;0;0;0;0;48.23;0;72.83;0;0;0;0
mcmv-miR-m01-1;45.00;mcmv-mir-m01-1;45.00;0;0;0;0;0;0;0;0;0;0;0;0;0;0;0;0;0;0;0;0;0;0;0;0;0;0;0;0;0;0;0;0;0;0;0;0;1.00;0;0;0;0;0;0;0;0;0;11.00;0;0;0;0;0;0;0;31.00;0;0;0;0;0;0;0;0;0;0;0;0;0;0;0;0;0;0;0;0;0;0;0;0;0;0;0;0;0;0;0;0;0;0;0;0;0;0;0;1.00;0;0;0;0;0;0;0;1.00;0;0;0;0;0;0;0;0;0;0;0;0;0;0;0;0;0;0;0;0;0;0;0;0;0;0;0;0;0;0;0;0;0;0;0;0;0;0;0;0;0;0;40.76;0;0;0;0;0;0;0;0;0;295.25;0;0;0;0;0;0;0;869.42;0;0;0;0;0;0;0;0;0;0;0;0;0;0;0;0;0;0;0;0;0;0;0;0;0;0;0;0;0;0;0;0;0;0;0;0;0;0;0;919.96;0;0;0;0;0;0;0;16.08;0;0;0;0;0;0
mcmv-miR-m01-2-5p;394.00;mcmv-mir-m01-2;394.00;0;0;4.00;0;0;0;0;0;0;0;0;0;0;0;0;0;0;0;0;1.00;1.00;34.00;0;0;0;0;0;0;0;0;0;0;0;0;0;1.00;0;0;0;0;0;0;0;20.00;1.00;9.00;1.00;0;0;0;23.00;0;2.00;0;1.00;0;0;0;0;0;0;0;0;0;0;0;0;0;0;0;0;96.00;0;0;0;59.00;21.00;0;0;3.00;0;82.00;0;0;0;0;7.00;1.00;0;0;0;0;0;0;0;0;0;0;0;0;6.00;0;0;0;21.00;0;0;0;0;0;0;108.89;0;0;0;0;0;0;0;0;0;0;0;0;0;0;0;0;264.34;121.57;2734.66;0;0;0;0;0;0;0;0;0;0;0;0;0;41.77;0;0;0;0;0;0;0;967.35;48.68;251.91;26.84;0;0;0;3088.49;0;92.83;0;28.05;0;0;0;0;0;0;0;0;0;0;0;0;0;0;0;0;3489.64;0;0;0;1223.76;957.99;0;0;117.61;0;1936.25;0;0;0;0;338.61;28.24;0;0;0;0;0;0;0;0;0;0;0;0;2071.11;0;0;0;382.35;0;0;0;0
mcmv-miR-m01-2-3p;1.00;mcmv-mir-m01-2;1.00;0;0;0;0;0;0;1.00;0;0;0;0;0;0;0;0;0;0;0;0;0;0;0;0;0;0;0;0;0;0;0;0;0;0;0;0;0;0;0;0;0;0;0;0;0;0;0;0;0;0;0;0;0;0;0;0;0;0;0;0;0;0;0;0;0;0;0;0;0;0;0;0;0;0;0;0;0;0;0;0;0;0;0;0;0;0;0;0;0;0;0;0;0;0;0;0;0;0;0;0;0;0;0;0;0;0;0;0;0;0;0;0;0;0;0;0;91.56;0;0;0;0;0;0;0;0;0;0;0;0;0;0;0;0;0;0;0;0;0;0;0;0;0;0;0;0;0;0;0;0;0;0;0;0;0;0;0;0;0;0;0;0;0;0;0;0;0;0;0;0;0;0;0;0;0;0;0;0;0;0;0;0;0;0;0;0;0;0;0;0;0;0;0;0;0;0;0;0;0;0;0;0;0;0;0;0;0;0;0;0;0;0;0;0;0;0;0;0;0;0
mcmv-miR-m01-3-5p;174.00;mcmv-mir-m01-3;174.00;0;0;0;0;0;0;0;0;0;0;0;0;0;0;0;0;0;1.00;0;0;0;0;0;0;0;0;0;0;0;34.00;0;0;0;0;0;0;0;0;0;0;0;0;0;0;0;0;0;0;0;0;0;0;0;0;0;0;0;0;0;0;0;0;46.00;0;0;40.00;0;0;0;0;0;0;0;0;0;48.00;0;0;0;0;0;0;2.00;0;0;0;0;1.00;0;0;0;0;0;0;0;0;0;0;0;0;0;0;0;0;2.00;0;0;0;0;0;0;0;0;0;0;0;0;0;0;0;0;0;0;0;0;0;23.56;0;0;0;0;0;0;0;0;0;0;0;1538.32;0;0;0;0;0;0;0;0;0;0;0;0;0;0;0;0;0;0;0;0;0;0;0;0;0;0;0;0;0;0;0;0;2191.21;0;0;1743.00;0;0;0;0;0;0;0;0;0;995.60;0;0;0;0;0;0;71.39;0;0;0;0;28.24;0;0;0;0;0;0;0;0;0;0;0;0;0;0;0;0;36.41;0;0;0;0
mcmv-miR-m01-3-3p;0.00;mcmv-mir-m01-3;0.00;0;0;0;0;0;0;0;0;0;0;0;0;0;0;0;0;0;0;0;0;0;0;0;0;0;0;0;0;0;0;0;0;0;0;0;0;0;0;0;0;0;0;0;0;0;0;0;0;0;0;0;0;0;0;0;0;0;0;0;0;0;0;0;0;0;0;0;0;0;0;0;0;0;0;0;0;0;0;0;0;0;0;0;0;0;0;0;0;0;0;0;0;0;0;0;0;0;0;0;0;0;0;0;0;0;0;0;0;0;0;0;0;0;0;0;0;0;0;0;0;0;0;0;0;0;0;0;0;0;0;0;0;0;0;0;0;0;0;0;0;0;0;0;0;0;0;0;0;0;0;0;0;0;0;0;0;0;0;0;0;0;0;0;0;0;0;0;0;0;0;0;0;0;0;0;0;0;0;0;0;0;0;0;0;0;0;0;0;0;0;0;0;0;0;0;0;0;0;0;0;0;0;0;0;0;0;0;0;0;0;0;0;0;0;0;0;0;0
mcmv-miR-m01-4-5p;231.00;mcmv-mir-m01-4;231.00;0;0;0;5.00;0;0;0;0;0;0;0;0;0;1.00;0;0;0;0;0;0;0;1.00;0;0;0;0;0;11.00;0;0;0;0;0;0;0;0;0;0;0;0;0;0;0;0;0;0;0;0;0;0;0;8.00;0;0;0;0;11.00;0;0;0;0;0;0;0;98.00;0;0;0;0;0;0;0;0;0;0;0;26.00;0;0;0;0;0;0;0;1.00;0;0;0;0;0;0;32.00;0;0;0;0;0;0;0;0;1.00;0;0;0;0;36.00;0;0;0;0;0;0;727.80;0;0;0;0;0;0;0;0;0;39.45;0;0;0;0;0;0;0;80.43;0;0;0;0;0;1467.84;0;0;0;0;0;0;0;0;0;0;0;0;0;0;0;0;0;0;0;0;0;0;0;521.58;0;0;0;0;2121.50;0;0;0;0;0;0;0;10394.57;0;0;0;0;0;0;0;0;0;0;0;1186.08;0;0;0;0;0;0;0;35.03;0;0;0;0;0;0;1762.70;0;0;0;0;0;0;0;0;345.18;0;0;0;0;739.39;0;0;0
mcmv-miR-m01-4-3p;1.00;mcmv-mir-m01-4;1.00;0;0;0;0;0;0;0;0;0;0;0;0;0;0;0;0;0;0;0;0;0;0;0;0;0;0;0;0;0;0;0;1.00;0;0;0;0;0;0;0;0;0;0;0;0;0;0;0;0;0;0;0;0;0;0;0;0;0;0;0;0;0;0;0;0;0;0;0;0;0;0;0;0;0;0;0;0;0;0;0;0;0;0;0;0;0;0;0;0;0;0;0;0;0;0;0;0;0;0;0;0;0;0;0;0;0;0;0;0;0;0;0;0;0;0;0;0;0;0;0;0;0;0;0;0;0;0;0;0;0;0;0;0;0;0;0;0;0;0;0;0;23.45;0;0;0;0;0;0;0;0;0;0;0;0;0;0;0;0;0;0;0;0;0;0;0;0;0;0;0;0;0;0;0;0;0;0;0;0;0;0;0;0;0;0;0;0;0;0;0;0;0;0;0;0;0;0;0;0;0;0;0;0;0;0;0;0;0;0;0;0;0;0;0;0;0;0;0;0;0
mcmv-miR-m107-1-5p;98.00;mcmv-mir-m107-1;98.00;0;0;0;0;0;0;0;0;0;0;15.00;0;0;3.00;0;0;0;4.00;0;0;0;0;0;0;0;0;0;0;0;0;62.00;0;0;0;0;0;0;0;0;0;0;0;0;0;0;0;0;0;0;0;0;6.00;0;0;0;0;0;0;0;0;0;0;0;0;0;0;0;0;0;0;0;0;0;0;0;1.00;0;0;0;0;0;0;0;0;7.00;0;0;0;0;0;0;0;0;0;0;0;0;0;0;0;0;0;0;0;0;0;0;0;0;0;0;0;0;0;0;0;0;0;0;1474.20;0;0;118.34;0;0;0;94.24;0;0;0;0;0;0;0;0;0;0;0;0;2063.57;0;0;0;0;0;0;0;0;0;0;0;0;0;0;0;0;0;0;0;0;391.19;0;0;0;0;0;0;0;0;0;0;0;0;0;0;0;0;0;0;0;0;0;0;0;20.74;0;0;0;0;0;0;0;0;245.18;0;0;0;0;0;0;0;0;0;0;0;0;0;0;0;0;0;0;0;0;0;0;0;0
mcmv-miR-m107-1-3p;8.00;mcmv-mir-m107-1;8.00;0;0;0;0;0;0;0;0;0;0;0;0;0;0;0;0;0;0;0;0;0;0;0;0;0;0;0;0;0;0;0;0;0;0;0;0;1.00;0;0;0;0;0;0;0;0;0;0;0;0;0;0;0;0;0;0;0;0;0;0;0;0;0;0;0;0;0;0;0;0;0;0;0;0;0;0;0;0;0;0;0;0;0;0;0;0;0;0;0;0;0;0;0;0;0;0;0;0;0;0;0;0;0;0;7.00;0;0;0;0;0;0;0;0;0;0;0;0;0;0;0;0;0;0;0;0;0;0;0;0;0;0;0;0;0;0;0;0;0;0;0;0;0;0;0;0;0;40.76;0;0;0;0;0;0;0;0;0;0;0;0;0;0;0;0;0;0;0;0;0;0;0;0;0;0;0;0;0;0;0;0;0;0;0;0;0;0;0;0;0;0;0;0;0;0;0;0;0;0;0;0;0;0;0;0;0;0;0;0;0;0;0;0;0;0;452.99;0;0;0;0;0
mcmv-miR-m108-1-5p;0.00;mcmv-mir-m108-1;0.00;0;0;0;0;0;0;0;0;0;0;0;0;0;0;0;0;0;0;0;0;0;0;0;0;0;0;0;0;0;0;0;0;0;0;0;0;0;0;0;0;0;0;0;0;0;0;0;0;0;0;0;0;0;0;0;0;0;0;0;0;0;0;0;0;0;0;0;0;0;0;0;0;0;0;0;0;0;0;0;0;0;0;0;0;0;0;0;0;0;0;0;0;0;0;0;0;0;0;0;0;0;0;0;0;0;0;0;0;0;0;0;0;0;0;0;0;0;0;0;0;0;0;0;0;0;0;0;0;0;0;0;0;0;0;0;0;0;0;0;0;0;0;0;0;0;0;0;0;0;0;0;0;0;0;0;0;0;0;0;0;0;0;0;0;0;0;0;0;0;0;0;0;0;0;0;0;0;0;0;0;0;0;0;0;0;0;0;0;0;0;0;0;0;0;0;0;0;0;0;0;0;0;0;0;0;0;0;0;0;0;0;0;0;0;0;0;0;0
mcmv-miR-m108-1-3p;314.00;mcmv-mir-m108-1;314.00;0;0;1.00;0;0;29.00;0;0;0;0;0;0;0;0;0;0;1.00;18.00;0;0;0;14.00;0;0;0;0;0;0;0;0;0;0;0;0;0;35.00;1.00;0;26.00;0;1.00;4.00;0;0;0;0;0;0;0;0;0;3.00;0;0;1.00;0;0;0;0;0;2.00;0;0;0;0;0;0;0;0;0;0;0;0;118.00;0;0;0;0;0;0;0;0;0;0;0;0;9.00;0;0;0;1.00;0;0;0;0;0;0;0;0;0;0;0;0;2.00;48.00;0;0;0;0;0;0;27.22;0;0;1067.39;0;0;0;0;0;0;0;0;0;0;37.20;424.10;0;0;0;1126.04;0;0;0;0;0;0;0;0;0;0;0;0;0;1461.87;40.76;0;1650.17;0;29.62;249.10;0;0;0;0;0;0;0;0;0;195.59;0;0;28.05;0;0;0;0;0;87.85;0;0;0;0;0;0;0;0;0;0;0;0;3883.11;0;0;0;0;0;0;0;0;0;0;0;0;435.35;0;0;0;70.29;0;0;0;0;0;0;0;0;0;0;0;0;129.42;873.93;0;0;0;0
mcmv-miR-m108-2-5p.2;12.00;mcmv-mir-m108-2;12.00;0;0;0;0;0;0;0;0;1.00;0;0;0;0;0;0;0;0;0;0;0;0;0;0;0;0;0;0;0;0;0;0;11.00;0;0;0;0;0;0;0;0;0;0;0;0;0;0;0;0;0;0;0;0;0;0;0;0;0;0;0;0;0;0;0;0;0;0;0;0;0;0;0;0;0;0;0;0;0;0;0;0;0;0;0;0;0;0;0;0;0;0;0;0;0;0;0;0;0;0;0;0;0;0;0;0;0;0;0;0;0;0;0;0;0;0;0;0;0;48.24;0;0;0;0;0;0;0;0;0;0;0;0;0;0;0;0;0;0;0;0;0;0;257.90;0;0;0;0;0;0;0;0;0;0;0;0;0;0;0;0;0;0;0;0;0;0;0;0;0;0;0;0;0;0;0;0;0;0;0;0;0;0;0;0;0;0;0;0;0;0;0;0;0;0;0;0;0;0;0;0;0;0;0;0;0;0;0;0;0;0;0;0;0;0;0;0;0;0;0;0;0
mcmv-miR-m108-2-5p.1;24.00;mcmv-mir-m108-2;24.00;0;0;0;0;0;0;0;0;0;0;0;0;0;0;0;0;0;0;0;0;0;0;0;0;1.00;0;0;0;0;0;1.00;0;0;0;0;0;0;0;0;0;0;0;0;0;0;0;1.00;0;0;0;0;1.00;0;0;0;0;0;0;0;0;0;0;0;0;0;0;19.00;0;0;0;0;0;0;0;0;0;0;0;0;0;0;0;0;0;0;0;0;0;0;0;0;0;0;0;0;0;0;0;0;0;0;0;0;0;1.00;0;0;0;0;0;0;0;0;0;0;0;0;0;0;0;0;0;0;0;0;0;0;0;0;0;0;0;0;54.71;0;0;0;0;0;33.28;0;0;0;0;0;0;0;0;0;0;0;0;0;0;0;26.84;0;0;0;0;65.20;0;0;0;0;0;0;0;0;0;0;0;0;0;0;743.52;0;0;0;0;0;0;0;0;0;0;0;0;0;0;0;0;0;0;0;0;0;0;0;0;0;0;0;0;0;0;0;0;0;0;0;0;0;18.21;0;0;0;0
mcmv-miR-m108-2-3p;17.00;mcmv-mir-m108-2;17.00;0;0;0;0;0;0;0;0;0;0;0;0;0;0;0;0;0;0;0;0;0;0;0;0;0;0;0;0;0;0;0;0;0;0;0;0;0;0;0;0;0;0;0;0;0;0;0;0;0;0;0;0;0;0;0;0;0;0;0;0;0;0;0;0;0;0;0;0;0;0;0;0;0;0;0;3.00;0;0;0;0;0;0;3.00;0;0;0;11.00;0;0;0;0;0;0;0;0;0;0;0;0;0;0;0;0;0;0;0;0;0;0;0;0;0;0;0;0;0;0;0;0;0;0;0;0;0;0;0;0;0;0;0;0;0;0;0;0;0;0;0;0;0;0;0;0;0;0;0;0;0;0;0;0;0;0;0;0;0;0;0;0;0;0;0;0;0;0;0;0;0;0;0;0;0;0;0;0;0;0;0;0;0;0;0;0;0;62.23;0;0;0;0;0;0;107.09;0;0;0;532.10;0;0;0;0;0;0;0;0;0;0;0;0;0;0;0;0;0;0;0;0;0;0
mcmv-miR-m21-1;3.00;mcmv-mir-m21-1;3.00;0;0;0;0;0;0;0;0;0;0;0;0;0;0;0;0;0;0;0;0;0;0;1.00;0;0;0;0;0;0;0;0;0;0;0;0;0;0;0;0;0;0;0;0;0;0;0;0;0;1.00;0;0;0;0;0;0;0;0;0;0;0;0;0;0;0;0;0;0;0;0;1.00;0;0;0;0;0;0;0;0;0;0;0;0;0;0;0;0;0;0;0;0;0;0;0;0;0;0;0;0;0;0;0;0;0;0;0;0;0;0;0;0;0;0;0;0;0;0;0;0;0;0;0;0;0;0;0;0;0;0;0;0;0;186.71;0;0;0;0;0;0;0;0;0;0;0;0;0;0;0;0;0;0;0;0;0;0;0;0;0;92.89;0;0;0;0;0;0;0;0;0;0;0;0;0;0;0;0;0;0;0;0;53.74;0;0;0;0;0;0;0;0;0;0;0;0;0;0;0;0;0;0;0;0;0;0;0;0;0;0;0;0;0;0;0;0;0;0;0;0;0;0;0
mcmv-miR-m22-1;11.00;mcmv-mir-m22-1;11.00;0;0;0;0;0;0;0;0;0;0;0;0;0;0;0;1.00;0;0;0;0;0;0;0;0;0;0;0;0;0;0;0;0;0;0;0;0;0;0;0;0;0;0;0;0;0;0;0;0;0;0;0;0;0;0;0;0;0;0;0;0;0;0;0;0;0;0;0;0;0;0;0;0;0;0;0;0;0;0;0;0;0;0;0;0;0;0;0;0;0;0;0;0;0;0;0;0;0;0;0;0;0;0;0;10.00;0;0;0;0;0;0;0;0;0;0;0;0;0;0;0;0;0;0;0;0;47.92;0;0;0;0;0;0;0;0;0;0;0;0;0;0;0;0;0;0;0;0;0;0;0;0;0;0;0;0;0;0;0;0;0;0;0;0;0;0;0;0;0;0;0;0;0;0;0;0;0;0;0;0;0;0;0;0;0;0;0;0;0;0;0;0;0;0;0;0;0;0;0;0;0;0;0;0;0;0;0;0;0;0;0;0;0;0;0;647.12;0;0;0;0;0
mcmv-miR-m59-1;0.00;mcmv-mir-m59-1;0.00;0;0;0;0;0;0;0;0;0;0;0;0;0;0;0;0;0;0;0;0;0;0;0;0;0;0;0;0;0;0;0;0;0;0;0;0;0;0;0;0;0;0;0;0;0;0;0;0;0;0;0;0;0;0;0;0;0;0;0;0;0;0;0;0;0;0;0;0;0;0;0;0;0;0;0;0;0;0;0;0;0;0;0;0;0;0;0;0;0;0;0;0;0;0;0;0;0;0;0;0;0;0;0;0;0;0;0;0;0;0;0;0;0;0;0;0;0;0;0;0;0;0;0;0;0;0;0;0;0;0;0;0;0;0;0;0;0;0;0;0;0;0;0;0;0;0;0;0;0;0;0;0;0;0;0;0;0;0;0;0;0;0;0;0;0;0;0;0;0;0;0;0;0;0;0;0;0;0;0;0;0;0;0;0;0;0;0;0;0;0;0;0;0;0;0;0;0;0;0;0;0;0;0;0;0;0;0;0;0;0;0;0;0;0;0;0;0;0
mcmv-miR-m59-2;0.00;mcmv-mir-m59-2;0.00;0;0;0;0;0;0;0;0;0;0;0;0;0;0;0;0;0;0;0;0;0;0;0;0;0;0;0;0;0;0;0;0;0;0;0;0;0;0;0;0;0;0;0;0;0;0;0;0;0;0;0;0;0;0;0;0;0;0;0;0;0;0;0;0;0;0;0;0;0;0;0;0;0;0;0;0;0;0;0;0;0;0;0;0;0;0;0;0;0;0;0;0;0;0;0;0;0;0;0;0;0;0;0;0;0;0;0;0;0;0;0;0;0;0;0;0;0;0;0;0;0;0;0;0;0;0;0;0;0;0;0;0;0;0;0;0;0;0;0;0;0;0;0;0;0;0;0;0;0;0;0;0;0;0;0;0;0;0;0;0;0;0;0;0;0;0;0;0;0;0;0;0;0;0;0;0;0;0;0;0;0;0;0;0;0;0;0;0;0;0;0;0;0;0;0;0;0;0;0;0;0;0;0;0;0;0;0;0;0;0;0;0;0;0;0;0;0;0
mcmv-miR-m88-1-5p;0.00;mcmv-mir-m88-1;0.00;0;0;0;0;0;0;0;0;0;0;0;0;0;0;0;0;0;0;0;0;0;0;0;0;0;0;0;0;0;0;0;0;0;0;0;0;0;0;0;0;0;0;0;0;0;0;0;0;0;0;0;0;0;0;0;0;0;0;0;0;0;0;0;0;0;0;0;0;0;0;0;0;0;0;0;0;0;0;0;0;0;0;0;0;0;0;0;0;0;0;0;0;0;0;0;0;0;0;0;0;0;0;0;0;0;0;0;0;0;0;0;0;0;0;0;0;0;0;0;0;0;0;0;0;0;0;0;0;0;0;0;0;0;0;0;0;0;0;0;0;0;0;0;0;0;0;0;0;0;0;0;0;0;0;0;0;0;0;0;0;0;0;0;0;0;0;0;0;0;0;0;0;0;0;0;0;0;0;0;0;0;0;0;0;0;0;0;0;0;0;0;0;0;0;0;0;0;0;0;0;0;0;0;0;0;0;0;0;0;0;0;0;0;0;0;0;0;0
mcmv-miR-m88-1-3p;30.00;mcmv-mir-m88-1;30.00;0;0;0;0;0;0;0;0;0;0;0;0;0;0;0;0;0;0;0;0;0;0;0;0;0;0;0;0;0;0;0;0;0;0;0;0;0;0;0;0;0;0;0;0;0;0;0;0;0;0;0;0;0;0;0;0;0;0;0;0;0;0;0;0;0;0;0;0;0;0;0;0;0;0;0;0;0;0;1.00;0;0;0;0;0;0;0;0;0;0;0;0;0;0;0;0;0;0;0;0;0;0;0;0;0;29.00;0;0;0;0;0;0;0;0;0;0;0;0;0;0;0;0;0;0;0;0;0;0;0;0;0;0;0;0;0;0;0;0;0;0;0;0;0;0;0;0;0;0;0;0;0;0;0;0;0;0;0;0;0;0;0;0;0;0;0;0;0;0;0;0;0;0;0;0;0;0;0;0;0;0;0;0;0;0;0;0;0;0;67.47;0;0;0;0;0;0;0;0;0;0;0;0;0;0;0;0;0;0;0;0;0;0;0;0;0;528.00;0;0;0;0
mcpv-miR-P1-5p;2.00;mcpv-mir-P1;2.00;0;1.00;0;0;0;0;0;0;0;0;0;0;0;0;0;0;0;0;0;0;0;1.00;0;0;0;0;0;0;0;0;0;0;0;0;0;0;0;0;0;0;0;0;0;0;0;0;0;0;0;0;0;0;0;0;0;0;0;0;0;0;0;0;0;0;0;0;0;0;0;0;0;0;0;0;0;0;0;0;0;0;0;0;0;0;0;0;0;0;0;0;0;0;0;0;0;0;0;0;0;0;0;0;0;0;0;0;0;0;0;0;37.50;0;0;0;0;0;0;0;0;0;0;0;0;0;0;0;0;0;0;0;80.43;0;0;0;0;0;0;0;0;0;0;0;0;0;0;0;0;0;0;0;0;0;0;0;0;0;0;0;0;0;0;0;0;0;0;0;0;0;0;0;0;0;0;0;0;0;0;0;0;0;0;0;0;0;0;0;0;0;0;0;0;0;0;0;0;0;0;0;0;0;0;0;0;0;0;0;0;0;0;0;0;0;0;0;0;0;0;0
mcpv-miR-P1-3p;168.00;mcpv-mir-P1;168.00;0;0;26.00;0;0;0;0;0;0;0;0;0;0;1.00;0;0;0;0;0;0;0;49.00;0;0;0;0;0;0;0;0;0;0;0;0;0;0;0;0;0;0;0;0;0;0;0;0;0;0;0;0;0;0;0;0;0;0;0;0;0;0;0;0;0;0;0;33.00;0;0;0;0;0;10.00;0;0;0;49.00;0;0;0;0;0;0;0;0;0;0;0;0;0;0;0;0;0;0;0;0;0;0;0;0;0;0;0;0;0;0;0;0;0;0;0;707.75;0;0;0;0;0;0;0;0;0;0;39.45;0;0;0;0;0;0;0;3941.12;0;0;0;0;0;0;0;0;0;0;0;0;0;0;0;0;0;0;0;0;0;0;0;0;0;0;0;0;0;0;0;0;0;0;0;0;0;0;0;0;0;0;0;1437.97;0;0;0;0;0;363.50;0;0;0;1016.34;0;0;0;0;0;0;0;0;0;0;0;0;0;0;0;0;0;0;0;0;0;0;0;0;0;0;0;0;0;0;0;0;0
mcv-miR-m1-3p;168.00;mcv-mir-m1-3p;168.00;0;0;26.00;0;0;0;0;0;0;0;0;0;0;1.00;0;0;0;0;0;0;0;49.00;0;0;0;0;0;0;0;0;0;0;0;0;0;0;0;0;0;0;0;0;0;0;0;0;0;0;0;0;0;0;0;0;0;0;0;0;0;0;0;0;0;0;0;33.00;0;0;0;0;0;10.00;0;0;0;49.00;0;0;0;0;0;0;0;0;0;0;0;0;0;0;0;0;0;0;0;0;0;0;0;0;0;0;0;0;0;0;0;0;0;0;0;707.75;0;0;0;0;0;0;0;0;0;0;39.45;0;0;0;0;0;0;0;3941.12;0;0;0;0;0;0;0;0;0;0;0;0;0;0;0;0;0;0;0;0;0;0;0;0;0;0;0;0;0;0;0;0;0;0;0;0;0;0;0;0;0;0;0;1437.97;0;0;0;0;0;363.50;0;0;0;1016.34;0;0;0;0;0;0;0;0;0;0;0;0;0;0;0;0;0;0;0;0;0;0;0;0;0;0;0;0;0;0;0;0;0
mcv-miR-m1-5p;2.00;mcv-mir-m1-3p;2.00;0;1.00;0;0;0;0;0;0;0;0;0;0;0;0;0;0;0;0;0;0;0;1.00;0;0;0;0;0;0;0;0;0;0;0;0;0;0;0;0;0;0;0;0;0;0;0;0;0;0;0;0;0;0;0;0;0;0;0;0;0;0;0;0;0;0;0;0;0;0;0;0;0;0;0;0;0;0;0;0;0;0;0;0;0;0;0;0;0;0;0;0;0;0;0;0;0;0;0;0;0;0;0;0;0;0;0;0;0;0;0;0;37.50;0;0;0;0;0;0;0;0;0;0;0;0;0;0;0;0;0;0;0;80.43;0;0;0;0;0;0;0;0;0;0;0;0;0;0;0;0;0;0;0;0;0;0;0;0;0;0;0;0;0;0;0;0;0;0;0;0;0;0;0;0;0;0;0;0;0;0;0;0;0;0;0;0;0;0;0;0;0;0;0;0;0;0;0;0;0;0;0;0;0;0;0;0;0;0;0;0;0;0;0;0;0;0;0;0;0;0;0
mcv-miR-m1-3p;168.00;mcv-mir-m1-5p;168.00;0;0;26.00;0;0;0;0;0;0;0;0;0;0;1.00;0;0;0;0;0;0;0;49.00;0;0;0;0;0;0;0;0;0;0;0;0;0;0;0;0;0;0;0;0;0;0;0;0;0;0;0;0;0;0;0;0;0;0;0;0;0;0;0;0;0;0;0;33.00;0;0;0;0;0;10.00;0;0;0;49.00;0;0;0;0;0;0;0;0;0;0;0;0;0;0;0;0;0;0;0;0;0;0;0;0;0;0;0;0;0;0;0;0;0;0;0;707.75;0;0;0;0;0;0;0;0;0;0;39.45;0;0;0;0;0;0;0;3941.12;0;0;0;0;0;0;0;0;0;0;0;0;0;0;0;0;0;0;0;0;0;0;0;0;0;0;0;0;0;0;0;0;0;0;0;0;0;0;0;0;0;0;0;1437.97;0;0;0;0;0;363.50;0;0;0;1016.34;0;0;0;0;0;0;0;0;0;0;0;0;0;0;0;0;0;0;0;0;0;0;0;0;0;0;0;0;0;0;0;0;0
mcv-miR-m1-5p;2.00;mcv-mir-m1-5p;2.00;0;1.00;0;0;0;0;0;0;0;0;0;0;0;0;0;0;0;0;0;0;0;1.00;0;0;0;0;0;0;0;0;0;0;0;0;0;0;0;0;0;0;0;0;0;0;0;0;0;0;0;0;0;0;0;0;0;0;0;0;0;0;0;0;0;0;0;0;0;0;0;0;0;0;0;0;0;0;0;0;0;0;0;0;0;0;0;0;0;0;0;0;0;0;0;0;0;0;0;0;0;0;0;0;0;0;0;0;0;0;0;0;37.50;0;0;0;0;0;0;0;0;0;0;0;0;0;0;0;0;0;0;0;80.43;0;0;0;0;0;0;0;0;0;0;0;0;0;0;0;0;0;0;0;0;0;0;0;0;0;0;0;0;0;0;0;0;0;0;0;0;0;0;0;0;0;0;0;0;0;0;0;0;0;0;0;0;0;0;0;0;0;0;0;0;0;0;0;0;0;0;0;0;0;0;0;0;0;0;0;0;0;0;0;0;0;0;0;0;0;0;0
mdv1-miR-M1-5p;2.00;mdv1-mir-M1;2.00;0;0;0;0;0;0;0;0;0;0;0;0;0;0;0;0;0;0;0;0;0;0;0;0;0;0;0;0;0;0;0;0;0;0;0;0;0;0;0;0;0;0;0;0;0;0;0;0;0;0;0;0;0;0;0;0;0;0;0;0;0;0;0;0;0;0;1.00;0;0;0;0;0;0;0;0;0;0;0;0;0;0;1.00;0;0;0;0;0;0;0;0;0;0;0;0;0;0;0;0;0;0;0;0;0;0;0;0;0;0;0;0;0;0;0;0;0;0;0;0;0;0;0;0;0;0;0;0;0;0;0;0;0;0;0;0;0;0;0;0;0;0;0;0;0;0;0;0;0;0;0;0;0;0;0;0;0;0;0;0;0;0;0;0;0;0;0;0;0;0;0;0;0;0;0;0;0;39.13;0;0;0;0;0;0;0;0;0;0;0;0;0;0;23.61;0;0;0;0;0;0;0;0;0;0;0;0;0;0;0;0;0;0;0;0;0;0;0;0;0;0;0
mdv1-miR-M1-3p;7.00;mdv1-mir-M1;7.00;0;0;0;0;0;0;0;0;0;0;0;0;0;1.00;0;0;0;0;2.00;0;0;1.00;0;0;0;0;0;0;0;0;0;1.00;0;0;0;0;0;0;0;0;0;0;0;0;0;0;0;0;0;0;0;0;0;0;1.00;0;0;0;0;0;0;0;0;0;0;0;0;0;0;0;0;0;0;0;0;0;0;1.00;0;0;0;0;0;0;0;0;0;0;0;0;0;0;0;0;0;0;0;0;0;0;0;0;0;0;0;0;0;0;0;0;0;0;0;0;0;0;0;0;0;0;0;0;39.45;0;0;0;0;115.97;0;0;80.43;0;0;0;0;0;0;0;0;0;23.45;0;0;0;0;0;0;0;0;0;0;0;0;0;0;0;0;0;0;0;0;0;0;28.05;0;0;0;0;0;0;0;0;0;0;0;0;0;0;0;0;0;0;0;0;0;0;30.04;0;0;0;0;0;0;0;0;0;0;0;0;0;0;0;0;0;0;0;0;0;0;0;0;0;0;0;0;0;0;0
mdv1-miR-M10-5p;484.00;mdv1-mir-M10;484.00;0;0;1.00;0;1.00;1.00;0;0;0;1.00;0;0;0;0;0;0;0;0;0;0;0;0;0;0;0;0;0;0;0;0;0;0;0;0;0;0;0;0;0;0;0;0;0;0;0;0;7.00;0;1.00;0;1.00;0;0;0;2.00;0;0;0;0;0;0;0;0;0;0;0;4.00;0;0;0;0;0;0;0;0;0;0;0;0;0;0;0;33.00;0;1.00;0;0;0;0;0;1.00;0;0;0;0;0;0;0;0;0;0;0;0;0;430.00;0;0;0;0;0;0;27.22;0;51.04;36.81;0;0;0;26.22;0;0;0;0;0;0;0;0;0;0;0;0;0;0;0;0;0;0;0;0;0;0;0;0;0;0;0;0;0;0;0;0;0;0;0;0;187.89;0;92.89;0;134.28;0;0;0;56.09;0;0;0;0;0;0;0;0;0;0;0;156.53;0;0;0;0;0;0;0;0;0;0;0;0;0;0;0;1177.98;0;35.03;0;0;0;0;0;70.29;0;0;0;0;0;0;0;0;0;0;0;0;0;7829.00;0;0;0;0
mdv1-miR-M10-3p;1.00;mdv1-mir-M10;1.00;0;0;0;0;0;0;0;0;0;0;0;0;0;0;0;0;0;0;0;0;0;0;0;0;0;0;0;0;0;0;0;0;0;0;0;0;0;0;0;0;0;0;0;0;0;0;0;0;0;0;0;0;0;0;0;0;0;0;0;0;0;0;0;0;0;0;0;0;0;0;0;0;0;0;0;1.00;0;0;0;0;0;0;0;0;0;0;0;0;0;0;0;0;0;0;0;0;0;0;0;0;0;0;0;0;0;0;0;0;0;0;0;0;0;0;0;0;0;0;0;0;0;0;0;0;0;0;0;0;0;0;0;0;0;0;0;0;0;0;0;0;0;0;0;0;0;0;0;0;0;0;0;0;0;0;0;0;0;0;0;0;0;0;0;0;0;0;0;0;0;0;0;0;0;0;0;0;0;0;0;0;0;0;0;0;20.74;0;0;0;0;0;0;0;0;0;0;0;0;0;0;0;0;0;0;0;0;0;0;0;0;0;0;0;0;0;0;0;0;0
mdv1-miR-M11-5p;36.00;mdv1-mir-M11;36.00;0;0;0;0;0;0;0;0;0;0;0;0;0;0;0;0;0;0;0;0;0;0;0;0;0;0;0;0;0;0;36.00;0;0;0;0;0;0;0;0;0;0;0;0;0;0;0;0;0;0;0;0;0;0;0;0;0;0;0;0;0;0;0;0;0;0;0;0;0;0;0;0;0;0;0;0;0;0;0;0;0;0;0;0;0;0;0;0;0;0;0;0;0;0;0;0;0;0;0;0;0;0;0;0;0;0;0;0;0;0;0;0;0;0;0;0;0;0;0;0;0;0;0;0;0;0;0;0;0;0;0;0;0;0;0;0;0;0;0;0;1198.20;0;0;0;0;0;0;0;0;0;0;0;0;0;0;0;0;0;0;0;0;0;0;0;0;0;0;0;0;0;0;0;0;0;0;0;0;0;0;0;0;0;0;0;0;0;0;0;0;0;0;0;0;0;0;0;0;0;0;0;0;0;0;0;0;0;0;0;0;0;0;0;0;0;0;0;0;0;0
mdv1-miR-M11-3p;84.00;mdv1-mir-M11;84.00;0;0;0;0;0;0;0;0;0;0;0;0;0;0;0;0;0;0;0;0;0;0;0;0;0;0;0;0;0;0;0;0;0;81.00;0;0;0;0;0;0;0;0;0;0;0;0;0;0;0;0;0;0;0;0;0;0;0;0;0;0;0;0;0;0;0;0;0;0;0;0;0;0;0;0;0;2.00;0;0;1.00;0;0;0;0;0;0;0;0;0;0;0;0;0;0;0;0;0;0;0;0;0;0;0;0;0;0;0;0;0;0;0;0;0;0;0;0;0;0;0;0;0;0;0;0;0;0;0;0;0;0;0;0;0;0;0;0;0;0;0;0;0;0;0;2945.67;0;0;0;0;0;0;0;0;0;0;0;0;0;0;0;0;0;0;0;0;0;0;0;0;0;0;0;0;0;0;0;0;0;0;0;0;0;0;0;0;0;41.48;0;0;67.47;0;0;0;0;0;0;0;0;0;0;0;0;0;0;0;0;0;0;0;0;0;0;0;0;0;0;0;0;0;0
mdv1-miR-M12-5p;0.00;mdv1-mir-M12;0.00;0;0;0;0;0;0;0;0;0;0;0;0;0;0;0;0;0;0;0;0;0;0;0;0;0;0;0;0;0;0;0;0;0;0;0;0;0;0;0;0;0;0;0;0;0;0;0;0;0;0;0;0;0;0;0;0;0;0;0;0;0;0;0;0;0;0;0;0;0;0;0;0;0;0;0;0;0;0;0;0;0;0;0;0;0;0;0;0;0;0;0;0;0;0;0;0;0;0;0;0;0;0;0;0;0;0;0;0;0;0;0;0;0;0;0;0;0;0;0;0;0;0;0;0;0;0;0;0;0;0;0;0;0;0;0;0;0;0;0;0;0;0;0;0;0;0;0;0;0;0;0;0;0;0;0;0;0;0;0;0;0;0;0;0;0;0;0;0;0;0;0;0;0;0;0;0;0;0;0;0;0;0;0;0;0;0;0;0;0;0;0;0;0;0;0;0;0;0;0;0;0;0;0;0;0;0;0;0;0;0;0;0;0;0;0;0;0;0
mdv1-miR-M12-3p;84.00;mdv1-mir-M12;84.00;0;0;0;0;0;0;0;0;0;0;0;0;0;0;0;0;0;0;0;0;0;0;0;0;0;0;0;0;0;0;1.00;0;0;0;0;0;0;1.00;0;0;0;0;0;0;0;0;0;0;0;0;0;0;0;0;0;0;0;0;0;0;0;0;0;0;0;0;0;0;0;0;0;1.00;0;0;0;77.00;0;0;0;2.00;0;0;0;0;0;0;0;0;0;0;0;0;0;0;0;0;0;0;0;0;0;0;0;2.00;0;0;0;0;0;0;0;0;0;0;0;0;0;0;0;0;0;0;0;0;0;0;0;0;0;0;0;0;0;0;0;0;0;0;0;33.28;0;0;0;0;0;0;63.55;0;0;0;0;0;0;0;0;0;0;0;0;0;0;0;0;0;0;0;0;0;0;0;0;0;0;0;0;0;0;0;0;0;36.35;0;0;0;1597.11;0;0;0;78.40;0;0;0;0;0;0;0;0;0;0;0;0;0;0;0;0;0;0;0;0;0;0;0;129.42;0;0;0;0;0
mdv1-miR-M13;615.00;mdv1-mir-M13;615.00;0;0;0;0;0;0;0;0;101.00;0;1.00;0;0;0;0;0;0;214.00;109.00;0;0;27.00;0;0;0;0;0;0;0;0;0;75.00;0;1.00;0;0;0;0;0;1.00;0;0;0;0;0;0;0;0;0;0;0;0;0;0;0;0;0;0;0;0;0;0;0;0;0;0;0;0;0;0;0;0;0;33.00;0;33.00;0;0;1.00;0;0;2.00;0;0;2.00;0;0;13.00;0;0;0;0;0;0;0;0;0;0;1.00;0;0;0;0;0;1.00;0;0;0;0;0;0;0;0;0;0;0;0;4871.93;0;98.28;0;0;0;0;0;0;5042.06;6320.31;0;0;2171.64;0;0;0;0;0;0;0;0;0;1758.42;0;36.37;0;0;0;0;0;152.09;0;0;0;0;0;0;0;0;0;0;0;0;0;0;0;0;0;0;0;0;0;0;0;0;0;0;0;0;0;0;0;0;0;1085.95;0;684.48;0;0;67.47;0;0;47.23;0;0;70.05;0;0;367.17;0;0;0;0;0;0;0;0;0;0;47.58;0;0;0;0;0;18.21;0;0;0;0
mdv1-miR-M2-5p;4.00;mdv1-mir-M2;4.00;0;0;0;0;0;0;0;0;0;0;0;0;0;0;0;0;4.00;0;0;0;0;0;0;0;0;0;0;0;0;0;0;0;0;0;0;0;0;0;0;0;0;0;0;0;0;0;0;0;0;0;0;0;0;0;0;0;0;0;0;0;0;0;0;0;0;0;0;0;0;0;0;0;0;0;0;0;0;0;0;0;0;0;0;0;0;0;0;0;0;0;0;0;0;0;0;0;0;0;0;0;0;0;0;0;0;0;0;0;0;0;0;0;0;0;0;0;0;0;0;0;0;0;0;0;0;148.80;0;0;0;0;0;0;0;0;0;0;0;0;0;0;0;0;0;0;0;0;0;0;0;0;0;0;0;0;0;0;0;0;0;0;0;0;0;0;0;0;0;0;0;0;0;0;0;0;0;0;0;0;0;0;0;0;0;0;0;0;0;0;0;0;0;0;0;0;0;0;0;0;0;0;0;0;0;0;0;0;0;0;0;0;0;0;0;0;0;0;0;0
mdv1-miR-M2-3p;33.00;mdv1-mir-M2;33.00;0;0;0;0;0;0;0;0;0;0;0;0;0;0;0;0;0;0;0;0;0;0;0;0;0;33.00;0;0;0;0;0;0;0;0;0;0;0;0;0;0;0;0;0;0;0;0;0;0;0;0;0;0;0;0;0;0;0;0;0;0;0;0;0;0;0;0;0;0;0;0;0;0;0;0;0;0;0;0;0;0;0;0;0;0;0;0;0;0;0;0;0;0;0;0;0;0;0;0;0;0;0;0;0;0;0;0;0;0;0;0;0;0;0;0;0;0;0;0;0;0;0;0;0;0;0;0;0;0;0;0;0;0;0;0;2427.72;0;0;0;0;0;0;0;0;0;0;0;0;0;0;0;0;0;0;0;0;0;0;0;0;0;0;0;0;0;0;0;0;0;0;0;0;0;0;0;0;0;0;0;0;0;0;0;0;0;0;0;0;0;0;0;0;0;0;0;0;0;0;0;0;0;0;0;0;0;0;0;0;0;0;0;0;0;0;0;0;0;0;0
mdv1-miR-m3-5p_-1_5-5p;0.00;mdv1-mir-M3;0.00;0;0;0;0;0;0;0;0;0;0;0;0;0;0;0;0;0;0;0;0;0;0;0;0;0;0;0;0;0;0;0;0;0;0;0;0;0;0;0;0;0;0;0;0;0;0;0;0;0;0;0;0;0;0;0;0;0;0;0;0;0;0;0;0;0;0;0;0;0;0;0;0;0;0;0;0;0;0;0;0;0;0;0;0;0;0;0;0;0;0;0;0;0;0;0;0;0;0;0;0;0;0;0;0;0;0;0;0;0;0;0;0;0;0;0;0;0;0;0;0;0;0;0;0;0;0;0;0;0;0;0;0;0;0;0;0;0;0;0;0;0;0;0;0;0;0;0;0;0;0;0;0;0;0;0;0;0;0;0;0;0;0;0;0;0;0;0;0;0;0;0;0;0;0;0;0;0;0;0;0;0;0;0;0;0;0;0;0;0;0;0;0;0;0;0;0;0;0;0;0;0;0;0;0;0;0;0;0;0;0;0;0;0;0;0;0;0;0
mdv1-miR-M3-5p;0.00;mdv1-mir-M3;0.00;0;0;0;0;0;0;0;0;0;0;0;0;0;0;0;0;0;0;0;0;0;0;0;0;0;0;0;0;0;0;0;0;0;0;0;0;0;0;0;0;0;0;0;0;0;0;0;0;0;0;0;0;0;0;0;0;0;0;0;0;0;0;0;0;0;0;0;0;0;0;0;0;0;0;0;0;0;0;0;0;0;0;0;0;0;0;0;0;0;0;0;0;0;0;0;0;0;0;0;0;0;0;0;0;0;0;0;0;0;0;0;0;0;0;0;0;0;0;0;0;0;0;0;0;0;0;0;0;0;0;0;0;0;0;0;0;0;0;0;0;0;0;0;0;0;0;0;0;0;0;0;0;0;0;0;0;0;0;0;0;0;0;0;0;0;0;0;0;0;0;0;0;0;0;0;0;0;0;0;0;0;0;0;0;0;0;0;0;0;0;0;0;0;0;0;0;0;0;0;0;0;0;0;0;0;0;0;0;0;0;0;0;0;0;0;0;0;0
mdv1-miR-M3-3p;0.00;mdv1-mir-M3;0.00;0;0;0;0;0;0;0;0;0;0;0;0;0;0;0;0;0;0;0;0;0;0;0;0;0;0;0;0;0;0;0;0;0;0;0;0;0;0;0;0;0;0;0;0;0;0;0;0;0;0;0;0;0;0;0;0;0;0;0;0;0;0;0;0;0;0;0;0;0;0;0;0;0;0;0;0;0;0;0;0;0;0;0;0;0;0;0;0;0;0;0;0;0;0;0;0;0;0;0;0;0;0;0;0;0;0;0;0;0;0;0;0;0;0;0;0;0;0;0;0;0;0;0;0;0;0;0;0;0;0;0;0;0;0;0;0;0;0;0;0;0;0;0;0;0;0;0;0;0;0;0;0;0;0;0;0;0;0;0;0;0;0;0;0;0;0;0;0;0;0;0;0;0;0;0;0;0;0;0;0;0;0;0;0;0;0;0;0;0;0;0;0;0;0;0;0;0;0;0;0;0;0;0;0;0;0;0;0;0;0;0;0;0;0;0;0;0;0
mdv1-miR-M31;22.00;mdv1-mir-M31;22.00;0;0;0;0;0;0;0;0;0;0;0;0;0;0;0;0;0;0;0;0;0;0;0;0;0;0;0;0;0;0;0;0;0;0;21.00;0;0;0;0;0;0;0;0;0;0;0;0;0;0;0;0;0;0;0;0;0;0;0;0;0;0;1.00;0;0;0;0;0;0;0;0;0;0;0;0;0;0;0;0;0;0;0;0;0;0;0;0;0;0;0;0;0;0;0;0;0;0;0;0;0;0;0;0;0;0;0;0;0;0;0;0;0;0;0;0;0;0;0;0;0;0;0;0;0;0;0;0;0;0;0;0;0;0;0;0;0;0;0;0;0;0;0;0;0;924.62;0;0;0;0;0;0;0;0;0;0;0;0;0;0;0;0;0;0;0;0;0;0;0;0;0;0;75.64;0;0;0;0;0;0;0;0;0;0;0;0;0;0;0;0;0;0;0;0;0;0;0;0;0;0;0;0;0;0;0;0;0;0;0;0;0;0;0;0;0;0;0;0;0;0;0
mdv1-miR-M4-5p;2.00;mdv1-mir-M4;2.00;0;0;0;0;0;0;0;0;0;0;0;0;0;0;0;0;0;0;0;0;0;0;0;0;0;0;0;0;0;0;0;0;0;0;0;0;0;0;0;0;0;0;0;0;0;0;0;0;0;0;0;0;0;0;0;0;0;0;0;0;0;0;0;0;0;0;0;0;0;0;0;0;0;0;0;0;0;0;0;0;0;0;0;0;0;0;0;0;0;0;0;0;0;0;0;0;0;0;0;0;0;0;0;2.00;0;0;0;0;0;0;0;0;0;0;0;0;0;0;0;0;0;0;0;0;0;0;0;0;0;0;0;0;0;0;0;0;0;0;0;0;0;0;0;0;0;0;0;0;0;0;0;0;0;0;0;0;0;0;0;0;0;0;0;0;0;0;0;0;0;0;0;0;0;0;0;0;0;0;0;0;0;0;0;0;0;0;0;0;0;0;0;0;0;0;0;0;0;0;0;0;0;0;0;0;0;0;0;0;0;0;0;0;129.42;0;0;0;0;0
mdv1-miR-M4-3p;0.00;mdv1-mir-M4;0.00;0;0;0;0;0;0;0;0;0;0;0;0;0;0;0;0;0;0;0;0;0;0;0;0;0;0;0;0;0;0;0;0;0;0;0;0;0;0;0;0;0;0;0;0;0;0;0;0;0;0;0;0;0;0;0;0;0;0;0;0;0;0;0;0;0;0;0;0;0;0;0;0;0;0;0;0;0;0;0;0;0;0;0;0;0;0;0;0;0;0;0;0;0;0;0;0;0;0;0;0;0;0;0;0;0;0;0;0;0;0;0;0;0;0;0;0;0;0;0;0;0;0;0;0;0;0;0;0;0;0;0;0;0;0;0;0;0;0;0;0;0;0;0;0;0;0;0;0;0;0;0;0;0;0;0;0;0;0;0;0;0;0;0;0;0;0;0;0;0;0;0;0;0;0;0;0;0;0;0;0;0;0;0;0;0;0;0;0;0;0;0;0;0;0;0;0;0;0;0;0;0;0;0;0;0;0;0;0;0;0;0;0;0;0;0;0;0;0
mdv1-miR-M5-5p;6.00;mdv1-mir-M5;6.00;0;0;0;0;0;0;0;0;0;0;0;0;0;0;0;0;0;0;0;0;0;0;0;0;0;0;0;0;0;0;0;0;0;0;0;0;0;0;0;0;0;0;0;0;0;0;0;0;0;0;0;0;0;0;0;0;0;0;0;0;0;0;0;0;0;0;0;0;0;0;0;6.00;0;0;0;0;0;0;0;0;0;0;0;0;0;0;0;0;0;0;0;0;0;0;0;0;0;0;0;0;0;0;0;0;0;0;0;0;0;0;0;0;0;0;0;0;0;0;0;0;0;0;0;0;0;0;0;0;0;0;0;0;0;0;0;0;0;0;0;0;0;0;0;0;0;0;0;0;0;0;0;0;0;0;0;0;0;0;0;0;0;0;0;0;0;0;0;0;0;0;0;0;0;0;0;0;0;0;0;0;218.10;0;0;0;0;0;0;0;0;0;0;0;0;0;0;0;0;0;0;0;0;0;0;0;0;0;0;0;0;0;0;0;0;0;0;0;0;0
mdv1-miR-M5-3p;53.00;mdv1-mir-M5;53.00;0;1.00;0;0;0;0;0;0;0;0;0;0;0;0;0;0;0;0;0;0;0;0;0;0;0;0;0;0;0;0;0;0;0;0;0;0;0;0;0;0;0;0;0;0;0;0;0;0;1.00;0;0;0;0;0;0;0;0;0;0;0;0;0;0;0;0;0;0;0;0;0;0;0;0;0;0;51.00;0;0;0;0;0;0;0;0;0;0;0;0;0;0;0;0;0;0;0;0;0;0;0;0;0;0;0;0;0;0;0;0;0;0;37.50;0;0;0;0;0;0;0;0;0;0;0;0;0;0;0;0;0;0;0;0;0;0;0;0;0;0;0;0;0;0;0;0;0;0;0;0;0;0;0;0;0;0;0;0;0;0;92.89;0;0;0;0;0;0;0;0;0;0;0;0;0;0;0;0;0;0;0;0;0;0;0;0;0;0;1057.83;0;0;0;0;0;0;0;0;0;0;0;0;0;0;0;0;0;0;0;0;0;0;0;0;0;0;0;0;0;0;0;0;0
mdv1-miR-M6-5p;25.00;mdv1-mir-M6;25.00;0;0;0;0;0;0;0;0;0;0;1.00;0;0;0;0;0;0;0;0;0;0;0;0;0;0;0;0;0;0;0;0;0;0;0;0;0;0;0;0;0;0;0;0;9.00;0;0;0;0;0;0;0;0;0;0;2.00;0;0;0;0;0;0;0;0;0;0;0;1.00;7.00;0;0;0;0;0;0;0;0;0;0;0;0;0;0;0;1.00;1.00;0;0;0;0;0;0;0;1.00;0;0;0;0;0;0;0;0;0;0;2.00;0;0;0;0;0;0;0;0;0;0;0;0;0;0;0;98.28;0;0;0;0;0;0;0;0;0;0;0;0;0;0;0;0;0;0;0;0;0;0;0;0;0;0;0;0;0;0;0;0;435.31;0;0;0;0;0;0;0;0;0;0;56.09;0;0;0;0;0;0;0;0;0;0;0;39.13;478.80;0;0;0;0;0;0;0;0;0;0;0;0;0;0;0;50.03;35.03;0;0;0;0;0;0;0;19.34;0;0;0;0;0;0;0;0;0;0;129.42;0;0;0;0;0
mdv1-miR-M6-3p;16.00;mdv1-mir-M6;16.00;0;0;0;0;0;0;0;0;0;0;0;0;0;0;0;0;0;0;0;0;0;0;0;0;0;0;0;0;0;0;0;0;0;0;0;0;0;0;0;0;0;0;0;0;0;0;0;0;0;0;0;0;0;0;0;0;0;0;0;0;0;0;0;0;0;0;1.00;0;0;0;0;0;0;0;0;0;0;0;0;0;0;0;0;0;0;0;15.00;0;0;0;0;0;0;0;0;0;0;0;0;0;0;0;0;0;0;0;0;0;0;0;0;0;0;0;0;0;0;0;0;0;0;0;0;0;0;0;0;0;0;0;0;0;0;0;0;0;0;0;0;0;0;0;0;0;0;0;0;0;0;0;0;0;0;0;0;0;0;0;0;0;0;0;0;0;0;0;0;0;0;0;0;0;0;0;0;39.13;0;0;0;0;0;0;0;0;0;0;0;0;0;0;0;0;0;0;0;725.58;0;0;0;0;0;0;0;0;0;0;0;0;0;0;0;0;0;0;0;0;0;0
mdv1-miR-M7-5p;2.00;mdv1-mir-M7;2.00;0;0;0;0;0;0;0;0;0;0;0;0;0;0;0;0;0;0;0;0;0;0;0;0;0;0;0;0;0;0;0;0;0;0;0;0;0;0;0;0;0;0;0;0;0;0;0;0;0;0;0;0;0;0;0;0;0;0;0;0;0;0;0;0;0;0;0;0;0;0;0;0;0;0;0;1.00;0;0;0;0;0;0;0;0;1.00;0;0;0;0;0;0;0;0;0;0;0;0;0;0;0;0;0;0;0;0;0;0;0;0;0;0;0;0;0;0;0;0;0;0;0;0;0;0;0;0;0;0;0;0;0;0;0;0;0;0;0;0;0;0;0;0;0;0;0;0;0;0;0;0;0;0;0;0;0;0;0;0;0;0;0;0;0;0;0;0;0;0;0;0;0;0;0;0;0;0;0;0;0;0;0;0;0;0;0;20.74;0;0;0;0;0;0;0;0;35.03;0;0;0;0;0;0;0;0;0;0;0;0;0;0;0;0;0;0;0;0;0;0;0;0
mdv1-miR-M7-3p;6.00;mdv1-mir-M7;6.00;0;0;0;0;0;0;0;0;0;0;0;0;0;0;0;0;0;0;0;0;0;0;0;0;0;0;0;0;0;0;0;0;0;0;0;0;0;0;0;0;0;0;0;0;0;0;0;0;0;0;0;0;0;0;0;0;0;0;0;0;0;0;0;0;0;0;0;0;0;0;0;0;0;0;0;0;0;0;0;0;0;0;0;0;0;0;0;0;0;0;0;0;0;0;0;0;0;0;0;0;0;0;0;6.00;0;0;0;0;0;0;0;0;0;0;0;0;0;0;0;0;0;0;0;0;0;0;0;0;0;0;0;0;0;0;0;0;0;0;0;0;0;0;0;0;0;0;0;0;0;0;0;0;0;0;0;0;0;0;0;0;0;0;0;0;0;0;0;0;0;0;0;0;0;0;0;0;0;0;0;0;0;0;0;0;0;0;0;0;0;0;0;0;0;0;0;0;0;0;0;0;0;0;0;0;0;0;0;0;0;0;0;0;388.27;0;0;0;0;0
mdv1-miR-M8-5p;82.00;mdv1-mir-M8;82.00;0;0;0;0;0;0;0;0;0;0;0;0;0;0;0;0;0;0;0;0;0;0;0;0;0;0;0;0;0;0;0;0;1.00;0;1.00;0;0;0;0;0;0;1.00;0;0;0;0;0;0;0;0;0;0;0;0;0;0;0;0;0;0;0;0;0;0;0;0;1.00;0;0;0;0;0;6.00;0;0;0;0;0;0;71.00;0;0;0;0;0;0;0;0;0;1.00;0;0;0;0;0;0;0;0;0;0;0;0;0;0;0;0;0;0;0;0;0;0;0;0;0;0;0;0;0;0;0;0;0;0;0;0;0;0;0;0;0;0;0;0;0;0;0;0;0;0;0;69.22;0;44.03;0;0;0;0;0;0;62.27;0;0;0;0;0;0;0;0;0;0;0;0;0;0;0;0;0;0;0;0;0;0;0;0;39.13;0;0;0;0;0;383.73;0;0;0;0;0;0;2783.33;0;0;0;0;0;0;0;0;0;21.73;0;0;0;0;0;0;0;0;0;0;0;0;0;0;0;0;0;0;0
mdv1-miR-M8-3p;2.00;mdv1-mir-M8;2.00;0;0;0;0;0;0;0;0;0;0;0;0;0;0;0;0;0;0;0;0;0;0;0;0;0;0;0;0;0;0;0;0;0;0;0;0;0;0;0;0;0;0;0;0;0;0;0;0;0;0;0;0;0;0;0;0;0;0;0;0;0;0;0;0;0;0;1.00;0;0;0;0;0;0;0;0;0;0;0;0;0;0;1.00;0;0;0;0;0;0;0;0;0;0;0;0;0;0;0;0;0;0;0;0;0;0;0;0;0;0;0;0;0;0;0;0;0;0;0;0;0;0;0;0;0;0;0;0;0;0;0;0;0;0;0;0;0;0;0;0;0;0;0;0;0;0;0;0;0;0;0;0;0;0;0;0;0;0;0;0;0;0;0;0;0;0;0;0;0;0;0;0;0;0;0;0;0;39.13;0;0;0;0;0;0;0;0;0;0;0;0;0;0;23.61;0;0;0;0;0;0;0;0;0;0;0;0;0;0;0;0;0;0;0;0;0;0;0;0;0;0;0
mdv1-miR-M9-5p;0.00;mdv1-mir-M9;0.00;0;0;0;0;0;0;0;0;0;0;0;0;0;0;0;0;0;0;0;0;0;0;0;0;0;0;0;0;0;0;0;0;0;0;0;0;0;0;0;0;0;0;0;0;0;0;0;0;0;0;0;0;0;0;0;0;0;0;0;0;0;0;0;0;0;0;0;0;0;0;0;0;0;0;0;0;0;0;0;0;0;0;0;0;0;0;0;0;0;0;0;0;0;0;0;0;0;0;0;0;0;0;0;0;0;0;0;0;0;0;0;0;0;0;0;0;0;0;0;0;0;0;0;0;0;0;0;0;0;0;0;0;0;0;0;0;0;0;0;0;0;0;0;0;0;0;0;0;0;0;0;0;0;0;0;0;0;0;0;0;0;0;0;0;0;0;0;0;0;0;0;0;0;0;0;0;0;0;0;0;0;0;0;0;0;0;0;0;0;0;0;0;0;0;0;0;0;0;0;0;0;0;0;0;0;0;0;0;0;0;0;0;0;0;0;0;0;0
mdv1-miR-M9-3p;73.00;mdv1-mir-M9;73.00;0;0;0;0;0;0;0;0;0;0;0;0;0;1.00;0;0;0;0;0;0;0;0;0;0;1.00;0;0;0;0;0;1.00;0;0;0;0;0;0;0;1.00;0;0;0;0;0;0;0;0;0;0;0;0;0;0;0;0;0;0;0;0;0;0;0;0;0;0;0;0;0;0;0;0;0;0;0;0;50.00;0;0;0;0;0;0;0;0;9.00;0;9.00;0;0;0;0;0;0;0;0;0;0;1.00;0;0;0;0;0;0;0;0;0;0;0;0;0;0;0;0;0;0;0;0;0;0;0;0;39.45;0;0;0;0;0;0;0;0;0;0;54.71;0;0;0;0;0;33.28;0;0;0;0;0;0;0;63.47;0;0;0;0;0;0;0;0;0;0;0;0;0;0;0;0;0;0;0;0;0;0;0;0;0;0;0;0;0;0;0;0;0;0;0;0;1037.09;0;0;0;0;0;0;0;0;315.24;0;435.35;0;0;0;0;0;0;0;0;0;0;34.40;0;0;0;0;0;0;0;0;0;0;0
mdv2-miR-M14-5p;70.00;mdv2-mir-M14;70.00;0;0;0;0;0;0;0;0;0;0;0;0;0;0;0;0;0;1.00;0;0;0;0;0;0;0;0;0;0;64.00;0;0;0;0;0;0;0;2.00;0;0;0;0;0;0;0;0;0;0;0;0;0;0;0;0;0;0;0;0;0;0;0;0;0;0;0;0;0;0;0;0;0;0;0;0;0;0;0;0;0;2.00;1.00;0;0;0;0;0;0;0;0;0;0;0;0;0;0;0;0;0;0;0;0;0;0;0;0;0;0;0;0;0;0;0;0;0;0;0;0;0;0;0;0;0;0;0;0;0;0;23.56;0;0;0;0;0;0;0;0;0;0;3748.83;0;0;0;0;0;0;0;81.53;0;0;0;0;0;0;0;0;0;0;0;0;0;0;0;0;0;0;0;0;0;0;0;0;0;0;0;0;0;0;0;0;0;0;0;0;0;0;0;0;0;134.94;39.20;0;0;0;0;0;0;0;0;0;0;0;0;0;0;0;0;0;0;0;0;0;0;0;0;0;0;0;0;0
mdv2-miR-M14-3p;0.00;mdv2-mir-M14;0.00;0;0;0;0;0;0;0;0;0;0;0;0;0;0;0;0;0;0;0;0;0;0;0;0;0;0;0;0;0;0;0;0;0;0;0;0;0;0;0;0;0;0;0;0;0;0;0;0;0;0;0;0;0;0;0;0;0;0;0;0;0;0;0;0;0;0;0;0;0;0;0;0;0;0;0;0;0;0;0;0;0;0;0;0;0;0;0;0;0;0;0;0;0;0;0;0;0;0;0;0;0;0;0;0;0;0;0;0;0;0;0;0;0;0;0;0;0;0;0;0;0;0;0;0;0;0;0;0;0;0;0;0;0;0;0;0;0;0;0;0;0;0;0;0;0;0;0;0;0;0;0;0;0;0;0;0;0;0;0;0;0;0;0;0;0;0;0;0;0;0;0;0;0;0;0;0;0;0;0;0;0;0;0;0;0;0;0;0;0;0;0;0;0;0;0;0;0;0;0;0;0;0;0;0;0;0;0;0;0;0;0;0;0;0;0;0;0;0
mdv2-miR-M15-5p;107.00;mdv2-mir-M15;107.00;0;1.00;5.00;0;0;0;0;0;0;0;0;2.00;0;0;0;0;0;0;0;0;0;0;0;0;0;0;0;0;0;0;0;0;0;0;0;3.00;0;0;0;0;0;0;0;0;0;0;0;0;0;3.00;3.00;1.00;0;0;0;2.00;0;0;0;0;2.00;0;2.00;0;0;0;0;0;0;0;4.00;3.00;0;2.00;0;0;0;1.00;0;3.00;0;0;4.00;0;0;0;0;0;0;0;55.00;1.00;0;0;0;2.00;0;0;0;0;0;4.00;1.00;3.00;0;0;0;0;0;0;37.50;136.11;0;0;0;0;0;0;0;0;208.01;0;0;0;0;0;0;0;0;0;0;0;0;0;0;0;0;0;0;0;0;0;0;0;125.30;0;0;0;0;0;0;0;0;0;0;0;0;0;168.94;402.85;65.20;0;0;0;162.42;0;0;0;0;87.85;0;95.27;0;0;0;0;0;0;0;131.84;109.05;0;65.82;0;0;0;30.04;0;117.61;0;0;142.79;0;0;0;0;0;0;0;3866.16;55.08;0;0;0;155.22;0;0;0;0;0;167.91;16.08;194.14;0;0;0;0;0
mdv2-miR-M15-3p;0.00;mdv2-mir-M15;0.00;0;0;0;0;0;0;0;0;0;0;0;0;0;0;0;0;0;0;0;0;0;0;0;0;0;0;0;0;0;0;0;0;0;0;0;0;0;0;0;0;0;0;0;0;0;0;0;0;0;0;0;0;0;0;0;0;0;0;0;0;0;0;0;0;0;0;0;0;0;0;0;0;0;0;0;0;0;0;0;0;0;0;0;0;0;0;0;0;0;0;0;0;0;0;0;0;0;0;0;0;0;0;0;0;0;0;0;0;0;0;0;0;0;0;0;0;0;0;0;0;0;0;0;0;0;0;0;0;0;0;0;0;0;0;0;0;0;0;0;0;0;0;0;0;0;0;0;0;0;0;0;0;0;0;0;0;0;0;0;0;0;0;0;0;0;0;0;0;0;0;0;0;0;0;0;0;0;0;0;0;0;0;0;0;0;0;0;0;0;0;0;0;0;0;0;0;0;0;0;0;0;0;0;0;0;0;0;0;0;0;0;0;0;0;0;0;0;0
mdv2-miR-M16-5p;103.00;mdv2-mir-M16;103.00;0;0;0;0;0;0;0;0;0;0;0;0;0;0;0;0;0;0;0;0;0;0;0;0;0;0;0;0;0;0;0;0;0;0;0;0;0;0;0;0;0;0;0;0;0;0;0;1.00;0;0;0;0;0;0;0;0;0;0;0;0;0;0;0;0;0;0;0;0;2.00;0;0;0;1.00;0;0;0;0;0;99.00;0;0;0;0;0;0;0;0;0;0;0;0;0;0;0;0;0;0;0;0;0;0;0;0;0;0;0;0;0;0;0;0;0;0;0;0;0;0;0;0;0;0;0;0;0;0;0;0;0;0;0;0;0;0;0;0;0;0;0;0;0;0;0;0;0;0;0;0;0;0;0;0;0;0;0;0;0;65.11;0;0;0;0;0;0;0;0;0;0;0;0;0;0;0;0;0;0;0;0;77.52;0;0;0;63.95;0;0;0;0;0;6679.71;0;0;0;0;0;0;0;0;0;0;0;0;0;0;0;0;0;0;0;0;0;0;0;0;0;0;0;0;0;0
mdv2-miR-M16-3p;21.00;mdv2-mir-M16;21.00;0;0;0;0;0;0;0;0;0;0;0;0;0;0;0;0;0;0;0;0;0;0;0;0;0;0;0;0;0;0;0;12.00;0;0;0;0;0;0;0;0;0;0;0;0;0;0;1.00;0;0;0;0;0;0;0;0;0;0;0;0;0;0;0;0;0;0;0;0;4.00;0;0;0;2.00;0;0;0;0;0;0;0;0;0;2.00;0;0;0;0;0;0;0;0;0;0;0;0;0;0;0;0;0;0;0;0;0;0;0;0;0;0;0;0;0;0;0;0;0;0;0;0;0;0;0;0;0;0;0;0;0;0;0;0;0;0;0;0;0;0;0;0;0;0;281.35;0;0;0;0;0;0;0;0;0;0;0;0;0;0;26.84;0;0;0;0;0;0;0;0;0;0;0;0;0;0;0;0;0;0;0;0;273.60;0;0;0;72.70;0;0;0;0;0;0;0;0;0;47.23;0;0;0;0;0;0;0;0;0;0;0;0;0;0;0;0;0;0;0;0;0;0;0;0;0;0;0
mdv2-miR-M17-5p;1.00;mdv2-mir-M17;1.00;0;0;0;0;0;0;0;0;0;0;0;0;0;0;0;0;0;0;0;0;0;0;0;0;0;0;0;0;0;0;0;0;0;0;0;0;0;0;0;0;0;0;0;0;0;0;0;0;0;0;0;0;0;0;0;0;0;0;0;0;0;0;0;0;0;0;0;0;0;0;0;0;0;0;0;0;0;0;0;0;0;0;0;0;0;0;0;0;0;0;0;0;0;0;0;0;0;0;0;0;0;0;0;0;1.00;0;0;0;0;0;0;0;0;0;0;0;0;0;0;0;0;0;0;0;0;0;0;0;0;0;0;0;0;0;0;0;0;0;0;0;0;0;0;0;0;0;0;0;0;0;0;0;0;0;0;0;0;0;0;0;0;0;0;0;0;0;0;0;0;0;0;0;0;0;0;0;0;0;0;0;0;0;0;0;0;0;0;0;0;0;0;0;0;0;0;0;0;0;0;0;0;0;0;0;0;0;0;0;0;0;0;0;0;18.21;0;0;0;0
mdv2-miR-M17-3p;3214.00;mdv2-mir-M17;3214.00;0;85.00;63.00;0;0;18.00;0;33.00;2.00;0;11.00;0;0;25.00;0;87.00;3.00;0;0;0;0;0;79.00;4.00;2.00;47.00;0;2.00;81.00;0;45.00;125.00;27.00;5.00;72.00;43.00;1.00;0;276.00;0;0;1.00;0;50.00;0;65.00;14.00;19.00;1.00;0;1.00;3.00;0;1.00;103.00;0;0;0;4.00;0;0;0;0;4.00;1.00;57.00;100.00;0;34.00;16.00;0;3.00;1.00;0;0;303.00;0;1.00;929.00;2.00;1.00;4.00;3.00;3.00;1.00;0;27.00;0;0;0;81.00;0;3.00;0;1.00;0;0;2.00;45.00;1.00;0;1.00;14.00;68.00;82.00;26.00;0;0;2.00;0;3187.82;1714.94;0;0;662.52;0;2792.11;96.47;0;1081.08;0;0;986.15;0;4169.26;111.60;0;0;0;0;0;14749.81;532.55;109.42;3457.66;0;266.88;4744.61;0;1497.75;2930.69;1869.03;181.83;3170.13;1796.01;40.76;0;17517.14;0;0;62.27;0;2418.38;0;1819.35;375.78;1237.14;92.89;0;134.28;195.59;0;25.59;2888.71;0;0;0;239.92;0;0;0;0;113.55;106.07;2483.77;3913.28;0;1317.78;859.89;0;109.05;63.95;0;0;6284.74;0;30.04;62681.33;78.40;157.08;94.45;107.09;150.08;35.03;0;1306.05;0;0;0;5693.80;0;58.03;0;919.96;0;0;68.79;2140.92;524.93;0;41.98;225.08;4400.44;1492.97;534.00;0;0;1788.91
mdv2-miR-m18-5p_-1_5-5p;110.00;mdv2-mir-M18;110.00;0;0;0;0;0;2.00;0;0;0;1.00;0;0;0;0;0;0;0;0;0;0;0;0;58.00;0;48.00;0;0;0;0;0;0;0;0;0;0;0;0;0;0;0;0;0;0;0;0;0;0;0;0;0;0;0;0;0;0;0;0;0;0;0;0;0;0;0;0;0;0;0;0;0;0;0;0;0;0;0;0;0;0;1.00;0;0;0;0;0;0;0;0;0;0;0;0;0;0;0;0;0;0;0;0;0;0;0;0;0;0;0;0;0;0;0;0;0;0;73.61;0;0;0;26.22;0;0;0;0;0;0;0;0;0;0;0;0;10828.98;0;2625.96;0;0;0;0;0;0;0;0;0;0;0;0;0;0;0;0;0;0;0;0;0;0;0;0;0;0;0;0;0;0;0;0;0;0;0;0;0;0;0;0;0;0;0;0;0;0;0;0;0;0;0;0;0;0;39.20;0;0;0;0;0;0;0;0;0;0;0;0;0;0;0;0;0;0;0;0;0;0;0;0;0;0;0;0;0
mdv2-miR-M18-5p;110.00;mdv2-mir-M18;110.00;0;0;0;0;0;2.00;0;0;0;1.00;0;0;0;0;0;0;0;0;0;0;0;0;58.00;0;48.00;0;0;0;0;0;0;0;0;0;0;0;0;0;0;0;0;0;0;0;0;0;0;0;0;0;0;0;0;0;0;0;0;0;0;0;0;0;0;0;0;0;0;0;0;0;0;0;0;0;0;0;0;0;0;1.00;0;0;0;0;0;0;0;0;0;0;0;0;0;0;0;0;0;0;0;0;0;0;0;0;0;0;0;0;0;0;0;0;0;0;73.61;0;0;0;26.22;0;0;0;0;0;0;0;0;0;0;0;0;10828.98;0;2625.96;0;0;0;0;0;0;0;0;0;0;0;0;0;0;0;0;0;0;0;0;0;0;0;0;0;0;0;0;0;0;0;0;0;0;0;0;0;0;0;0;0;0;0;0;0;0;0;0;0;0;0;0;0;0;39.20;0;0;0;0;0;0;0;0;0;0;0;0;0;0;0;0;0;0;0;0;0;0;0;0;0;0;0;0;0
mdv2-miR-M18-3p;76.00;mdv2-mir-M18;76.00;0;0;15.00;0;0;0;0;0;0;0;0;0;0;0;0;0;0;0;0;0;0;0;0;0;0;0;0;0;0;0;0;0;0;0;0;0;0;0;0;0;0;0;0;0;0;0;0;0;0;0;0;0;0;0;0;0;0;0;0;0;0;0;0;0;0;0;0;0;0;0;0;60.00;0;0;0;0;0;0;0;0;0;0;0;0;0;0;0;0;0;0;0;0;0;0;0;0;0;0;0;0;0;0;0;0;0;0;0;1.00;0;0;0;408.32;0;0;0;0;0;0;0;0;0;0;0;0;0;0;0;0;0;0;0;0;0;0;0;0;0;0;0;0;0;0;0;0;0;0;0;0;0;0;0;0;0;0;0;0;0;0;0;0;0;0;0;0;0;0;0;0;0;0;0;0;0;0;0;0;0;0;0;0;2181.03;0;0;0;0;0;0;0;0;0;0;0;0;0;0;0;0;0;0;0;0;0;0;0;0;0;0;0;0;0;0;0;0;0;0;0;610.50;0
mdv2-miR-M19-5p;45.00;mdv2-mir-M19;45.00;0;2.00;1.00;0;0;0;0;0;0;0;0;0;1.00;0;0;10.00;1.00;0;0;0;0;0;0;0;0;0;0;0;0;0;0;0;0;0;0;0;0;0;1.00;0;0;0;10.00;0;0;0;0;0;0;0;13.00;0;0;0;0;0;0;0;0;0;0;0;0;0;0;0;0;0;0;1.00;0;0;0;3.00;0;0;0;0;0;0;0;0;0;0;0;0;0;0;0;0;0;0;0;1.00;0;0;0;0;0;0;0;0;1.00;0;0;0;0;0;0;0;75.01;27.22;0;0;0;0;0;0;0;0;0;344.71;0;0;479.23;37.20;0;0;0;0;0;0;0;0;0;0;0;0;0;0;0;0;0;0;0;0;0;63.47;0;0;0;1225.64;0;0;0;0;0;0;0;1745.67;0;0;0;0;0;0;0;0;0;0;0;0;0;0;0;0;0;0;53.74;0;0;0;98.72;0;0;0;0;0;0;0;0;0;0;0;0;0;0;0;0;0;0;0;49.78;0;0;0;0;0;0;0;0;16.08;0;0;0;0;0;0
mdv2-miR-M19-3p;19.00;mdv2-mir-M19;19.00;0;0;0;0;0;0;0;1.00;0;0;0;0;0;0;0;0;0;0;0;0;0;0;0;0;0;0;0;0;0;0;0;0;0;0;0;0;0;0;0;0;0;0;0;0;0;0;0;0;0;0;0;0;0;0;0;0;0;0;0;0;0;0;0;0;0;0;0;0;0;0;0;0;0;0;0;0;0;0;0;0;0;0;0;0;0;0;0;0;0;0;0;0;3.00;0;0;0;0;0;0;1.00;0;0;0;0;0;14.00;0;0;0;0;0;0;0;0;0;0;84.61;0;0;0;0;0;0;0;0;0;0;0;0;0;0;0;0;0;0;0;0;0;0;0;0;0;0;0;0;0;0;0;0;0;0;0;0;0;0;0;0;0;0;0;0;0;0;0;0;0;0;0;0;0;0;0;0;0;0;0;0;0;0;0;0;0;0;0;0;0;0;0;0;0;0;0;0;0;0;0;0;0;0;0;0;58.03;0;0;0;0;0;0;524.93;0;0;0;0;0;287.54;0;0;0
mdv2-miR-M20-5p;4.00;mdv2-mir-M20;4.00;0;0;0;0;0;0;0;0;0;0;1.00;0;0;0;0;0;0;0;0;0;0;0;0;0;0;0;0;0;0;0;0;0;0;0;0;0;1.00;0;0;0;0;0;0;0;0;0;0;0;0;0;0;0;0;0;1.00;0;0;0;0;0;0;0;0;0;0;0;1.00;0;0;0;0;0;0;0;0;0;0;0;0;0;0;0;0;0;0;0;0;0;0;0;0;0;0;0;0;0;0;0;0;0;0;0;0;0;0;0;0;0;0;0;0;0;0;0;0;0;0;0;0;98.28;0;0;0;0;0;0;0;0;0;0;0;0;0;0;0;0;0;0;0;0;0;0;0;0;0;40.76;0;0;0;0;0;0;0;0;0;0;0;0;0;0;0;0;0;28.05;0;0;0;0;0;0;0;0;0;0;0;39.13;0;0;0;0;0;0;0;0;0;0;0;0;0;0;0;0;0;0;0;0;0;0;0;0;0;0;0;0;0;0;0;0;0;0;0;0;0;0;0;0;0;0
mdv2-miR-M20-3p;1.00;mdv2-mir-M20;1.00;0;0;0;0;0;0;0;0;0;0;0;0;0;0;0;0;0;0;0;0;0;1.00;0;0;0;0;0;0;0;0;0;0;0;0;0;0;0;0;0;0;0;0;0;0;0;0;0;0;0;0;0;0;0;0;0;0;0;0;0;0;0;0;0;0;0;0;0;0;0;0;0;0;0;0;0;0;0;0;0;0;0;0;0;0;0;0;0;0;0;0;0;0;0;0;0;0;0;0;0;0;0;0;0;0;0;0;0;0;0;0;0;0;0;0;0;0;0;0;0;0;0;0;0;0;0;0;0;0;0;0;80.43;0;0;0;0;0;0;0;0;0;0;0;0;0;0;0;0;0;0;0;0;0;0;0;0;0;0;0;0;0;0;0;0;0;0;0;0;0;0;0;0;0;0;0;0;0;0;0;0;0;0;0;0;0;0;0;0;0;0;0;0;0;0;0;0;0;0;0;0;0;0;0;0;0;0;0;0;0;0;0;0;0;0;0;0;0;0;0
mdv2-miR-M21-5p;3344.00;mdv2-mir-M21;3344.00;0;0;248.00;0;0;0;0;0;1.00;0;0;0;5.00;0;0;0;0;0;0;0;0;0;0;0;0;0;0;0;0;0;0;2.00;0;0;0;0;1.00;10.00;245.00;0;21.00;0;0;0;1.00;0;0;0;0;0;12.00;0;0;0;0;0;0;0;0;0;0;1.00;0;0;0;0;0;0;0;0;0;509.00;0;0;0;4.00;0;1.00;0;0;0;219.00;1.00;0;0;0;18.00;0;0;0;1765.00;0;0;1.00;0;0;0;0;34.00;0;0;0;5.00;0;0;0;0;0;240.00;0;0;6750.87;0;0;0;0;0;48.24;0;0;0;1723.54;0;0;0;0;0;0;0;0;0;0;0;0;0;0;0;0;0;0;46.89;0;0;0;0;40.76;635.49;15549.63;0;622.04;0;0;0;48.68;0;0;0;0;0;1611.39;0;0;0;0;0;0;0;0;0;0;75.64;0;0;0;0;0;0;0;0;0;18502.36;0;0;0;82.97;0;30.04;0;0;0;5171.19;35.70;0;0;0;870.70;0;0;0;124068.61;0;0;49.78;0;0;0;0;1617.58;0;0;0;80.38;0;0;0;0;0;214669.05
mdv2-miR-M21-3p;30751.00;mdv2-mir-M21;30751.00;141.00;495.00;1045.00;45.00;103.00;103.00;12.00;233.00;91.00;86.00;94.00;60.00;391.00;501.00;447.00;714.00;156.00;377.00;406.00;1.00;203.00;397.00;11.00;1.00;356.00;6.00;74.00;38.00;373.00;176.00;948.00;804.00;399.00;203.00;540.00;182.00;484.00;200.00;145.00;2.00;166.00;227.00;3.00;459.00;113.00;589.00;120.00;249.00;15.00;84.00;239.00;251.00;467.00;108.00;1212.00;26.00;176.00;3.00;4.00;61.00;5.00;107.00;526.00;343.00;107.00;382.00;899.00;298.00;471.00;226.00;240.00;715.00;681.00;318.00;192.00;1744.00;202.00;116.00;2.00;828.00;371.00;419.00;93.00;500.00;450.00;167.00;201.00;368.00;147.00;73.00;345.00;60.00;4.00;207.00;51.00;238.00;2.00;1064.00;421.00;0;19.00;344.00;0;660.00;3.00;310.00;92.00;0;125.00;4230.80;18564.36;28446.21;6550.22;5257.25;3791.09;1098.70;19714.02;4389.56;2255.32;9238.33;6240.25;134781.11;19762.53;57219.66;34216.71;5803.14;8882.50;23541.69;264.34;24677.85;31931.15;2053.77;133.14;19475.90;441.40;3505.95;5070.72;21848.64;7963.08;31552.67;18850.23;27620.10;7382.36;23775.98;7601.70;19729.33;12709.71;9202.84;304.18;4917.06;14136.26;367.69;22200.73;5500.66;16486.13;3220.96;16213.05;1393.40;4730.26;32093.46;16364.58;21675.56;2763.35;33991.47;2111.42;33944.07;7092.20;239.92;2429.21;219.63;8093.80;25055.97;9736.57;11349.17;16645.61;35180.40;20383.04;18255.11;12145.97;7910.61;25990.55;43553.34;10464.66;4966.76;36173.57;9214.91;3484.43;134.94;32459.13;58278.35;9893.74;3319.77;25013.76;15761.82;10529.63;9722.83;10393.72;5553.04;1586.54;24251.37;3305.06;77.37;10304.15;46918.12;18471.09;163.68;36598.79;20029.50;0;6558.51;14440.43;0;42710.15;54.62;6366.94;9908.45;0;111806.80
mdv2-miR-M22-5p;5.00;mdv2-mir-M22;5.00;0;0;0;0;0;0;0;0;0;0;0;0;0;0;0;0;0;0;0;0;0;0;0;0;0;0;0;0;0;0;0;0;0;0;0;0;0;0;0;0;0;0;0;0;0;0;0;0;0;0;0;0;0;0;0;0;0;0;0;0;0;0;0;0;0;0;0;0;0;0;0;0;0;0;0;0;0;0;0;0;0;3.00;0;0;0;0;0;0;0;0;0;0;0;0;0;0;0;0;0;0;0;0;0;0;2.00;0;0;0;0;0;0;0;0;0;0;0;0;0;0;0;0;0;0;0;0;0;0;0;0;0;0;0;0;0;0;0;0;0;0;0;0;0;0;0;0;0;0;0;0;0;0;0;0;0;0;0;0;0;0;0;0;0;0;0;0;0;0;0;0;0;0;0;0;0;0;0;0;0;0;0;0;0;0;0;0;0;0;0;0;0;70.84;0;0;0;0;0;0;0;0;0;0;0;0;0;0;0;0;0;0;0;0;0;0;36.41;0;0;0;0
mdv2-miR-M22-3p;48.00;mdv2-mir-M22;48.00;0;0;0;0;0;0;0;0;0;0;0;0;0;0;0;0;0;0;0;0;0;0;0;0;0;0;0;0;0;0;0;0;0;0;0;0;0;0;0;0;0;0;0;0;0;0;0;0;3.00;0;0;0;0;0;45.00;0;0;0;0;0;0;0;0;0;0;0;0;0;0;0;0;0;0;0;0;0;0;0;0;0;0;0;0;0;0;0;0;0;0;0;0;0;0;0;0;0;0;0;0;0;0;0;0;0;0;0;0;0;0;0;0;0;0;0;0;0;0;0;0;0;0;0;0;0;0;0;0;0;0;0;0;0;0;0;0;0;0;0;0;0;0;0;0;0;0;0;0;0;0;0;0;0;0;0;0;0;0;278.68;0;0;0;0;0;1262.06;0;0;0;0;0;0;0;0;0;0;0;0;0;0;0;0;0;0;0;0;0;0;0;0;0;0;0;0;0;0;0;0;0;0;0;0;0;0;0;0;0;0;0;0;0;0;0;0;0;0;0;0;0;0
mdv2-miR-M23-5p;1.00;mdv2-mir-M23;1.00;0;0;0;0;0;0;0;0;0;0;0;0;0;0;0;0;0;0;0;0;0;0;0;0;0;0;0;0;0;0;0;0;0;0;0;0;0;0;0;0;0;0;0;0;0;0;0;0;0;0;0;0;0;0;0;0;0;0;0;0;1.00;0;0;0;0;0;0;0;0;0;0;0;0;0;0;0;0;0;0;0;0;0;0;0;0;0;0;0;0;0;0;0;0;0;0;0;0;0;0;0;0;0;0;0;0;0;0;0;0;0;0;0;0;0;0;0;0;0;0;0;0;0;0;0;0;0;0;0;0;0;0;0;0;0;0;0;0;0;0;0;0;0;0;0;0;0;0;0;0;0;0;0;0;0;0;0;0;0;0;0;0;0;0;0;0;0;0;0;0;43.93;0;0;0;0;0;0;0;0;0;0;0;0;0;0;0;0;0;0;0;0;0;0;0;0;0;0;0;0;0;0;0;0;0;0;0;0;0;0;0;0;0;0;0;0;0;0;0;0
mdv2-miR-M23-3p;0.00;mdv2-mir-M23;0.00;0;0;0;0;0;0;0;0;0;0;0;0;0;0;0;0;0;0;0;0;0;0;0;0;0;0;0;0;0;0;0;0;0;0;0;0;0;0;0;0;0;0;0;0;0;0;0;0;0;0;0;0;0;0;0;0;0;0;0;0;0;0;0;0;0;0;0;0;0;0;0;0;0;0;0;0;0;0;0;0;0;0;0;0;0;0;0;0;0;0;0;0;0;0;0;0;0;0;0;0;0;0;0;0;0;0;0;0;0;0;0;0;0;0;0;0;0;0;0;0;0;0;0;0;0;0;0;0;0;0;0;0;0;0;0;0;0;0;0;0;0;0;0;0;0;0;0;0;0;0;0;0;0;0;0;0;0;0;0;0;0;0;0;0;0;0;0;0;0;0;0;0;0;0;0;0;0;0;0;0;0;0;0;0;0;0;0;0;0;0;0;0;0;0;0;0;0;0;0;0;0;0;0;0;0;0;0;0;0;0;0;0;0;0;0;0;0;0
mdv2-miR-m24-3p_-1_5-3p;5801.00;mdv2-mir-M24;5801.00;56.00;61.00;107.00;2.00;15.00;102.00;0;0;0;3.00;20.00;0;0;75.00;21.00;170.00;183.00;83.00;469.00;0;3.00;66.00;1.00;155.00;61.00;46.00;0;49.00;0;123.00;136.00;138.00;24.00;1.00;16.00;12.00;125.00;1.00;96.00;50.00;35.00;1.00;0;115.00;116.00;42.00;15.00;42.00;0;12.00;45.00;0;72.00;13.00;102.00;0;27.00;0;0;0;0;0;16.00;112.00;2.00;100.00;40.00;0;0;8.00;0;289.00;49.00;0;205.00;278.00;18.00;0;95.00;1.00;170.00;89.00;0;5.00;58.00;0;48.00;51.00;199.00;13.00;36.00;0;125.00;0;0;35.00;1.00;103.00;95.00;0;9.00;73.00;52.00;217.00;4.00;97.00;0;0;1.00;1680.32;2287.73;2912.67;291.12;765.62;3754.28;0;0;0;78.67;1965.60;0;0;2958.46;2688.17;8146.83;6807.53;1955.56;27194.71;0;364.70;5308.45;186.71;20636.40;3337.16;3384.09;0;6538.56;0;5565.11;4526.54;3235.49;1661.36;36.37;704.47;501.21;5095.39;63.55;6092.92;7604.56;1036.73;62.27;0;5562.27;5646.69;1175.58;402.62;2734.73;0;675.75;6042.70;0;3341.84;332.63;2860.67;0;5207.33;0;0;0;0;0;762.16;3179.29;212.13;4357.49;1565.31;0;0;429.95;0;10505.27;3133.79;0;5303.05;5766.20;821.13;0;6409.82;39.20;26704.37;2101.53;0;250.14;2031.52;0;2321.87;1440.43;7517.38;282.53;2530.58;0;2417.89;0;0;2716.34;81.84;3542.93;4519.72;0;3106.66;3064.39;836.00;14042.58;72.83;1992.24;0;0;894.45
mdv2-miR-M24-5p;130.00;mdv2-mir-M24;130.00;0;0;0;0;0;0;0;3.00;0;0;0;0;0;0;0;0;0;0;0;0;0;0;0;0;0;5.00;0;0;0;0;1.00;0;0;0;0;0;1.00;0;0;0;0;2.00;0;0;0;2.00;0;2.00;0;0;0;0;0;2.00;0;0;0;0;0;0;0;0;0;0;0;1.00;1.00;0;0;0;79.00;0;0;0;0;1.00;25.00;0;0;0;0;1.00;0;0;0;0;0;0;0;0;0;0;0;1.00;0;0;0;0;0;0;0;0;0;0;0;0;0;0;3.00;0;0;0;0;0;0;0;253.83;0;0;0;0;0;0;0;0;0;0;0;0;0;0;0;0;0;367.84;0;0;0;0;33.28;0;0;0;0;0;40.76;0;0;0;0;124.55;0;0;0;55.98;0;130.23;0;0;0;0;0;51.17;0;0;0;0;0;0;0;0;0;0;0;43.57;39.13;0;0;0;2603.91;0;0;0;0;20.74;1140.46;0;0;0;0;23.61;0;0;0;0;0;0;0;0;0;0;0;49.78;0;0;0;0;0;0;0;0;0;0;0;0;0;0;2683.36
mdv2-miR-M24-3p;5801.00;mdv2-mir-M24;5801.00;56.00;61.00;107.00;2.00;15.00;102.00;0;0;0;3.00;20.00;0;0;75.00;21.00;170.00;183.00;83.00;469.00;0;3.00;66.00;1.00;155.00;61.00;46.00;0;49.00;0;123.00;136.00;138.00;24.00;1.00;16.00;12.00;125.00;1.00;96.00;50.00;35.00;1.00;0;115.00;116.00;42.00;15.00;42.00;0;12.00;45.00;0;72.00;13.00;102.00;0;27.00;0;0;0;0;0;16.00;112.00;2.00;100.00;40.00;0;0;8.00;0;289.00;49.00;0;205.00;278.00;18.00;0;95.00;1.00;170.00;89.00;0;5.00;58.00;0;48.00;51.00;199.00;13.00;36.00;0;125.00;0;0;35.00;1.00;103.00;95.00;0;9.00;73.00;52.00;217.00;4.00;97.00;0;0;1.00;1680.32;2287.73;2912.67;291.12;765.62;3754.28;0;0;0;78.67;1965.60;0;0;2958.46;2688.17;8146.83;6807.53;1955.56;27194.71;0;364.70;5308.45;186.71;20636.40;3337.16;3384.09;0;6538.56;0;5565.11;4526.54;3235.49;1661.36;36.37;704.47;501.21;5095.39;63.55;6092.92;7604.56;1036.73;62.27;0;5562.27;5646.69;1175.58;402.62;2734.73;0;675.75;6042.70;0;3341.84;332.63;2860.67;0;5207.33;0;0;0;0;0;762.16;3179.29;212.13;4357.49;1565.31;0;0;429.95;0;10505.27;3133.79;0;5303.05;5766.20;821.13;0;6409.82;39.20;26704.37;2101.53;0;250.14;2031.52;0;2321.87;1440.43;7517.38;282.53;2530.58;0;2417.89;0;0;2716.34;81.84;3542.93;4519.72;0;3106.66;3064.39;836.00;14042.58;72.83;1992.24;0;0;894.45
mdv2-miR-M25-5p;88.00;mdv2-mir-M25;88.00;0;1.00;0;0;0;0;0;0;0;0;11.00;0;0;0;0;0;0;0;0;0;0;1.00;0;0;0;4.00;0;0;0;0;0;0;0;0;0;0;0;0;0;0;0;1.00;0;0;0;0;0;0;0;0;0;0;0;0;0;0;0;0;0;0;0;0;0;0;67.00;0;0;0;0;0;0;0;0;0;0;0;0;0;0;0;0;0;0;0;0;0;1.00;0;0;0;0;0;0;0;0;0;0;0;0;0;0;0;0;1.00;1.00;0;0;0;0;0;37.50;0;0;0;0;0;0;0;0;1081.08;0;0;0;0;0;0;0;0;0;0;80.43;0;0;0;294.27;0;0;0;0;0;0;0;0;0;0;0;0;0;0;0;62.27;0;0;0;0;0;0;0;0;0;0;0;0;0;0;0;0;0;0;0;0;0;0;7106.49;0;0;0;0;0;0;0;0;0;0;0;0;0;0;0;0;0;0;0;0;0;48.37;0;0;0;0;0;0;0;0;0;0;0;0;0;0;0;0;64.71;18.21;0;0;0;0
mdv2-miR-M25-3p;17.00;mdv2-mir-M25;17.00;0;2.00;0;0;0;0;0;0;0;0;0;0;0;0;0;0;0;0;0;0;0;0;0;0;0;0;0;0;0;0;0;0;0;0;0;0;0;0;0;0;0;0;0;0;0;0;0;0;0;0;0;0;0;2.00;0;0;0;0;0;0;0;0;1.00;0;0;0;12.00;0;0;0;0;0;0;0;0;0;0;0;0;0;0;0;0;0;0;0;0;0;0;0;0;0;0;0;0;0;0;0;0;0;0;0;0;0;0;0;0;0;0;0;75.01;0;0;0;0;0;0;0;0;0;0;0;0;0;0;0;0;0;0;0;0;0;0;0;0;0;0;0;0;0;0;0;0;0;0;0;0;0;0;0;0;0;0;0;0;0;0;0;0;0;0;0;51.17;0;0;0;0;0;0;0;0;47.63;0;0;0;469.59;0;0;0;0;0;0;0;0;0;0;0;0;0;0;0;0;0;0;0;0;0;0;0;0;0;0;0;0;0;0;0;0;0;0;0;0;0;0;0;0;0;0
mdv2-miR-M26-5p;1651.00;mdv2-mir-M26;1651.00;3.00;0;31.00;0;43.00;0;0;0;2.00;0;0;0;0;0;0;0;0;1439.00;0;0;0;0;0;0;1.00;1.00;0;0;0;0;0;0;0;0;0;0;0;0;0;0;0;0;0;0;0;0;0;0;1.00;0;0;0;0;0;0;0;0;0;0;0;0;0;0;0;0;35.00;2.00;0;2.00;0;0;0;0;0;0;0;0;0;0;0;0;0;0;0;0;0;0;0;0;0;0;0;0;0;0;0;0;0;0;88.00;0;0;0;2.00;1.00;0;0;0;0;90.02;0;843.86;0;2194.77;0;0;0;96.47;0;0;0;0;0;0;0;0;33904.30;0;0;0;0;0;0;54.71;73.57;0;0;0;0;0;0;0;0;0;0;0;0;0;0;0;0;0;0;0;0;0;0;92.89;0;0;0;0;0;0;0;0;0;0;0;0;0;0;0;0;1525.12;78.27;0;77.52;0;0;0;0;0;0;0;0;0;0;0;0;0;0;0;0;0;0;0;0;0;0;0;0;0;0;0;0;0;0;46194.23;0;0;0;129.42;18.21;0;0;0;0
mdv2-miR-M26-3p;18.00;mdv2-mir-M26;18.00;0;0;0;0;0;0;0;0;12.00;0;0;0;0;0;0;0;0;0;0;0;0;0;0;0;0;0;0;0;0;0;0;0;0;0;0;0;0;0;0;0;0;0;0;0;0;0;0;0;0;0;0;0;0;0;0;0;0;0;0;0;0;0;0;0;0;0;0;0;0;0;0;0;0;0;0;0;0;0;0;0;0;0;4.00;0;0;1.00;0;0;1.00;0;0;0;0;0;0;0;0;0;0;0;0;0;0;0;0;0;0;0;0;0;0;0;0;0;0;0;0;578.84;0;0;0;0;0;0;0;0;0;0;0;0;0;0;0;0;0;0;0;0;0;0;0;0;0;0;0;0;0;0;0;0;0;0;0;0;0;0;0;0;0;0;0;0;0;0;0;0;0;0;0;0;0;0;0;0;0;0;0;0;0;0;0;0;0;0;0;0;0;0;0;0;0;142.79;0;0;63.05;0;0;37.78;0;0;0;0;0;0;0;0;0;0;0;0;0;0;0;0;0;0;0;0
mdv2-miR-M27-5p;2104.00;mdv2-mir-M27;2104.00;52.00;1.00;4.00;0;72.00;12.00;0;0;0;0;0;165.00;0;0;0;68.00;50.00;0;0;0;1.00;0;0;0;0;0;0;0;0;0;46.00;4.00;0;0;73.00;0;0;0;0;40.00;19.00;0;0;20.00;223.00;0;3.00;44.00;47.00;12.00;14.00;0;0;0;42.00;0;0;13.00;87.00;80.00;0;23.00;0;0;0;0;28.00;19.00;15.00;10.00;85.00;108.00;0;90.00;0;0;0;40.00;0;1.00;0;97.00;0;54.00;48.00;55.00;8.00;38.00;0;1.00;0;0;0;97.00;0;1.00;90.00;0;0;0;0;0;2.00;0;2.00;0;0;0;0;1560.30;37.50;108.89;0;3674.97;441.68;0;0;0;0;0;17160.69;0;0;0;3258.73;1859.98;0;0;0;121.57;0;0;0;0;0;0;0;0;0;1531.04;93.78;0;0;3214.16;0;0;0;0;6083.65;562.80;0;0;967.35;10855.28;0;80.52;2864.96;4366.00;675.75;1879.95;0;0;0;1177.92;0;0;30732.86;5218.33;3185.85;0;1739.79;0;0;0;0;1095.72;1299.59;581.37;537.43;2801.67;3925.85;0;2961.70;0;0;0;1201.53;0;39.20;0;2290.44;0;2701.49;1681.26;3467.84;386.98;1073.26;0;21.73;0;0;0;4828.51;0;77.61;7365.58;0;0;0;0;0;32.15;0;36.41;0;0;0;0
mdv2-miR-M27-3p;49.00;mdv2-mir-M27;49.00;0;0;0;0;0;0;0;0;0;0;0;0;0;0;0;0;0;1.00;0;0;0;0;0;0;0;0;0;0;0;0;0;0;0;0;0;0;0;0;0;0;0;0;0;0;0;0;0;2.00;0;0;0;0;0;0;0;0;0;0;0;0;0;0;0;0;0;0;0;0;0;0;2.00;7.00;0;0;0;0;0;0;0;0;0;0;0;0;0;0;0;0;0;0;0;0;1.00;0;0;0;0;0;0;0;0;0;0;0;35.00;0;1.00;0;0;0;0;0;0;0;0;0;0;0;0;0;0;0;0;0;0;0;23.56;0;0;0;0;0;0;0;0;0;0;0;0;0;0;0;0;0;0;0;0;0;0;0;0;0;0;0;0;0;130.23;0;0;0;0;0;0;0;0;0;0;0;0;0;0;0;0;0;0;0;0;0;0;65.92;254.45;0;0;0;0;0;0;0;0;0;0;0;0;0;0;0;0;0;0;0;0;19.34;0;0;0;0;0;0;0;0;0;0;0;637.24;0;107.70;0;0
mdv2-miR-m28-5p_-2_5-5p;0.00;mdv2-mir-M28;0.00;0;0;0;0;0;0;0;0;0;0;0;0;0;0;0;0;0;0;0;0;0;0;0;0;0;0;0;0;0;0;0;0;0;0;0;0;0;0;0;0;0;0;0;0;0;0;0;0;0;0;0;0;0;0;0;0;0;0;0;0;0;0;0;0;0;0;0;0;0;0;0;0;0;0;0;0;0;0;0;0;0;0;0;0;0;0;0;0;0;0;0;0;0;0;0;0;0;0;0;0;0;0;0;0;0;0;0;0;0;0;0;0;0;0;0;0;0;0;0;0;0;0;0;0;0;0;0;0;0;0;0;0;0;0;0;0;0;0;0;0;0;0;0;0;0;0;0;0;0;0;0;0;0;0;0;0;0;0;0;0;0;0;0;0;0;0;0;0;0;0;0;0;0;0;0;0;0;0;0;0;0;0;0;0;0;0;0;0;0;0;0;0;0;0;0;0;0;0;0;0;0;0;0;0;0;0;0;0;0;0;0;0;0;0;0;0;0;0
mdv2-miR-M28-5p;0.00;mdv2-mir-M28;0.00;0;0;0;0;0;0;0;0;0;0;0;0;0;0;0;0;0;0;0;0;0;0;0;0;0;0;0;0;0;0;0;0;0;0;0;0;0;0;0;0;0;0;0;0;0;0;0;0;0;0;0;0;0;0;0;0;0;0;0;0;0;0;0;0;0;0;0;0;0;0;0;0;0;0;0;0;0;0;0;0;0;0;0;0;0;0;0;0;0;0;0;0;0;0;0;0;0;0;0;0;0;0;0;0;0;0;0;0;0;0;0;0;0;0;0;0;0;0;0;0;0;0;0;0;0;0;0;0;0;0;0;0;0;0;0;0;0;0;0;0;0;0;0;0;0;0;0;0;0;0;0;0;0;0;0;0;0;0;0;0;0;0;0;0;0;0;0;0;0;0;0;0;0;0;0;0;0;0;0;0;0;0;0;0;0;0;0;0;0;0;0;0;0;0;0;0;0;0;0;0;0;0;0;0;0;0;0;0;0;0;0;0;0;0;0;0;0;0
mdv2-miR-M28-3p;441.00;mdv2-mir-M28;441.00;0;4.00;1.00;0;0;0;0;40.00;0;0;0;1.00;0;0;0;0;0;1.00;0;0;0;0;0;0;4.00;1.00;0;1.00;2.00;0;0;4.00;0;5.00;22.00;3.00;0;0;0;0;0;3.00;0;19.00;0;0;12.00;25.00;12.00;2.00;0;0;34.00;0;0;0;0;0;0;0;0;0;0;0;0;0;0;0;0;0;0;3.00;0;0;0;2.00;30.00;27.00;0;0;0;127.00;0;0;0;1.00;0;0;0;0;0;1.00;0;1.00;0;0;0;0;49.00;0;0;0;4.00;0;0;0;0;0;0;0;150.02;27.22;0;0;0;0;3384.38;0;0;0;104.00;0;0;0;0;0;23.56;0;0;0;0;0;0;218.83;73.57;0;133.44;117.15;0;0;93.78;0;181.83;968.65;125.30;0;0;0;0;0;186.82;0;918.98;0;0;322.10;1627.82;1114.72;112.63;0;0;1578.09;0;0;0;0;0;0;0;0;0;0;0;0;0;0;0;0;0;0;109.05;0;0;0;41.48;1368.55;811.03;0;0;0;2998.82;0;0;0;63.05;0;0;0;0;0;55.08;0;49.78;0;0;0;0;2331.22;0;0;0;64.31;0;0;0;0;0;0
mdv2-miR-M29-5p;73.00;mdv2-mir-M29;73.00;0;0;0;0;0;0;0;0;0;0;0;0;0;0;0;0;0;0;0;0;0;0;0;0;0;0;0;0;0;0;0;0;0;0;0;0;0;0;0;0;0;0;0;0;0;0;0;0;0;0;0;0;0;0;0;0;0;0;0;0;0;0;0;0;0;0;0;0;0;0;0;0;73.00;0;0;0;0;0;0;0;0;0;0;0;0;0;0;0;0;0;0;0;0;0;0;0;0;0;0;0;0;0;0;0;0;0;0;0;0;0;0;0;0;0;0;0;0;0;0;0;0;0;0;0;0;0;0;0;0;0;0;0;0;0;0;0;0;0;0;0;0;0;0;0;0;0;0;0;0;0;0;0;0;0;0;0;0;0;0;0;0;0;0;0;0;0;0;0;0;0;0;0;0;0;0;0;0;0;0;0;0;4668.71;0;0;0;0;0;0;0;0;0;0;0;0;0;0;0;0;0;0;0;0;0;0;0;0;0;0;0;0;0;0;0;0;0;0;0;0
mdv2-miR-M29-3p;29.00;mdv2-mir-M29;29.00;0;0;0;0;0;0;0;0;0;0;0;0;0;0;0;0;4.00;1.00;0;0;0;0;0;0;0;0;0;0;0;0;0;0;0;0;0;0;0;0;0;0;0;0;0;0;0;0;0;0;0;0;0;0;0;0;0;0;0;0;0;0;0;0;0;0;0;0;0;0;0;0;0;0;0;0;0;0;0;0;0;0;0;0;0;0;0;0;0;24.00;0;0;0;0;0;0;0;0;0;0;0;0;0;0;0;0;0;0;0;0;0;0;0;0;0;0;0;0;0;0;0;0;0;0;0;0;0;148.80;23.56;0;0;0;0;0;0;0;0;0;0;0;0;0;0;0;0;0;0;0;0;0;0;0;0;0;0;0;0;0;0;0;0;0;0;0;0;0;0;0;0;0;0;0;0;0;0;0;0;0;0;0;0;0;0;0;0;0;0;0;0;0;0;0;0;0;0;0;0;0;677.85;0;0;0;0;0;0;0;0;0;0;0;0;0;0;0;0;0;0;0;0;0
mdv2-miR-M30-5p;14.00;mdv2-mir-M30;14.00;0;0;0;0;0;0;0;0;0;1.00;0;0;0;0;0;0;0;0;0;0;0;0;0;0;0;0;0;0;0;0;0;7.00;0;0;0;0;0;0;0;0;0;3.00;0;0;0;0;0;0;0;0;0;0;0;0;0;0;0;0;0;0;0;0;0;0;0;0;0;0;3.00;0;0;0;0;0;0;0;0;0;0;0;0;0;0;0;0;0;0;0;0;0;0;0;0;0;0;0;0;0;0;0;0;0;0;0;0;0;0;0;0;0;0;0;0;0;0;0;0;0;26.22;0;0;0;0;0;0;0;0;0;0;0;0;0;0;0;0;0;0;0;0;0;164.12;0;0;0;0;0;0;0;0;0;186.82;0;0;0;0;0;0;0;0;0;0;0;0;0;0;0;0;0;0;0;0;0;0;0;0;0;0;116.27;0;0;0;0;0;0;0;0;0;0;0;0;0;0;0;0;0;0;0;0;0;0;0;0;0;0;0;0;0;0;0;0;0;0;0;0;0;0;0;0
mdv2-miR-M30-3p;1.00;mdv2-mir-M30;1.00;0;0;0;0;0;0;0;0;0;0;0;0;0;0;0;0;0;0;0;0;0;0;0;0;0;0;0;0;0;0;0;0;0;0;1.00;0;0;0;0;0;0;0;0;0;0;0;0;0;0;0;0;0;0;0;0;0;0;0;0;0;0;0;0;0;0;0;0;0;0;0;0;0;0;0;0;0;0;0;0;0;0;0;0;0;0;0;0;0;0;0;0;0;0;0;0;0;0;0;0;0;0;0;0;0;0;0;0;0;0;0;0;0;0;0;0;0;0;0;0;0;0;0;0;0;0;0;0;0;0;0;0;0;0;0;0;0;0;0;0;0;0;0;0;44.03;0;0;0;0;0;0;0;0;0;0;0;0;0;0;0;0;0;0;0;0;0;0;0;0;0;0;0;0;0;0;0;0;0;0;0;0;0;0;0;0;0;0;0;0;0;0;0;0;0;0;0;0;0;0;0;0;0;0;0;0;0;0;0;0;0;0;0;0;0;0;0;0;0;0
mdv2-miR-M32-5p;99.00;mdv2-mir-M32;99.00;0;0;2.00;0;0;0;0;0;0;0;0;0;0;0;0;0;0;0;0;0;0;0;0;0;0;0;0;0;0;0;0;0;0;0;0;0;0;0;4.00;0;0;1.00;0;0;0;0;0;0;0;0;0;0;0;0;0;0;0;0;0;0;0;0;0;0;0;0;0;0;0;0;0;5.00;0;1.00;0;0;0;0;0;1.00;0;8.00;0;0;0;59.00;0;0;0;0;16.00;0;0;0;0;0;0;0;0;0;0;0;0;0;0;0;0;0;2.00;0;0;54.44;0;0;0;0;0;0;0;0;0;0;0;0;0;0;0;0;0;0;0;0;0;0;0;0;0;0;0;0;0;0;0;0;0;0;0;253.87;0;0;62.27;0;0;0;0;0;0;0;0;0;0;0;0;0;0;0;0;0;0;0;0;0;0;0;0;0;0;0;0;0;181.75;0;32.91;0;0;0;0;0;39.20;0;188.90;0;0;0;3720.05;0;0;0;0;1124.70;0;0;0;0;0;0;0;0;0;0;0;0;0;0;0;0;0;1788.91
mdv2-miR-M32-3p;17.00;mdv2-mir-M32;17.00;0;0;0;0;0;0;0;1.00;0;0;0;0;0;1.00;0;0;0;0;0;0;0;0;0;0;0;0;0;0;0;0;3.00;1.00;0;0;0;0;0;0;0;0;0;0;0;0;0;0;0;0;0;0;0;0;0;0;0;0;0;0;0;0;0;0;0;0;0;0;4.00;0;4.00;0;0;0;0;0;0;1.00;0;0;0;0;0;1.00;0;0;0;0;0;0;0;0;0;0;0;0;0;0;0;0;1.00;0;0;0;0;0;0;0;0;0;0;0;0;0;0;0;0;0;84.61;0;0;0;0;0;39.45;0;0;0;0;0;0;0;0;0;0;0;0;0;0;0;0;99.85;23.45;0;0;0;0;0;0;0;0;0;0;0;0;0;0;0;0;0;0;0;0;0;0;0;0;0;0;0;0;0;0;0;0;0;0;156.53;0;155.03;0;0;0;0;0;0;20.74;0;0;0;0;0;23.61;0;0;0;0;0;0;0;0;0;0;0;0;0;0;0;0;47.58;0;0;0;0;0;0;0;0;0;0
mghv-miR-M1-1-5p;8.00;mghv-mir-M1-1;8.00;0;0;0;0;0;0;0;0;0;0;0;0;0;0;0;0;0;3.00;1.00;0;0;0;0;0;0;0;0;0;0;0;0;0;0;0;0;0;0;0;0;0;0;0;0;1.00;0;0;0;0;0;0;0;0;0;0;0;0;0;0;0;0;0;0;0;0;0;0;0;1.00;0;0;0;0;0;0;0;0;0;0;0;0;0;0;0;0;0;0;0;0;0;0;1.00;0;0;0;0;0;0;0;1.00;0;0;0;0;0;0;0;0;0;0;0;0;0;0;0;0;0;0;0;0;0;0;0;0;0;0;0;70.68;57.98;0;0;0;0;0;0;0;0;0;0;0;0;0;0;0;0;0;0;0;0;0;0;0;0;48.37;0;0;0;0;0;0;0;0;0;0;0;0;0;0;0;0;0;0;0;0;0;0;0;68.40;0;0;0;0;0;0;0;0;0;0;0;0;0;0;0;0;0;0;0;0;0;0;70.29;0;0;0;0;0;0;0;47.58;0;0;0;0;0;0;0;0;0;0
mghv-miR-M1-1-3p;72.00;mghv-mir-M1-1;72.00;0;0;0;0;0;0;0;0;0;0;0;0;0;0;0;4.00;0;0;0;0;0;0;0;0;0;0;0;0;0;0;0;0;0;0;0;0;0;0;0;0;0;0;0;0;0;0;0;0;0;0;0;0;0;0;0;0;0;0;0;0;0;0;0;0;67.00;0;0;0;0;0;0;1.00;0;0;0;0;0;0;0;0;0;0;0;0;0;0;0;0;0;0;0;0;0;0;0;0;0;0;0;0;0;0;0;0;0;0;0;0;0;0;0;0;0;0;0;0;0;0;0;0;0;0;0;0;191.69;0;0;0;0;0;0;0;0;0;0;0;0;0;0;0;0;0;0;0;0;0;0;0;0;0;0;0;0;0;0;0;0;0;0;0;0;0;0;0;0;0;0;0;0;0;0;0;0;7106.49;0;0;0;0;0;0;36.35;0;0;0;0;0;0;0;0;0;0;0;0;0;0;0;0;0;0;0;0;0;0;0;0;0;0;0;0;0;0;0;0;0;0;0;0;0
mghv-miR-M1-10-5p;96.00;mghv-mir-M1-10;96.00;0;0;0;0;0;0;0;0;0;0;0;0;0;0;0;0;0;0;0;0;0;0;0;0;0;0;0;0;0;0;0;0;0;96.00;0;0;0;0;0;0;0;0;0;0;0;0;0;0;0;0;0;0;0;0;0;0;0;0;0;0;0;0;0;0;0;0;0;0;0;0;0;0;0;0;0;0;0;0;0;0;0;0;0;0;0;0;0;0;0;0;0;0;0;0;0;0;0;0;0;0;0;0;0;0;0;0;0;0;0;0;0;0;0;0;0;0;0;0;0;0;0;0;0;0;0;0;0;0;0;0;0;0;0;0;0;0;0;0;0;0;0;0;3491.16;0;0;0;0;0;0;0;0;0;0;0;0;0;0;0;0;0;0;0;0;0;0;0;0;0;0;0;0;0;0;0;0;0;0;0;0;0;0;0;0;0;0;0;0;0;0;0;0;0;0;0;0;0;0;0;0;0;0;0;0;0;0;0;0;0;0;0;0;0;0;0;0;0;0;0
mghv-miR-M1-10-3p;1.00;mghv-mir-M1-10;1.00;0;0;0;0;0;0;0;0;0;0;0;0;0;0;0;0;0;0;0;0;0;0;0;0;0;0;0;0;0;0;0;0;0;0;0;0;0;0;0;0;0;0;0;0;0;0;0;0;0;0;0;0;0;0;0;0;0;0;0;0;0;0;0;0;0;0;0;0;0;0;0;0;0;0;0;0;0;0;1.00;0;0;0;0;0;0;0;0;0;0;0;0;0;0;0;0;0;0;0;0;0;0;0;0;0;0;0;0;0;0;0;0;0;0;0;0;0;0;0;0;0;0;0;0;0;0;0;0;0;0;0;0;0;0;0;0;0;0;0;0;0;0;0;0;0;0;0;0;0;0;0;0;0;0;0;0;0;0;0;0;0;0;0;0;0;0;0;0;0;0;0;0;0;0;0;0;0;0;0;0;0;0;0;0;0;0;0;0;67.47;0;0;0;0;0;0;0;0;0;0;0;0;0;0;0;0;0;0;0;0;0;0;0;0;0;0;0;0;0;0
mghv-miR-M1-11-5p;4.00;mghv-mir-M1-11;4.00;0;0;0;0;0;0;0;0;0;0;0;0;0;0;0;0;0;0;0;0;0;4.00;0;0;0;0;0;0;0;0;0;0;0;0;0;0;0;0;0;0;0;0;0;0;0;0;0;0;0;0;0;0;0;0;0;0;0;0;0;0;0;0;0;0;0;0;0;0;0;0;0;0;0;0;0;0;0;0;0;0;0;0;0;0;0;0;0;0;0;0;0;0;0;0;0;0;0;0;0;0;0;0;0;0;0;0;0;0;0;0;0;0;0;0;0;0;0;0;0;0;0;0;0;0;0;0;0;0;0;0;321.72;0;0;0;0;0;0;0;0;0;0;0;0;0;0;0;0;0;0;0;0;0;0;0;0;0;0;0;0;0;0;0;0;0;0;0;0;0;0;0;0;0;0;0;0;0;0;0;0;0;0;0;0;0;0;0;0;0;0;0;0;0;0;0;0;0;0;0;0;0;0;0;0;0;0;0;0;0;0;0;0;0;0;0;0;0;0;0
mghv-miR-M1-11-3p;0.00;mghv-mir-M1-11;0.00;0;0;0;0;0;0;0;0;0;0;0;0;0;0;0;0;0;0;0;0;0;0;0;0;0;0;0;0;0;0;0;0;0;0;0;0;0;0;0;0;0;0;0;0;0;0;0;0;0;0;0;0;0;0;0;0;0;0;0;0;0;0;0;0;0;0;0;0;0;0;0;0;0;0;0;0;0;0;0;0;0;0;0;0;0;0;0;0;0;0;0;0;0;0;0;0;0;0;0;0;0;0;0;0;0;0;0;0;0;0;0;0;0;0;0;0;0;0;0;0;0;0;0;0;0;0;0;0;0;0;0;0;0;0;0;0;0;0;0;0;0;0;0;0;0;0;0;0;0;0;0;0;0;0;0;0;0;0;0;0;0;0;0;0;0;0;0;0;0;0;0;0;0;0;0;0;0;0;0;0;0;0;0;0;0;0;0;0;0;0;0;0;0;0;0;0;0;0;0;0;0;0;0;0;0;0;0;0;0;0;0;0;0;0;0;0;0;0
mghv-miR-M1-12-5p;0.00;mghv-mir-M1-12;0.00;0;0;0;0;0;0;0;0;0;0;0;0;0;0;0;0;0;0;0;0;0;0;0;0;0;0;0;0;0;0;0;0;0;0;0;0;0;0;0;0;0;0;0;0;0;0;0;0;0;0;0;0;0;0;0;0;0;0;0;0;0;0;0;0;0;0;0;0;0;0;0;0;0;0;0;0;0;0;0;0;0;0;0;0;0;0;0;0;0;0;0;0;0;0;0;0;0;0;0;0;0;0;0;0;0;0;0;0;0;0;0;0;0;0;0;0;0;0;0;0;0;0;0;0;0;0;0;0;0;0;0;0;0;0;0;0;0;0;0;0;0;0;0;0;0;0;0;0;0;0;0;0;0;0;0;0;0;0;0;0;0;0;0;0;0;0;0;0;0;0;0;0;0;0;0;0;0;0;0;0;0;0;0;0;0;0;0;0;0;0;0;0;0;0;0;0;0;0;0;0;0;0;0;0;0;0;0;0;0;0;0;0;0;0;0;0;0;0
mghv-miR-M1-12-3p;289.00;mghv-mir-M1-12;289.00;0;0;4.00;0;0;0;0;41.00;0;0;0;0;0;1.00;0;0;0;4.00;0;0;3.00;0;0;0;0;0;0;0;0;0;1.00;0;13.00;0;0;0;1.00;0;52.00;0;0;0;0;0;0;1.00;0;0;3.00;0;0;2.00;0;1.00;1.00;0;0;0;0;0;0;0;1.00;0;0;0;0;0;0;11.00;0;2.00;0;0;0;4.00;0;0;0;0;0;0;0;0;2.00;0;1.00;1.00;0;0;136.00;0;0;0;0;0;0;0;0;0;0;0;0;3.00;0;0;0;0;0;0;0;108.89;0;0;0;0;3468.99;0;0;0;0;0;39.45;0;0;0;94.24;0;0;364.70;0;0;0;0;0;0;0;0;0;33.28;0;899.90;0;0;0;40.76;0;3300.33;0;0;0;0;0;0;27.99;0;0;278.68;0;0;130.40;0;25.59;28.05;0;0;0;0;0;0;0;47.63;0;0;0;0;0;0;591.18;0;72.70;0;0;0;82.97;0;0;0;0;0;0;0;0;70.05;0;48.37;28.24;0;0;9559.96;0;0;0;0;0;0;0;0;0;0;0;0;194.14;0;0;0;0;0
mghv-miR-M1-13-5p;342.00;mghv-mir-M1-13;342.00;0;0;18.00;0;0;0;0;5.00;0;2.00;0;0;0;4.00;0;8.00;0;0;2.00;0;0;0;3.00;0;1.00;0;0;0;1.00;1.00;2.00;1.00;0;0;0;2.00;7.00;0;4.00;0;0;0;1.00;28.00;0;0;0;2.00;0;0;5.00;0;0;0;2.00;0;0;0;0;0;0;3.00;28.00;150.00;0;0;9.00;3.00;0;2.00;0;6.00;6.00;0;0;11.00;0;0;0;0;0;0;0;0;0;0;4.00;0;0;8.00;1.00;0;0;0;0;0;0;0;5.00;3.00;0;0;0;3.00;1.00;0;0;0;0;0;0;489.98;0;0;0;0;423.05;0;52.45;0;0;0;157.78;0;383.38;0;0;115.97;0;0;0;560.12;0;54.71;0;0;0;58.58;45.24;66.57;23.45;0;0;0;83.54;285.34;0;253.87;0;0;0;122.56;1354.29;0;0;0;130.23;0;0;671.41;0;0;0;56.09;0;0;0;0;0;0;226.93;1333.78;4257.98;0;0;352.20;205.20;0;107.49;0;218.10;383.73;0;0;228.16;0;0;0;0;0;0;0;0;0;0;193.49;0;0;173.87;70.29;0;0;0;0;0;0;0;237.88;1574.80;0;0;0;194.14;18.21;0;0;0;0
mghv-miR-M1-13-3p;81.00;mghv-mir-M1-13;81.00;0;1.00;3.00;0;0;0;0;0;0;0;0;0;0;1.00;0;0;0;0;0;0;0;0;0;0;0;0;0;0;0;0;0;0;0;0;0;0;0;0;0;0;0;0;0;0;0;0;0;0;0;0;0;0;0;0;1.00;0;0;0;0;0;0;0;0;0;0;0;0;0;0;0;0;0;75.00;0;0;0;0;0;0;0;0;0;0;0;0;0;0;0;0;0;0;0;0;0;0;0;0;0;0;0;0;0;0;0;0;0;0;0;0;0;37.50;81.66;0;0;0;0;0;0;0;0;0;0;39.45;0;0;0;0;0;0;0;0;0;0;0;0;0;0;0;0;0;0;0;0;0;0;0;0;0;0;0;0;0;0;0;0;0;0;0;0;0;0;0;0;28.05;0;0;0;0;0;0;0;0;0;0;0;0;0;0;0;0;0;4796.62;0;0;0;0;0;0;0;0;0;0;0;0;0;0;0;0;0;0;0;0;0;0;0;0;0;0;0;0;0;0;0;0;0;0;0;0
mghv-miR-M1-14-5p;373.00;mghv-mir-M1-14;373.00;1.00;0;0;0;0;4.00;0;1.00;1.00;0;9.00;0;0;34.00;0;1.00;7.00;5.00;0;0;0;0;0;0;0;0;0;0;0;0;1.00;0;0;1.00;0;0;1.00;0;0;0;1.00;0;0;31.00;0;1.00;1.00;0;0;2.00;21.00;0;0;51.00;1.00;0;0;0;0;0;0;1.00;0;0;0;0;0;0;54.00;0;0;0;0;0;0;3.00;0;0;2.00;0;0;1.00;0;0;2.00;0;16.00;23.00;0;0;0;0;0;0;0;0;0;0;35.00;0;1.00;52.00;1.00;7.00;0;0;0;0;0;30.01;0;0;0;0;147.23;0;84.61;48.24;0;884.52;0;0;1341.17;0;47.92;260.40;117.81;0;0;0;0;0;0;0;0;0;0;0;0;33.28;0;0;36.37;0;0;40.76;0;0;0;29.62;0;0;1499.40;0;27.99;26.84;0;0;112.63;2819.93;0;0;1304.92;28.05;0;0;0;0;0;0;75.64;0;0;0;0;0;0;2092.94;0;0;0;0;0;0;62.23;0;0;134.94;0;0;23.61;0;0;70.05;0;773.96;649.61;0;0;0;0;0;0;0;0;0;0;1665.16;0;345.18;2182.86;16.08;452.99;0;0;0;0;0
mghv-miR-M1-14-3p;0.00;mghv-mir-M1-14;0.00;0;0;0;0;0;0;0;0;0;0;0;0;0;0;0;0;0;0;0;0;0;0;0;0;0;0;0;0;0;0;0;0;0;0;0;0;0;0;0;0;0;0;0;0;0;0;0;0;0;0;0;0;0;0;0;0;0;0;0;0;0;0;0;0;0;0;0;0;0;0;0;0;0;0;0;0;0;0;0;0;0;0;0;0;0;0;0;0;0;0;0;0;0;0;0;0;0;0;0;0;0;0;0;0;0;0;0;0;0;0;0;0;0;0;0;0;0;0;0;0;0;0;0;0;0;0;0;0;0;0;0;0;0;0;0;0;0;0;0;0;0;0;0;0;0;0;0;0;0;0;0;0;0;0;0;0;0;0;0;0;0;0;0;0;0;0;0;0;0;0;0;0;0;0;0;0;0;0;0;0;0;0;0;0;0;0;0;0;0;0;0;0;0;0;0;0;0;0;0;0;0;0;0;0;0;0;0;0;0;0;0;0;0;0;0;0;0;0
mghv-miR-M1-15;87.00;mghv-mir-M1-15;87.00;0;0;0;0;0;0;0;0;0;1.00;0;0;0;0;0;0;0;0;0;0;0;4.00;0;0;0;0;0;0;0;0;0;0;0;0;0;0;0;0;0;0;0;0;0;0;0;0;1.00;0;0;0;0;0;0;0;0;0;0;0;0;0;0;0;0;0;0;0;0;0;0;0;0;0;0;0;0;0;0;0;0;0;0;0;0;0;0;0;0;0;0;0;0;0;0;0;0;0;0;0;0;0;0;0;0;0;81.00;0;0;0;0;0;0;0;0;0;0;0;0;0;26.22;0;0;0;0;0;0;0;0;0;0;0;321.72;0;0;0;0;0;0;0;0;0;0;0;0;0;0;0;0;0;0;0;0;0;0;0;0;26.84;0;0;0;0;0;0;0;0;0;0;0;0;0;0;0;0;0;0;0;0;0;0;0;0;0;0;0;0;0;0;0;0;0;0;0;0;0;0;0;0;0;0;0;0;0;0;0;0;0;0;0;0;0;0;0;0;0;1474.77;0;0;0;0
mghv-miR-M1-2-5p;314.00;mghv-mir-M1-2;314.00;0;7.00;1.00;0;2.00;0;3.00;1.00;0;20.00;0;0;0;0;0;0;3.00;5.00;15.00;0;18.00;10.00;40.00;0;0;0;1.00;0;0;0;0;0;0;1.00;0;39.00;1.00;0;2.00;0;0;0;0;0;0;1.00;1.00;43.00;1.00;0;0;0;1.00;4.00;0;0;0;0;0;13.00;0;0;0;0;0;4.00;2.00;0;1.00;0;0;0;1.00;0;0;40.00;0;0;0;11.00;9.00;0;0;0;0;0;8.00;0;0;0;0;0;0;0;0;0;0;1.00;1.00;0;0;0;1.00;0;1.00;1.00;0;0;0;0;262.53;27.22;0;102.08;0;274.67;84.61;0;524.49;0;0;0;0;0;0;111.60;117.81;869.77;0;2188.18;804.31;7468.26;0;0;0;47.38;0;0;0;0;0;0;36.37;0;1628.94;40.76;0;126.94;0;0;0;0;0;0;27.99;26.84;2799.84;92.89;0;0;0;46.41;102.35;0;0;0;0;0;517.70;0;0;0;0;0;174.30;78.27;0;38.76;0;0;0;63.95;0;0;829.67;0;0;0;431.22;1413.76;0;0;0;0;0;386.98;0;0;0;0;0;0;0;0;0;0;34.40;47.58;0;0;0;16.08;0;18.21;20.54;0;0;0
mghv-miR-M1-2-3p;0.00;mghv-mir-M1-2;0.00;0;0;0;0;0;0;0;0;0;0;0;0;0;0;0;0;0;0;0;0;0;0;0;0;0;0;0;0;0;0;0;0;0;0;0;0;0;0;0;0;0;0;0;0;0;0;0;0;0;0;0;0;0;0;0;0;0;0;0;0;0;0;0;0;0;0;0;0;0;0;0;0;0;0;0;0;0;0;0;0;0;0;0;0;0;0;0;0;0;0;0;0;0;0;0;0;0;0;0;0;0;0;0;0;0;0;0;0;0;0;0;0;0;0;0;0;0;0;0;0;0;0;0;0;0;0;0;0;0;0;0;0;0;0;0;0;0;0;0;0;0;0;0;0;0;0;0;0;0;0;0;0;0;0;0;0;0;0;0;0;0;0;0;0;0;0;0;0;0;0;0;0;0;0;0;0;0;0;0;0;0;0;0;0;0;0;0;0;0;0;0;0;0;0;0;0;0;0;0;0;0;0;0;0;0;0;0;0;0;0;0;0;0;0;0;0;0;0
mghv-miR-M1-3-5p;0.00;mghv-mir-M1-3;0.00;0;0;0;0;0;0;0;0;0;0;0;0;0;0;0;0;0;0;0;0;0;0;0;0;0;0;0;0;0;0;0;0;0;0;0;0;0;0;0;0;0;0;0;0;0;0;0;0;0;0;0;0;0;0;0;0;0;0;0;0;0;0;0;0;0;0;0;0;0;0;0;0;0;0;0;0;0;0;0;0;0;0;0;0;0;0;0;0;0;0;0;0;0;0;0;0;0;0;0;0;0;0;0;0;0;0;0;0;0;0;0;0;0;0;0;0;0;0;0;0;0;0;0;0;0;0;0;0;0;0;0;0;0;0;0;0;0;0;0;0;0;0;0;0;0;0;0;0;0;0;0;0;0;0;0;0;0;0;0;0;0;0;0;0;0;0;0;0;0;0;0;0;0;0;0;0;0;0;0;0;0;0;0;0;0;0;0;0;0;0;0;0;0;0;0;0;0;0;0;0;0;0;0;0;0;0;0;0;0;0;0;0;0;0;0;0;0;0
mghv-miR-M1-3-3p;15.00;mghv-mir-M1-3;15.00;0;0;0;0;0;0;0;0;1.00;0;0;0;0;12.00;0;0;0;0;0;0;0;0;0;0;0;0;0;0;0;0;1.00;0;0;0;0;0;0;0;0;0;0;0;0;0;0;0;0;0;0;0;0;0;0;0;0;0;0;0;0;0;0;0;0;0;0;0;0;0;0;0;0;0;0;0;0;0;0;0;0;0;0;0;0;0;0;0;0;0;0;0;1.00;0;0;0;0;0;0;0;0;0;0;0;0;0;0;0;0;0;0;0;0;0;0;0;0;0;0;48.24;0;0;0;0;473.35;0;0;0;0;0;0;0;0;0;0;0;0;0;0;0;0;33.28;0;0;0;0;0;0;0;0;0;0;0;0;0;0;0;0;0;0;0;0;0;0;0;0;0;0;0;0;0;0;0;0;0;0;0;0;0;0;0;0;0;0;0;0;0;0;0;0;0;0;0;0;0;0;0;0;0;0;0;70.29;0;0;0;0;0;0;0;0;0;0;0;0;0;0;0;0;0;0
mghv-miR-M1-4-5p;316.00;mghv-mir-M1-4;316.00;0;0;2.00;0;0;0;0;0;0;0;1.00;0;0;0;0;11.00;0;0;5.00;0;1.00;0;0;0;0;0;0;0;5.00;0;15.00;1.00;0;0;0;0;8.00;0;2.00;0;0;0;0;0;0;63.00;0;1.00;0;0;5.00;65.00;0;0;0;0;1.00;0;0;0;0;0;0;0;0;0;0;0;3.00;0;0;0;3.00;0;0;0;0;0;0;0;0;0;0;1.00;0;0;0;5.00;2.00;0;0;0;0;0;0;0;0;0;0;0;0;22.00;86.00;7.00;0;1.00;0;0;0;0;0;54.44;0;0;0;0;0;0;0;98.28;0;0;0;0;527.15;0;0;289.92;0;121.57;0;0;0;0;0;0;0;292.88;0;499.25;23.45;0;0;0;0;326.10;0;126.94;0;0;0;0;0;0;1763.37;0;65.11;0;0;671.41;4237.84;0;0;0;0;192.86;0;0;0;0;0;0;0;0;0;0;0;116.27;0;0;0;191.86;0;0;0;0;0;0;0;0;0;0;50.03;0;0;0;141.22;75.55;0;0;0;0;0;0;0;0;0;0;0;0;923.52;1382.61;452.99;0;20.54;0;0;0
mghv-miR-M1-4-3p;31.00;mghv-mir-M1-4;31.00;0;0;2.00;0;0;0;0;0;0;0;0;0;0;0;0;0;0;13.00;0;0;0;0;0;0;15.00;0;0;0;0;0;0;0;0;0;0;0;0;0;0;0;0;0;0;0;0;0;0;0;0;0;0;0;0;0;0;0;0;0;0;0;0;0;0;0;0;0;0;0;0;0;0;0;0;0;0;0;0;0;0;0;0;0;0;0;0;0;0;0;0;0;0;0;0;0;0;0;0;0;0;0;1.00;0;0;0;0;0;0;0;0;0;0;54.44;0;0;0;0;0;0;0;0;0;0;0;0;0;0;306.29;0;0;0;0;0;0;820.61;0;0;0;0;0;0;0;0;0;0;0;0;0;0;0;0;0;0;0;0;0;0;0;0;0;0;0;0;0;0;0;0;0;0;0;0;0;0;0;0;0;0;0;0;0;0;0;0;0;0;0;0;0;0;0;0;0;0;0;0;0;0;0;0;0;0;0;0;0;0;0;0;0;0;0;345.18;0;0;0;0;0;0;0;0
mghv-miR-M1-5-5p;108.00;mghv-mir-M1-5;108.00;0;0;0;0;0;0;0;0;0;0;0;0;0;0;0;0;0;0;0;0;0;0;0;0;0;0;0;0;0;0;0;0;0;0;0;0;0;0;0;0;0;0;0;1.00;0;0;0;0;0;0;0;0;0;0;0;0;0;0;0;0;0;0;0;0;0;0;0;0;0;0;0;0;0;0;0;0;0;0;0;0;0;0;0;0;0;0;0;0;0;0;0;0;0;0;0;0;0;0;0;0;0;0;0;0;0;0;0;0;107.00;0;0;0;0;0;0;0;0;0;0;0;0;0;0;0;0;0;0;0;0;0;0;0;0;0;0;0;0;0;0;0;0;0;0;0;0;0;0;0;0;0;0;0;48.37;0;0;0;0;0;0;0;0;0;0;0;0;0;0;0;0;0;0;0;0;0;0;0;0;0;0;0;0;0;0;0;0;0;0;0;0;0;0;0;0;0;0;0;0;0;0;0;0;0;0;0;0;0;0;0;0;0;0;0;0;0;0;0;0;95706.62
mghv-miR-M1-5-3p;0.00;mghv-mir-M1-5;0.00;0;0;0;0;0;0;0;0;0;0;0;0;0;0;0;0;0;0;0;0;0;0;0;0;0;0;0;0;0;0;0;0;0;0;0;0;0;0;0;0;0;0;0;0;0;0;0;0;0;0;0;0;0;0;0;0;0;0;0;0;0;0;0;0;0;0;0;0;0;0;0;0;0;0;0;0;0;0;0;0;0;0;0;0;0;0;0;0;0;0;0;0;0;0;0;0;0;0;0;0;0;0;0;0;0;0;0;0;0;0;0;0;0;0;0;0;0;0;0;0;0;0;0;0;0;0;0;0;0;0;0;0;0;0;0;0;0;0;0;0;0;0;0;0;0;0;0;0;0;0;0;0;0;0;0;0;0;0;0;0;0;0;0;0;0;0;0;0;0;0;0;0;0;0;0;0;0;0;0;0;0;0;0;0;0;0;0;0;0;0;0;0;0;0;0;0;0;0;0;0;0;0;0;0;0;0;0;0;0;0;0;0;0;0;0;0;0;0
mghv-miR-M1-6-5p;56.00;mghv-mir-M1-6;56.00;0;0;0;0;0;0;0;0;0;0;0;0;0;0;0;0;0;0;0;0;0;0;0;0;0;0;0;0;0;0;0;0;0;0;0;0;0;0;0;0;0;0;0;0;0;0;0;0;0;0;0;0;0;0;0;0;0;0;0;0;0;0;0;0;0;0;0;0;0;0;0;0;0;0;0;0;0;0;0;0;0;0;0;0;0;0;0;0;0;0;0;0;0;0;0;0;0;0;0;0;0;56.00;0;0;0;0;0;0;0;0;0;0;0;0;0;0;0;0;0;0;0;0;0;0;0;0;0;0;0;0;0;0;0;0;0;0;0;0;0;0;0;0;0;0;0;0;0;0;0;0;0;0;0;0;0;0;0;0;0;0;0;0;0;0;0;0;0;0;0;0;0;0;0;0;0;0;0;0;0;0;0;0;0;0;0;0;0;0;0;0;0;0;0;0;0;0;0;0;0;0;0;0;0;0;0;0;0;0;0;0;2350.77;0;0;0;0;0;0;0
mghv-miR-M1-6-3p;5697.00;mghv-mir-M1-6;5697.00;8.00;225.00;112.00;11.00;5.00;27.00;3.00;75.00;34.00;89.00;20.00;12.00;2.00;125.00;1.00;89.00;39.00;37.00;53.00;0;7.00;51.00;0;1.00;78.00;2.00;27.00;0;6.00;73.00;122.00;26.00;27.00;51.00;145.00;3.00;318.00;7.00;62.00;1.00;44.00;193.00;5.00;79.00;16.00;21.00;17.00;56.00;9.00;63.00;85.00;17.00;51.00;16.00;42.00;37.00;5.00;0;0;3.00;8.00;4.00;4.00;16.00;8.00;19.00;292.00;17.00;69.00;132.00;1.00;176.00;191.00;11.00;40.00;288.00;98.00;4.00;0;592.00;0;255.00;1.00;14.00;166.00;10.00;81.00;46.00;15.00;6.00;65.00;14.00;1.00;0;0;0;1.00;10.00;183.00;0;34.00;30.00;49.00;8.00;0;4.00;1.00;0;0;240.05;8438.34;3048.78;1601.16;255.21;993.78;274.67;6345.71;1640.06;2334.00;1965.60;1248.05;689.42;4930.77;128.01;4265.11;1450.78;871.76;3073.18;0;850.96;4101.99;0;133.14;4267.19;147.13;1279.20;0;351.45;3302.87;4060.58;609.58;1869.03;1854.68;6384.29;125.30;12962.66;444.84;3935.01;152.09;1303.32;12018.93;612.82;3821.04;778.85;587.79;456.30;3646.31;836.04;3547.70;11413.99;1108.36;2367.14;409.39;1177.92;3004.71;964.32;0;0;119.47;351.40;302.57;190.54;454.18;848.54;827.92;11426.78;1162.79;2674.31;7094.10;32.96;6397.67;12215.40;361.98;1034.74;5973.62;4470.60;120.15;0;23207.50;0;6021.25;35.70;700.39;5814.36;630.52;3918.15;1299.21;566.64;130.40;4569.10;771.18;19.34;0;0;0;81.84;343.97;8706.41;0;11736.28;1259.34;787.77;517.70;0;82.15;107.70;0;0
mghv-miR-M1-7-5p;1031.00;mghv-mir-M1-7;1031.00;0;0;30.00;0;0;1.00;50.00;0;0;0;3.00;0;0;0;0;1.00;0;110.00;13.00;0;0;61.00;0;0;0;1.00;0;0;2.00;0;43.00;0;31.00;0;25.00;1.00;38.00;0;0;0;0;0;0;6.00;0;0;4.00;30.00;0;1.00;0;0;46.00;0;38.00;0;0;0;0;0;1.00;0;0;0;0;0;0;1.00;21.00;1.00;0;0;2.00;3.00;111.00;174.00;0;0;0;41.00;0;35.00;0;55.00;0;0;8.00;32.00;0;0;3.00;0;1.00;0;0;0;0;5.00;0;0;0;1.00;0;0;1.00;0;0;0;0;0;0;816.64;0;0;36.81;4577.92;0;0;0;294.84;0;0;0;0;47.92;0;2591.71;753.80;0;0;4906.30;0;0;0;73.57;0;0;117.15;0;1431.19;0;2145.92;0;1100.74;41.77;1549.00;0;0;0;0;0;0;290.21;0;0;107.37;1953.38;0;56.31;0;0;2135.07;0;1065.74;0;0;0;0;0;43.93;0;0;0;0;0;0;68.40;813.92;53.74;0;0;127.91;98.72;2871.41;3609.06;0;0;0;1607.28;0;826.45;0;2751.51;0;0;386.98;903.80;0;0;210.88;0;19.34;0;0;0;0;171.99;0;0;0;41.98;0;0;18.21;0;0;0;0
mghv-miR-M1-7-3p;0.00;mghv-mir-M1-7;0.00;0;0;0;0;0;0;0;0;0;0;0;0;0;0;0;0;0;0;0;0;0;0;0;0;0;0;0;0;0;0;0;0;0;0;0;0;0;0;0;0;0;0;0;0;0;0;0;0;0;0;0;0;0;0;0;0;0;0;0;0;0;0;0;0;0;0;0;0;0;0;0;0;0;0;0;0;0;0;0;0;0;0;0;0;0;0;0;0;0;0;0;0;0;0;0;0;0;0;0;0;0;0;0;0;0;0;0;0;0;0;0;0;0;0;0;0;0;0;0;0;0;0;0;0;0;0;0;0;0;0;0;0;0;0;0;0;0;0;0;0;0;0;0;0;0;0;0;0;0;0;0;0;0;0;0;0;0;0;0;0;0;0;0;0;0;0;0;0;0;0;0;0;0;0;0;0;0;0;0;0;0;0;0;0;0;0;0;0;0;0;0;0;0;0;0;0;0;0;0;0;0;0;0;0;0;0;0;0;0;0;0;0;0;0;0;0;0;0
mghv-miR-M1-8-5p;71.00;mghv-mir-M1-8;71.00;0;1.00;0;0;0;0;3.00;0;0;0;0;3.00;3.00;0;0;24.00;0;0;0;0;0;0;0;0;0;0;0;0;0;0;1.00;0;0;0;0;0;0;2.00;0;2.00;0;0;4.00;0;0;1.00;0;0;0;2.00;0;2.00;0;1.00;0;0;0;0;1.00;0;0;0;0;0;1.00;0;0;0;0;0;0;1.00;1.00;0;1.00;0;0;0;0;0;0;5.00;0;1.00;0;0;0;0;3.00;0;0;3.00;0;3.00;0;1.00;0;0;0;0;0;0;0;1.00;0;0;0;0;0;0;37.50;0;0;0;0;274.67;0;0;0;0;312.01;1034.13;0;0;1150.14;0;0;0;0;0;0;0;0;0;0;0;0;0;0;33.28;0;0;0;0;0;0;127.10;0;304.18;0;0;490.26;0;0;27.99;0;0;0;112.63;0;130.40;0;25.59;0;0;0;0;59.98;0;0;0;0;0;106.07;0;0;0;0;0;0;36.35;63.95;0;25.87;0;0;0;0;0;0;118.06;0;50.03;0;0;0;0;113.33;0;0;165.25;0;149.34;0;77.61;0;0;0;0;0;0;0;64.71;0;0;0;0;0
mghv-miR-M1-8-3p;0.00;mghv-mir-M1-8;0.00;0;0;0;0;0;0;0;0;0;0;0;0;0;0;0;0;0;0;0;0;0;0;0;0;0;0;0;0;0;0;0;0;0;0;0;0;0;0;0;0;0;0;0;0;0;0;0;0;0;0;0;0;0;0;0;0;0;0;0;0;0;0;0;0;0;0;0;0;0;0;0;0;0;0;0;0;0;0;0;0;0;0;0;0;0;0;0;0;0;0;0;0;0;0;0;0;0;0;0;0;0;0;0;0;0;0;0;0;0;0;0;0;0;0;0;0;0;0;0;0;0;0;0;0;0;0;0;0;0;0;0;0;0;0;0;0;0;0;0;0;0;0;0;0;0;0;0;0;0;0;0;0;0;0;0;0;0;0;0;0;0;0;0;0;0;0;0;0;0;0;0;0;0;0;0;0;0;0;0;0;0;0;0;0;0;0;0;0;0;0;0;0;0;0;0;0;0;0;0;0;0;0;0;0;0;0;0;0;0;0;0;0;0;0;0;0;0;0
mghv-miR-m1-9;12.00;mghv-mir-M1-9;12.00;0;0;1.00;0;0;0;0;0;0;6.00;0;0;0;1.00;0;0;0;0;1.00;0;0;0;0;0;0;0;0;0;0;0;0;0;0;0;0;0;0;0;0;0;0;0;0;0;0;0;0;0;0;0;0;0;0;0;0;0;0;0;0;0;0;0;0;0;0;0;0;0;0;0;0;0;0;0;0;3.00;0;0;0;0;0;0;0;0;0;0;0;0;0;0;0;0;0;0;0;0;0;0;0;0;0;0;0;0;0;0;0;0;0;0;0;27.22;0;0;0;0;0;0;157.35;0;0;0;39.45;0;0;0;0;57.98;0;0;0;0;0;0;0;0;0;0;0;0;0;0;0;0;0;0;0;0;0;0;0;0;0;0;0;0;0;0;0;0;0;0;0;0;0;0;0;0;0;0;0;0;0;0;0;0;0;0;0;0;0;0;0;0;62.23;0;0;0;0;0;0;0;0;0;0;0;0;0;0;0;0;0;0;0;0;0;0;0;0;0;0;0;0;0;0;0;0;0
mghv-miR-M1-9;0.00;mghv-mir-M1-9;0.00;0;0;0;0;0;0;0;0;0;0;0;0;0;0;0;0;0;0;0;0;0;0;0;0;0;0;0;0;0;0;0;0;0;0;0;0;0;0;0;0;0;0;0;0;0;0;0;0;0;0;0;0;0;0;0;0;0;0;0;0;0;0;0;0;0;0;0;0;0;0;0;0;0;0;0;0;0;0;0;0;0;0;0;0;0;0;0;0;0;0;0;0;0;0;0;0;0;0;0;0;0;0;0;0;0;0;0;0;0;0;0;0;0;0;0;0;0;0;0;0;0;0;0;0;0;0;0;0;0;0;0;0;0;0;0;0;0;0;0;0;0;0;0;0;0;0;0;0;0;0;0;0;0;0;0;0;0;0;0;0;0;0;0;0;0;0;0;0;0;0;0;0;0;0;0;0;0;0;0;0;0;0;0;0;0;0;0;0;0;0;0;0;0;0;0;0;0;0;0;0;0;0;0;0;0;0;0;0;0;0;0;0;0;0;0;0;0;0
ohv2-miR-1;3.00;ohv2-miR-1;3.00;0;0;0;0;0;0;0;0;0;0;0;0;0;0;0;0;0;0;0;0;0;0;0;0;0;0;0;0;0;0;0;0;0;0;0;0;0;0;0;0;0;0;0;3.00;0;0;0;0;0;0;0;0;0;0;0;0;0;0;0;0;0;0;0;0;0;0;0;0;0;0;0;0;0;0;0;0;0;0;0;0;0;0;0;0;0;0;0;0;0;0;0;0;0;0;0;0;0;0;0;0;0;0;0;0;0;0;0;0;0;0;0;0;0;0;0;0;0;0;0;0;0;0;0;0;0;0;0;0;0;0;0;0;0;0;0;0;0;0;0;0;0;0;0;0;0;0;0;0;0;0;0;0;145.10;0;0;0;0;0;0;0;0;0;0;0;0;0;0;0;0;0;0;0;0;0;0;0;0;0;0;0;0;0;0;0;0;0;0;0;0;0;0;0;0;0;0;0;0;0;0;0;0;0;0;0;0;0;0;0;0;0;0;0;0;0;0;0;0;0
ohv2-miR-17-11;0.00;ohv2-miR-17-11;0.00;0;0;0;0;0;0;0;0;0;0;0;0;0;0;0;0;0;0;0;0;0;0;0;0;0;0;0;0;0;0;0;0;0;0;0;0;0;0;0;0;0;0;0;0;0;0;0;0;0;0;0;0;0;0;0;0;0;0;0;0;0;0;0;0;0;0;0;0;0;0;0;0;0;0;0;0;0;0;0;0;0;0;0;0;0;0;0;0;0;0;0;0;0;0;0;0;0;0;0;0;0;0;0;0;0;0;0;0;0;0;0;0;0;0;0;0;0;0;0;0;0;0;0;0;0;0;0;0;0;0;0;0;0;0;0;0;0;0;0;0;0;0;0;0;0;0;0;0;0;0;0;0;0;0;0;0;0;0;0;0;0;0;0;0;0;0;0;0;0;0;0;0;0;0;0;0;0;0;0;0;0;0;0;0;0;0;0;0;0;0;0;0;0;0;0;0;0;0;0;0;0;0;0;0;0;0;0;0;0;0;0;0;0;0;0;0;0;0
ohv2-miR-17-12;400.00;ohv2-miR-17-12;400.00;0;0;0;0;0;0;0;12.00;0;0;0;0;0;0;0;1.00;0;0;0;0;0;0;0;0;0;0;0;0;58.00;0;0;0;0;77.00;1.00;0;0;0;0;0;0;0;0;0;32.00;0;0;0;0;0;17.00;0;1.00;0;2.00;0;0;0;1.00;0;0;0;0;0;0;0;14.00;0;0;0;0;0;0;0;0;0;0;0;0;1.00;0;179.00;0;0;0;0;0;0;0;0;0;0;0;0;0;0;0;4.00;0;0;0;0;0;0;0;0;0;0;0;0;0;0;0;0;0;0;1015.31;0;0;0;0;0;0;0;47.92;0;0;0;0;0;0;0;0;0;0;0;0;3397.38;0;0;0;0;2800.20;44.03;0;0;0;0;0;0;0;0;0;1557.71;0;0;0;0;0;2282.80;0;46.41;0;56.09;0;0;0;59.98;0;0;0;0;0;0;0;547.86;0;0;0;0;0;0;0;0;0;0;0;0;39.20;0;4226.68;0;0;0;0;0;0;0;0;0;0;0;0;0;0;0;137.59;0;0;0;0;0;0;0;0;0;0;0
ohv2-miR-17-13;0.00;ohv2-miR-17-13;0.00;0;0;0;0;0;0;0;0;0;0;0;0;0;0;0;0;0;0;0;0;0;0;0;0;0;0;0;0;0;0;0;0;0;0;0;0;0;0;0;0;0;0;0;0;0;0;0;0;0;0;0;0;0;0;0;0;0;0;0;0;0;0;0;0;0;0;0;0;0;0;0;0;0;0;0;0;0;0;0;0;0;0;0;0;0;0;0;0;0;0;0;0;0;0;0;0;0;0;0;0;0;0;0;0;0;0;0;0;0;0;0;0;0;0;0;0;0;0;0;0;0;0;0;0;0;0;0;0;0;0;0;0;0;0;0;0;0;0;0;0;0;0;0;0;0;0;0;0;0;0;0;0;0;0;0;0;0;0;0;0;0;0;0;0;0;0;0;0;0;0;0;0;0;0;0;0;0;0;0;0;0;0;0;0;0;0;0;0;0;0;0;0;0;0;0;0;0;0;0;0;0;0;0;0;0;0;0;0;0;0;0;0;0;0;0;0;0;0
ohv2-miR-17-14;3.00;ohv2-miR-17-14;3.00;0;0;0;0;0;0;0;0;0;0;0;0;0;0;0;0;0;0;0;0;0;0;0;1.00;0;0;0;0;0;0;0;0;0;0;0;0;0;0;0;0;0;0;0;0;0;0;0;0;0;0;0;0;0;0;0;0;0;0;0;0;0;0;0;0;0;0;0;0;0;0;0;0;0;0;0;2.00;0;0;0;0;0;0;0;0;0;0;0;0;0;0;0;0;0;0;0;0;0;0;0;0;0;0;0;0;0;0;0;0;0;0;0;0;0;0;0;0;0;0;0;0;0;0;0;0;0;0;0;0;0;0;0;0;133.14;0;0;0;0;0;0;0;0;0;0;0;0;0;0;0;0;0;0;0;0;0;0;0;0;0;0;0;0;0;0;0;0;0;0;0;0;0;0;0;0;0;0;0;0;0;0;0;0;0;0;0;41.48;0;0;0;0;0;0;0;0;0;0;0;0;0;0;0;0;0;0;0;0;0;0;0;0;0;0;0;0;0;0;0;0;0
ohv2-miR-17-15;0.00;ohv2-miR-17-15;0.00;0;0;0;0;0;0;0;0;0;0;0;0;0;0;0;0;0;0;0;0;0;0;0;0;0;0;0;0;0;0;0;0;0;0;0;0;0;0;0;0;0;0;0;0;0;0;0;0;0;0;0;0;0;0;0;0;0;0;0;0;0;0;0;0;0;0;0;0;0;0;0;0;0;0;0;0;0;0;0;0;0;0;0;0;0;0;0;0;0;0;0;0;0;0;0;0;0;0;0;0;0;0;0;0;0;0;0;0;0;0;0;0;0;0;0;0;0;0;0;0;0;0;0;0;0;0;0;0;0;0;0;0;0;0;0;0;0;0;0;0;0;0;0;0;0;0;0;0;0;0;0;0;0;0;0;0;0;0;0;0;0;0;0;0;0;0;0;0;0;0;0;0;0;0;0;0;0;0;0;0;0;0;0;0;0;0;0;0;0;0;0;0;0;0;0;0;0;0;0;0;0;0;0;0;0;0;0;0;0;0;0;0;0;0;0;0;0;0
ohv2-miR-17-16;1220.00;ohv2-miR-17-16;1220.00;0;0;0;0;0;0;0;0;0;0;0;0;0;1.00;3.00;82.00;0;0;0;0;0;1.00;0;0;0;0;0;0;0;0;0;0;0;0;0;0;0;1.00;19.00;0;0;0;0;0;0;0;0;0;0;0;14.00;0;36.00;0;0;0;0;0;0;1.00;0;0;0;0;0;0;0;0;2.00;0;0;0;0;1.00;0;190.00;0;0;0;0;72.00;0;553.00;0;0;0;13.00;0;3.00;0;2.00;0;0;0;0;0;0;2.00;0;0;0;48.00;0;66.00;1.00;23.00;0;86.00;0;0;0;0;0;0;0;0;0;0;0;0;0;0;39.45;384.02;3929.65;0;0;0;0;0;80.43;0;0;0;0;0;0;0;0;0;0;0;0;0;0;0;63.55;1205.89;0;0;0;0;0;0;0;0;0;0;0;1879.95;0;1670.92;0;0;0;0;0;0;39.82;0;0;0;0;0;0;0;0;77.52;0;0;0;0;32.91;0;3940.93;0;0;0;0;11310.08;0;19740.13;0;0;0;628.84;0;113.33;0;140.59;0;0;0;0;0;0;68.79;0;0;0;2014.94;0;4271.02;18.21;472.39;0;52503.05;0
ohv2-miR-17-18;0.00;ohv2-miR-17-18;0.00;0;0;0;0;0;0;0;0;0;0;0;0;0;0;0;0;0;0;0;0;0;0;0;0;0;0;0;0;0;0;0;0;0;0;0;0;0;0;0;0;0;0;0;0;0;0;0;0;0;0;0;0;0;0;0;0;0;0;0;0;0;0;0;0;0;0;0;0;0;0;0;0;0;0;0;0;0;0;0;0;0;0;0;0;0;0;0;0;0;0;0;0;0;0;0;0;0;0;0;0;0;0;0;0;0;0;0;0;0;0;0;0;0;0;0;0;0;0;0;0;0;0;0;0;0;0;0;0;0;0;0;0;0;0;0;0;0;0;0;0;0;0;0;0;0;0;0;0;0;0;0;0;0;0;0;0;0;0;0;0;0;0;0;0;0;0;0;0;0;0;0;0;0;0;0;0;0;0;0;0;0;0;0;0;0;0;0;0;0;0;0;0;0;0;0;0;0;0;0;0;0;0;0;0;0;0;0;0;0;0;0;0;0;0;0;0;0;0
ohv2-miR-17-19;52.00;ohv2-miR-17-19;52.00;0;0;0;0;0;0;0;0;0;0;0;0;0;0;0;0;0;0;0;0;0;1.00;0;0;0;0;0;0;0;0;0;0;0;1.00;0;0;0;0;0;0;0;0;1.00;15.00;0;0;0;0;0;0;0;0;0;0;34.00;0;0;0;0;0;0;0;0;0;0;0;0;0;0;0;0;0;0;0;0;0;0;0;0;0;0;0;0;0;0;0;0;0;0;0;0;0;0;0;0;0;0;0;0;0;0;0;0;0;0;0;0;0;0;0;0;0;0;0;0;0;0;0;0;0;0;0;0;0;0;0;0;0;0;0;80.43;0;0;0;0;0;0;0;0;0;0;0;36.37;0;0;0;0;0;0;0;0;122.56;725.51;0;0;0;0;0;0;0;0;0;0;953.56;0;0;0;0;0;0;0;0;0;0;0;0;0;0;0;0;0;0;0;0;0;0;0;0;0;0;0;0;0;0;0;0;0;0;0;0;0;0;0;0;0;0;0;0;0;0;0;0;0;0;0;0;0;0
ohv2-miR-17-2;4.00;ohv2-miR-17-2;4.00;0;0;0;0;0;0;0;0;0;0;0;0;0;0;0;0;0;0;0;0;0;0;0;0;0;0;0;0;0;0;0;0;0;0;0;4.00;0;0;0;0;0;0;0;0;0;0;0;0;0;0;0;0;0;0;0;0;0;0;0;0;0;0;0;0;0;0;0;0;0;0;0;0;0;0;0;0;0;0;0;0;0;0;0;0;0;0;0;0;0;0;0;0;0;0;0;0;0;0;0;0;0;0;0;0;0;0;0;0;0;0;0;0;0;0;0;0;0;0;0;0;0;0;0;0;0;0;0;0;0;0;0;0;0;0;0;0;0;0;0;0;0;0;0;0;167.07;0;0;0;0;0;0;0;0;0;0;0;0;0;0;0;0;0;0;0;0;0;0;0;0;0;0;0;0;0;0;0;0;0;0;0;0;0;0;0;0;0;0;0;0;0;0;0;0;0;0;0;0;0;0;0;0;0;0;0;0;0;0;0;0;0;0;0;0;0;0;0;0;0
ohv2-miR-17-21;1.00;ohv2-miR-17-21;1.00;0;0;0;0;0;0;0;0;0;0;0;0;0;0;0;0;0;0;0;0;0;0;0;0;0;0;0;0;0;0;0;0;0;0;0;0;0;0;0;0;0;0;0;0;0;0;0;0;0;0;0;0;0;0;0;0;0;0;0;0;0;0;0;0;0;0;0;0;0;0;0;0;0;0;0;0;0;0;0;0;0;0;0;0;1.00;0;0;0;0;0;0;0;0;0;0;0;0;0;0;0;0;0;0;0;0;0;0;0;0;0;0;0;0;0;0;0;0;0;0;0;0;0;0;0;0;0;0;0;0;0;0;0;0;0;0;0;0;0;0;0;0;0;0;0;0;0;0;0;0;0;0;0;0;0;0;0;0;0;0;0;0;0;0;0;0;0;0;0;0;0;0;0;0;0;0;0;0;0;0;0;0;0;0;0;0;0;0;0;0;0;0;0;0;35.03;0;0;0;0;0;0;0;0;0;0;0;0;0;0;0;0;0;0;0;0;0;0;0;0
ohv2-miR-17-22;0.00;ohv2-miR-17-22;0.00;0;0;0;0;0;0;0;0;0;0;0;0;0;0;0;0;0;0;0;0;0;0;0;0;0;0;0;0;0;0;0;0;0;0;0;0;0;0;0;0;0;0;0;0;0;0;0;0;0;0;0;0;0;0;0;0;0;0;0;0;0;0;0;0;0;0;0;0;0;0;0;0;0;0;0;0;0;0;0;0;0;0;0;0;0;0;0;0;0;0;0;0;0;0;0;0;0;0;0;0;0;0;0;0;0;0;0;0;0;0;0;0;0;0;0;0;0;0;0;0;0;0;0;0;0;0;0;0;0;0;0;0;0;0;0;0;0;0;0;0;0;0;0;0;0;0;0;0;0;0;0;0;0;0;0;0;0;0;0;0;0;0;0;0;0;0;0;0;0;0;0;0;0;0;0;0;0;0;0;0;0;0;0;0;0;0;0;0;0;0;0;0;0;0;0;0;0;0;0;0;0;0;0;0;0;0;0;0;0;0;0;0;0;0;0;0;0;0
ohv2-miR-17-23;7.00;ohv2-miR-17-23;7.00;0;0;0;0;0;0;0;0;0;0;0;0;0;0;0;2.00;0;0;0;0;0;0;0;0;0;0;0;0;0;0;0;0;0;0;0;0;0;0;0;0;0;0;0;0;0;0;0;0;0;0;0;0;0;0;4.00;0;0;0;0;1.00;0;0;0;0;0;0;0;0;0;0;0;0;0;0;0;0;0;0;0;0;0;0;0;0;0;0;0;0;0;0;0;0;0;0;0;0;0;0;0;0;0;0;0;0;0;0;0;0;0;0;0;0;0;0;0;0;0;0;0;0;0;0;0;0;95.85;0;0;0;0;0;0;0;0;0;0;0;0;0;0;0;0;0;0;0;0;0;0;0;0;0;0;0;0;0;0;0;0;0;0;0;0;0;0;112.18;0;0;0;0;39.82;0;0;0;0;0;0;0;0;0;0;0;0;0;0;0;0;0;0;0;0;0;0;0;0;0;0;0;0;0;0;0;0;0;0;0;0;0;0;0;0;0;0;0;0;0;0;0;0;0
ohv2-miR-17-24;5.00;ohv2-miR-17-24;5.00;0;0;0;0;0;0;0;0;0;0;0;0;0;0;0;0;0;0;0;0;0;0;0;0;0;0;0;0;0;0;0;0;0;0;0;0;0;0;0;0;0;0;0;0;0;0;0;0;0;0;0;0;0;0;0;0;0;0;0;0;0;0;0;0;0;0;0;0;0;0;0;0;5.00;0;0;0;0;0;0;0;0;0;0;0;0;0;0;0;0;0;0;0;0;0;0;0;0;0;0;0;0;0;0;0;0;0;0;0;0;0;0;0;0;0;0;0;0;0;0;0;0;0;0;0;0;0;0;0;0;0;0;0;0;0;0;0;0;0;0;0;0;0;0;0;0;0;0;0;0;0;0;0;0;0;0;0;0;0;0;0;0;0;0;0;0;0;0;0;0;0;0;0;0;0;0;0;0;0;0;0;0;319.77;0;0;0;0;0;0;0;0;0;0;0;0;0;0;0;0;0;0;0;0;0;0;0;0;0;0;0;0;0;0;0;0;0;0;0;0
ohv2-miR-17-25;0.00;ohv2-miR-17-25;0.00;0;0;0;0;0;0;0;0;0;0;0;0;0;0;0;0;0;0;0;0;0;0;0;0;0;0;0;0;0;0;0;0;0;0;0;0;0;0;0;0;0;0;0;0;0;0;0;0;0;0;0;0;0;0;0;0;0;0;0;0;0;0;0;0;0;0;0;0;0;0;0;0;0;0;0;0;0;0;0;0;0;0;0;0;0;0;0;0;0;0;0;0;0;0;0;0;0;0;0;0;0;0;0;0;0;0;0;0;0;0;0;0;0;0;0;0;0;0;0;0;0;0;0;0;0;0;0;0;0;0;0;0;0;0;0;0;0;0;0;0;0;0;0;0;0;0;0;0;0;0;0;0;0;0;0;0;0;0;0;0;0;0;0;0;0;0;0;0;0;0;0;0;0;0;0;0;0;0;0;0;0;0;0;0;0;0;0;0;0;0;0;0;0;0;0;0;0;0;0;0;0;0;0;0;0;0;0;0;0;0;0;0;0;0;0;0;0;0
ohv2-miR-17-26;10.00;ohv2-miR-17-26;10.00;0;0;0;0;0;0;0;0;0;0;0;0;0;0;0;0;0;0;0;0;0;0;0;0;0;10.00;0;0;0;0;0;0;0;0;0;0;0;0;0;0;0;0;0;0;0;0;0;0;0;0;0;0;0;0;0;0;0;0;0;0;0;0;0;0;0;0;0;0;0;0;0;0;0;0;0;0;0;0;0;0;0;0;0;0;0;0;0;0;0;0;0;0;0;0;0;0;0;0;0;0;0;0;0;0;0;0;0;0;0;0;0;0;0;0;0;0;0;0;0;0;0;0;0;0;0;0;0;0;0;0;0;0;0;0;735.67;0;0;0;0;0;0;0;0;0;0;0;0;0;0;0;0;0;0;0;0;0;0;0;0;0;0;0;0;0;0;0;0;0;0;0;0;0;0;0;0;0;0;0;0;0;0;0;0;0;0;0;0;0;0;0;0;0;0;0;0;0;0;0;0;0;0;0;0;0;0;0;0;0;0;0;0;0;0;0;0;0;0;0
ohv2-miR-17-27;1.00;ohv2-miR-17-27;1.00;0;0;0;0;0;0;0;0;0;0;0;0;0;0;0;0;0;0;0;0;0;0;0;0;0;0;0;0;0;0;0;0;0;0;0;0;0;0;0;0;0;0;0;0;0;0;0;0;0;0;0;0;0;0;0;0;0;0;1.00;0;0;0;0;0;0;0;0;0;0;0;0;0;0;0;0;0;0;0;0;0;0;0;0;0;0;0;0;0;0;0;0;0;0;0;0;0;0;0;0;0;0;0;0;0;0;0;0;0;0;0;0;0;0;0;0;0;0;0;0;0;0;0;0;0;0;0;0;0;0;0;0;0;0;0;0;0;0;0;0;0;0;0;0;0;0;0;0;0;0;0;0;0;0;0;0;0;0;0;0;0;0;0;0;0;0;0;0;59.98;0;0;0;0;0;0;0;0;0;0;0;0;0;0;0;0;0;0;0;0;0;0;0;0;0;0;0;0;0;0;0;0;0;0;0;0;0;0;0;0;0;0;0;0;0;0;0;0;0;0
ohv2-miR-17-28;2.00;ohv2-miR-17-28;2.00;0;0;0;0;0;0;0;0;0;0;0;0;0;0;0;0;0;0;0;0;0;0;0;0;0;0;0;0;0;0;0;0;0;0;0;0;0;0;0;0;0;0;0;0;0;0;0;0;0;0;0;0;0;0;0;0;0;0;0;0;0;0;0;0;0;0;0;0;0;0;0;0;0;0;0;0;0;0;0;0;0;0;0;0;0;0;0;0;0;0;0;0;0;0;0;0;0;0;0;0;0;0;0;0;2.00;0;0;0;0;0;0;0;0;0;0;0;0;0;0;0;0;0;0;0;0;0;0;0;0;0;0;0;0;0;0;0;0;0;0;0;0;0;0;0;0;0;0;0;0;0;0;0;0;0;0;0;0;0;0;0;0;0;0;0;0;0;0;0;0;0;0;0;0;0;0;0;0;0;0;0;0;0;0;0;0;0;0;0;0;0;0;0;0;0;0;0;0;0;0;0;0;0;0;0;0;0;0;0;0;0;0;0;0;36.41;0;0;0;0
ohv2-miR-17-4;319.00;ohv2-miR-17-4;319.00;0;0;0;0;0;0;0;0;0;0;0;0;0;0;0;0;0;0;0;0;0;0;0;0;0;0;0;0;0;0;0;0;0;0;0;0;178.00;0;0;0;1.00;0;0;0;0;0;0;0;0;0;0;0;0;0;0;0;0;0;0;0;0;0;64.00;0;0;0;0;0;17.00;0;0;0;0;0;0;0;0;0;0;0;0;0;0;0;0;0;0;0;0;0;0;0;0;0;0;0;0;0;0;0;0;59.00;0;0;0;0;0;0;0;0;0;0;0;0;0;0;0;0;0;0;0;0;0;0;0;0;0;0;0;0;0;0;0;0;0;0;0;0;0;0;0;0;0;0;0;7255.83;0;0;0;29.62;0;0;0;0;0;0;0;0;0;0;0;0;0;0;0;0;0;0;0;0;0;3048.64;0;0;0;0;0;658.89;0;0;0;0;0;0;0;0;0;0;0;0;0;0;0;0;0;0;0;0;0;0;0;0;0;0;0;0;0;0;0;0;2476.70;0;0;0;0;0;0;0
ohv2-miR-17-5;23.00;ohv2-miR-17-5;23.00;0;0;0;2.00;0;0;0;0;0;0;0;0;0;0;0;0;0;0;0;0;0;0;0;0;0;0;0;0;0;0;0;0;0;0;0;0;0;0;0;0;0;0;0;20.00;0;0;0;1.00;0;0;0;0;0;0;0;0;0;0;0;0;0;0;0;0;0;0;0;0;0;0;0;0;0;0;0;0;0;0;0;0;0;0;0;0;0;0;0;0;0;0;0;0;0;0;0;0;0;0;0;0;0;0;0;0;0;0;0;0;0;0;0;0;291.12;0;0;0;0;0;0;0;0;0;0;0;0;0;0;0;0;0;0;0;0;0;0;0;0;0;0;0;0;0;0;0;0;0;0;0;0;0;0;0;967.35;0;0;0;65.11;0;0;0;0;0;0;0;0;0;0;0;0;0;0;0;0;0;0;0;0;0;0;0;0;0;0;0;0;0;0;0;0;0;0;0;0;0;0;0;0;0;0;0;0;0;0;0;0;0;0;0;0;0;0;0;0;0;0;0;0;0
ohv2-miR-17-7;118.00;ohv2-miR-17-7;118.00;0;0;0;0;0;0;0;0;0;0;0;0;0;0;0;0;0;0;0;0;0;0;0;0;1.00;0;0;0;0;0;0;0;0;0;0;0;0;0;0;0;0;0;79.00;0;0;0;0;0;0;0;0;35.00;0;0;0;0;0;0;0;0;0;0;0;0;0;0;0;0;0;0;0;0;0;0;1.00;0;0;0;0;0;0;0;0;0;0;0;0;0;0;0;0;2.00;0;0;0;0;0;0;0;0;0;0;0;0;0;0;0;0;0;0;0;0;0;0;0;0;0;0;0;0;0;0;0;0;0;0;0;0;0;0;0;0;0;54.71;0;0;0;0;0;0;0;0;0;0;0;0;0;0;0;0;0;9682.56;0;0;0;0;0;0;0;0;2281.91;0;0;0;0;0;0;0;0;0;0;0;0;0;0;0;0;0;0;0;0;0;0;25.87;0;0;0;0;0;0;0;0;0;0;0;0;0;0;0;0;110.17;0;0;0;0;0;0;0;0;0;0;0;0;0;0;0;0;0
ohv2-miR-17-8;1.00;ohv2-miR-17-8;1.00;0;0;0;0;0;0;0;0;0;0;0;0;0;0;0;0;0;0;0;0;0;0;0;0;0;0;0;0;0;0;0;0;0;0;0;0;0;0;0;0;0;0;0;0;0;0;0;0;0;0;0;0;0;0;0;0;0;0;0;0;0;0;0;0;0;0;0;0;0;0;0;0;0;0;0;0;0;0;0;0;0;0;0;0;0;0;0;0;0;0;0;0;0;0;0;0;0;0;1.00;0;0;0;0;0;0;0;0;0;0;0;0;0;0;0;0;0;0;0;0;0;0;0;0;0;0;0;0;0;0;0;0;0;0;0;0;0;0;0;0;0;0;0;0;0;0;0;0;0;0;0;0;0;0;0;0;0;0;0;0;0;0;0;0;0;0;0;0;0;0;0;0;0;0;0;0;0;0;0;0;0;0;0;0;0;0;0;0;0;0;0;0;0;0;0;0;0;0;0;0;0;0;0;0;0;0;0;0;47.58;0;0;0;0;0;0;0;0;0;0
ohv2-miR-17-9;3.00;ohv2-miR-17-9;3.00;0;0;0;0;0;0;0;0;0;0;0;0;0;0;0;0;0;0;0;0;0;0;0;0;0;0;0;0;0;0;0;0;0;0;0;0;0;0;0;0;0;0;0;0;0;0;0;2.00;0;0;0;0;0;0;0;0;0;0;0;0;0;0;0;0;0;0;0;0;0;0;0;0;0;0;0;0;0;0;0;0;0;0;0;0;0;0;0;0;0;0;0;0;0;1.00;0;0;0;0;0;0;0;0;0;0;0;0;0;0;0;0;0;0;0;0;0;0;0;0;0;0;0;0;0;0;0;0;0;0;0;0;0;0;0;0;0;0;0;0;0;0;0;0;0;0;0;0;0;0;0;0;0;0;0;0;0;0;130.23;0;0;0;0;0;0;0;0;0;0;0;0;0;0;0;0;0;0;0;0;0;0;0;0;0;0;0;0;0;0;0;0;0;0;0;0;0;0;0;0;0;0;0;0;0;49.78;0;0;0;0;0;0;0;0;0;0;0;0;0;0;0
ohv2-miR-2;0.00;ohv2-miR-2;0.00;0;0;0;0;0;0;0;0;0;0;0;0;0;0;0;0;0;0;0;0;0;0;0;0;0;0;0;0;0;0;0;0;0;0;0;0;0;0;0;0;0;0;0;0;0;0;0;0;0;0;0;0;0;0;0;0;0;0;0;0;0;0;0;0;0;0;0;0;0;0;0;0;0;0;0;0;0;0;0;0;0;0;0;0;0;0;0;0;0;0;0;0;0;0;0;0;0;0;0;0;0;0;0;0;0;0;0;0;0;0;0;0;0;0;0;0;0;0;0;0;0;0;0;0;0;0;0;0;0;0;0;0;0;0;0;0;0;0;0;0;0;0;0;0;0;0;0;0;0;0;0;0;0;0;0;0;0;0;0;0;0;0;0;0;0;0;0;0;0;0;0;0;0;0;0;0;0;0;0;0;0;0;0;0;0;0;0;0;0;0;0;0;0;0;0;0;0;0;0;0;0;0;0;0;0;0;0;0;0;0;0;0;0;0;0;0;0;0
ohv2-miR-24-1;1.00;ohv2-miR-24-1;1.00;0;0;0;0;0;0;0;0;0;0;0;0;0;0;0;0;0;0;0;1.00;0;0;0;0;0;0;0;0;0;0;0;0;0;0;0;0;0;0;0;0;0;0;0;0;0;0;0;0;0;0;0;0;0;0;0;0;0;0;0;0;0;0;0;0;0;0;0;0;0;0;0;0;0;0;0;0;0;0;0;0;0;0;0;0;0;0;0;0;0;0;0;0;0;0;0;0;0;0;0;0;0;0;0;0;0;0;0;0;0;0;0;0;0;0;0;0;0;0;0;0;0;0;0;0;0;0;0;0;264.34;0;0;0;0;0;0;0;0;0;0;0;0;0;0;0;0;0;0;0;0;0;0;0;0;0;0;0;0;0;0;0;0;0;0;0;0;0;0;0;0;0;0;0;0;0;0;0;0;0;0;0;0;0;0;0;0;0;0;0;0;0;0;0;0;0;0;0;0;0;0;0;0;0;0;0;0;0;0;0;0;0;0;0;0;0;0;0;0;0
ohv2-miR-3;0.00;ohv2-miR-3;0.00;0;0;0;0;0;0;0;0;0;0;0;0;0;0;0;0;0;0;0;0;0;0;0;0;0;0;0;0;0;0;0;0;0;0;0;0;0;0;0;0;0;0;0;0;0;0;0;0;0;0;0;0;0;0;0;0;0;0;0;0;0;0;0;0;0;0;0;0;0;0;0;0;0;0;0;0;0;0;0;0;0;0;0;0;0;0;0;0;0;0;0;0;0;0;0;0;0;0;0;0;0;0;0;0;0;0;0;0;0;0;0;0;0;0;0;0;0;0;0;0;0;0;0;0;0;0;0;0;0;0;0;0;0;0;0;0;0;0;0;0;0;0;0;0;0;0;0;0;0;0;0;0;0;0;0;0;0;0;0;0;0;0;0;0;0;0;0;0;0;0;0;0;0;0;0;0;0;0;0;0;0;0;0;0;0;0;0;0;0;0;0;0;0;0;0;0;0;0;0;0;0;0;0;0;0;0;0;0;0;0;0;0;0;0;0;0;0;0
ohv2-miR-4;3.00;ohv2-miR-4;3.00;0;0;2.00;0;0;0;0;0;0;0;0;0;0;0;0;0;0;0;0;0;0;0;0;0;0;0;0;0;0;0;0;0;0;0;0;0;0;0;0;0;0;0;0;0;0;0;0;0;0;0;0;0;0;0;0;0;0;0;0;0;0;0;0;0;0;0;0;0;0;0;0;0;0;0;0;0;0;0;0;1.00;0;0;0;0;0;0;0;0;0;0;0;0;0;0;0;0;0;0;0;0;0;0;0;0;0;0;0;0;0;0;0;54.44;0;0;0;0;0;0;0;0;0;0;0;0;0;0;0;0;0;0;0;0;0;0;0;0;0;0;0;0;0;0;0;0;0;0;0;0;0;0;0;0;0;0;0;0;0;0;0;0;0;0;0;0;0;0;0;0;0;0;0;0;0;0;0;0;0;0;0;0;0;0;0;0;0;0;0;0;39.20;0;0;0;0;0;0;0;0;0;0;0;0;0;0;0;0;0;0;0;0;0;0;0;0;0;0;0;0;0
ohv2-miR-5;0.00;ohv2-miR-5;0.00;0;0;0;0;0;0;0;0;0;0;0;0;0;0;0;0;0;0;0;0;0;0;0;0;0;0;0;0;0;0;0;0;0;0;0;0;0;0;0;0;0;0;0;0;0;0;0;0;0;0;0;0;0;0;0;0;0;0;0;0;0;0;0;0;0;0;0;0;0;0;0;0;0;0;0;0;0;0;0;0;0;0;0;0;0;0;0;0;0;0;0;0;0;0;0;0;0;0;0;0;0;0;0;0;0;0;0;0;0;0;0;0;0;0;0;0;0;0;0;0;0;0;0;0;0;0;0;0;0;0;0;0;0;0;0;0;0;0;0;0;0;0;0;0;0;0;0;0;0;0;0;0;0;0;0;0;0;0;0;0;0;0;0;0;0;0;0;0;0;0;0;0;0;0;0;0;0;0;0;0;0;0;0;0;0;0;0;0;0;0;0;0;0;0;0;0;0;0;0;0;0;0;0;0;0;0;0;0;0;0;0;0;0;0;0;0;0;0
ohv2-miR-6;19.00;ohv2-miR-6;19.00;0;0;0;8.00;0;0;0;0;0;0;0;0;0;5.00;1.00;0;0;1.00;0;0;1.00;0;1.00;0;0;1.00;0;0;0;0;0;0;0;0;0;0;0;0;0;0;0;0;0;0;0;0;0;0;0;0;0;0;1.00;0;0;0;0;0;0;0;0;0;0;0;0;0;0;0;0;0;0;0;0;0;0;0;0;0;0;0;0;0;0;0;0;0;0;0;0;0;0;0;0;0;0;0;0;0;0;0;0;0;0;0;0;0;0;0;0;0;0;0;1164.48;0;0;0;0;0;0;0;0;0;197.23;128.01;0;0;23.56;0;0;121.57;0;186.71;0;0;73.57;0;0;0;0;0;0;0;0;0;0;0;0;0;0;0;0;0;0;0;0;0;0;0;0;0;0;46.41;0;0;0;0;0;0;0;0;0;0;0;0;0;0;0;0;0;0;0;0;0;0;0;0;0;0;0;0;0;0;0;0;0;0;0;0;0;0;0;0;0;0;0;0;0;0;0;0;0;0;0;0;0;0;0;0
ohv2-miR-61-1;3575.00;ohv2-miR-61-1;3575.00;1.00;0;0;0;27.00;0;0;0;0;0;1.00;65.00;0;0;0;3.00;81.00;0;1.00;2750.00;0;0;0;0;0;0;0;0;28.00;1.00;0;0;0;0;0;0;0;0;0;0;0;38.00;0;0;0;0;0;1.00;1.00;0;12.00;0;34.00;139.00;1.00;0;0;0;0;0;79.00;28.00;0;0;0;0;0;0;0;0;0;0;0;0;1.00;0;0;0;4.00;1.00;0;0;13.00;0;0;0;0;0;0;0;37.00;0;0;0;10.00;0;0;0;42.00;0;0;0;0;0;38.00;0;30.00;0;108.00;30.01;0;0;0;1378.11;0;0;0;0;0;98.28;6760.27;0;0;0;143.77;3013.17;0;57.98;726936.29;0;0;0;0;0;0;0;0;1640.11;45.24;0;0;0;0;0;0;0;0;0;0;0;2366.42;0;0;0;0;0;65.11;92.89;0;1611.39;0;1578.09;3556.53;28.05;0;0;0;0;0;3470.09;2118.00;0;0;0;0;0;0;0;0;0;0;0;0;25.87;0;0;0;269.89;39.20;0;0;464.05;0;0;0;0;0;0;0;2600.87;0;0;0;9199.63;0;0;0;1998.19;0;0;0;0;0;691.87;0;3231.02;0;96601.07
ohv2-miR-7;14.00;ohv2-miR-7;14.00;0;0;0;0;0;0;0;0;0;0;0;0;0;0;0;0;0;0;0;0;0;0;0;0;0;0;0;0;0;0;0;0;0;0;0;0;0;0;0;0;0;0;0;0;0;0;0;0;0;0;0;13.00;0;0;0;0;0;0;0;0;0;0;0;0;0;0;0;1.00;0;0;0;0;0;0;0;0;0;0;0;0;0;0;0;0;0;0;0;0;0;0;0;0;0;0;0;0;0;0;0;0;0;0;0;0;0;0;0;0;0;0;0;0;0;0;0;0;0;0;0;0;0;0;0;0;0;0;0;0;0;0;0;0;0;0;0;0;0;0;0;0;0;0;0;0;0;0;0;0;0;0;0;0;0;0;0;0;0;0;0;0;847.57;0;0;0;0;0;0;0;0;0;0;0;0;0;0;0;68.40;0;0;0;0;0;0;0;0;0;0;0;0;0;0;0;0;0;0;0;0;0;0;0;0;0;0;0;0;0;0;0;0;0;0;0;0;0;0;0;0;0
ohv2-miR-73-1;0.00;ohv2-miR-73-1;0.00;0;0;0;0;0;0;0;0;0;0;0;0;0;0;0;0;0;0;0;0;0;0;0;0;0;0;0;0;0;0;0;0;0;0;0;0;0;0;0;0;0;0;0;0;0;0;0;0;0;0;0;0;0;0;0;0;0;0;0;0;0;0;0;0;0;0;0;0;0;0;0;0;0;0;0;0;0;0;0;0;0;0;0;0;0;0;0;0;0;0;0;0;0;0;0;0;0;0;0;0;0;0;0;0;0;0;0;0;0;0;0;0;0;0;0;0;0;0;0;0;0;0;0;0;0;0;0;0;0;0;0;0;0;0;0;0;0;0;0;0;0;0;0;0;0;0;0;0;0;0;0;0;0;0;0;0;0;0;0;0;0;0;0;0;0;0;0;0;0;0;0;0;0;0;0;0;0;0;0;0;0;0;0;0;0;0;0;0;0;0;0;0;0;0;0;0;0;0;0;0;0;0;0;0;0;0;0;0;0;0;0;0;0;0;0;0;0;0
ohv2-miR-8;0.00;ohv2-miR-8;0.00;0;0;0;0;0;0;0;0;0;0;0;0;0;0;0;0;0;0;0;0;0;0;0;0;0;0;0;0;0;0;0;0;0;0;0;0;0;0;0;0;0;0;0;0;0;0;0;0;0;0;0;0;0;0;0;0;0;0;0;0;0;0;0;0;0;0;0;0;0;0;0;0;0;0;0;0;0;0;0;0;0;0;0;0;0;0;0;0;0;0;0;0;0;0;0;0;0;0;0;0;0;0;0;0;0;0;0;0;0;0;0;0;0;0;0;0;0;0;0;0;0;0;0;0;0;0;0;0;0;0;0;0;0;0;0;0;0;0;0;0;0;0;0;0;0;0;0;0;0;0;0;0;0;0;0;0;0;0;0;0;0;0;0;0;0;0;0;0;0;0;0;0;0;0;0;0;0;0;0;0;0;0;0;0;0;0;0;0;0;0;0;0;0;0;0;0;0;0;0;0;0;0;0;0;0;0;0;0;0;0;0;0;0;0;0;0;0;0
ohv2-miR-ov2-1;0.00;ohv2-miR-ov2-1;0.00;0;0;0;0;0;0;0;0;0;0;0;0;0;0;0;0;0;0;0;0;0;0;0;0;0;0;0;0;0;0;0;0;0;0;0;0;0;0;0;0;0;0;0;0;0;0;0;0;0;0;0;0;0;0;0;0;0;0;0;0;0;0;0;0;0;0;0;0;0;0;0;0;0;0;0;0;0;0;0;0;0;0;0;0;0;0;0;0;0;0;0;0;0;0;0;0;0;0;0;0;0;0;0;0;0;0;0;0;0;0;0;0;0;0;0;0;0;0;0;0;0;0;0;0;0;0;0;0;0;0;0;0;0;0;0;0;0;0;0;0;0;0;0;0;0;0;0;0;0;0;0;0;0;0;0;0;0;0;0;0;0;0;0;0;0;0;0;0;0;0;0;0;0;0;0;0;0;0;0;0;0;0;0;0;0;0;0;0;0;0;0;0;0;0;0;0;0;0;0;0;0;0;0;0;0;0;0;0;0;0;0;0;0;0;0;0;0;0
kun-miR-1-3p;37.00;pre-kun-miR-1-3p;37.00;0;0;37.00;0;0;0;0;0;0;0;0;0;0;0;0;0;0;0;0;0;0;0;0;0;0;0;0;0;0;0;0;0;0;0;0;0;0;0;0;0;0;0;0;0;0;0;0;0;0;0;0;0;0;0;0;0;0;0;0;0;0;0;0;0;0;0;0;0;0;0;0;0;0;0;0;0;0;0;0;0;0;0;0;0;0;0;0;0;0;0;0;0;0;0;0;0;0;0;0;0;0;0;0;0;0;0;0;0;0;0;0;1007.19;0;0;0;0;0;0;0;0;0;0;0;0;0;0;0;0;0;0;0;0;0;0;0;0;0;0;0;0;0;0;0;0;0;0;0;0;0;0;0;0;0;0;0;0;0;0;0;0;0;0;0;0;0;0;0;0;0;0;0;0;0;0;0;0;0;0;0;0;0;0;0;0;0;0;0;0;0;0;0;0;0;0;0;0;0;0;0;0;0;0;0;0;0;0;0;0;0;0;0;0;0;0;0;0;0;0
prv-miR-1-5p;499.00;prv-miR-1-5p;499.00;1.00;0;0;0;0;0;0;0;0;0;13.00;0;0;0;0;0;12.00;0;0;0;1.00;3.00;0;3.00;0;1.00;0;0;0;0;0;0;0;0;0;0;0;0;0;0;0;0;74.00;0;63.00;0;3.00;0;0;0;0;0;0;0;25.00;0;0;0;0;0;0;0;1.00;0;0;37.00;0;0;0;0;0;0;0;0;0;2.00;0;0;0;56.00;0;16.00;0;0;0;0;0;0;0;0;0;0;0;0;0;0;0;141.00;1.00;0;17.00;0;0;3.00;2.00;24.00;0;0;0;30.01;0;0;0;0;0;0;0;0;0;1277.64;0;0;0;0;0;446.40;0;0;0;121.57;241.29;0;399.41;0;73.57;0;0;0;0;0;0;0;0;0;0;0;0;0;0;0;0;9069.74;0;3066.74;0;80.52;0;0;0;0;0;0;0;701.14;0;0;0;0;0;0;0;47.63;0;0;1612.27;0;0;0;0;0;0;0;0;0;41.48;0;0;0;2195.30;0;377.80;0;0;0;0;0;0;0;0;0;0;0;0;0;0;0;4850.03;47.58;0;5868.14;0;0;194.14;36.41;492.92;0;0;0
prv-miR-2-3p;173.00;prv-miR-2-3p;173.00;0;0;2.00;0;0;3.00;0;0;7.00;1.00;0;0;0;0;0;0;0;1.00;0;0;0;0;70.00;0;13.00;0;0;0;51.00;0;0;0;0;0;0;0;1.00;0;0;0;0;0;0;0;0;0;0;0;0;0;0;0;0;0;0;0;0;0;0;0;0;0;0;0;0;0;0;0;0;0;0;10.00;0;0;0;4.00;0;0;0;0;0;0;0;0;0;7.00;0;0;1.00;0;0;0;0;0;2.00;0;0;0;0;0;0;0;0;0;0;0;0;0;0;0;0;54.44;0;0;110.42;0;0;337.66;26.22;0;0;0;0;0;0;0;23.56;0;0;0;0;13069.45;0;711.20;0;0;0;2987.35;0;0;0;0;0;0;0;40.76;0;0;0;0;0;0;0;0;0;0;0;0;0;0;0;0;0;0;0;0;0;0;0;0;0;0;0;0;0;0;0;0;0;0;363.50;0;0;0;82.97;0;0;0;0;0;0;0;0;0;441.36;0;0;37.78;0;0;0;0;0;1839.93;0;0;0;0;0;0;0;0;0;0;0;0;0;0
prv-miR-3-5p;460.00;prv-miR-3-5p;460.00;0;0;1.00;0;0;0;0;0;0;1.00;0;0;0;0;0;0;0;0;0;0;0;0;0;1.00;0;0;0;0;0;0;0;1.00;0;0;0;0;0;0;2.00;0;0;0;0;0;0;0;0;1.00;0;0;0;0;0;0;19.00;0;0;0;0;0;0;0;0;0;0;0;0;0;0;0;0;0;0;0;0;0;0;0;0;0;0;0;0;0;47.00;0;10.00;0;0;0;1.00;0;0;0;0;0;0;0;0;0;0;2.00;374.00;0;0;0;0;0;0;0;0;27.22;0;0;0;0;0;0;26.22;0;0;0;0;0;0;0;0;0;0;0;0;0;133.14;0;0;0;0;0;0;0;23.45;0;0;0;0;0;0;126.94;0;0;0;0;0;0;0;0;65.11;0;0;0;0;0;0;532.87;0;0;0;0;0;0;0;0;0;0;0;0;0;0;0;0;0;0;0;0;0;0;0;0;0;0;0;0;0;1646.23;0;483.72;0;0;0;70.29;0;0;0;0;0;0;0;0;0;0;83.96;6012.77;0;0;0;0;0;0
prv-miR-4-3p;246.00;prv-miR-4-3p;246.00;0;0;0;0;0;0;0;0;0;0;0;0;0;0;0;0;0;2.00;0;0;0;0;0;0;0;0;0;0;0;0;1.00;0;0;0;29.00;0;0;0;0;0;0;0;0;0;0;0;19.00;0;0;17.00;0;0;0;0;0;0;0;0;0;0;0;0;0;0;0;0;0;0;0;0;0;0;0;0;0;0;0;0;0;0;0;0;110.00;0;0;0;5.00;0;0;0;0;0;0;0;0;0;0;0;0;0;0;0;0;0;2.00;0;61.00;0;0;0;0;0;0;0;0;0;0;0;0;0;0;0;0;0;0;0;47.12;0;0;0;0;0;0;0;0;0;0;0;0;33.28;0;0;0;1276.86;0;0;0;0;0;0;0;0;0;0;0;509.98;0;0;957.32;0;0;0;0;0;0;0;0;0;0;0;0;0;0;0;0;0;0;0;0;0;0;0;0;0;0;0;0;0;0;0;0;3926.61;0;0;0;241.86;0;0;0;0;0;0;0;0;0;0;0;0;0;0;0;0;0;36.41;0;6569.74;0;0
prv-miR-5-3p;0.00;prv-miR-5-3p;0.00;0;0;0;0;0;0;0;0;0;0;0;0;0;0;0;0;0;0;0;0;0;0;0;0;0;0;0;0;0;0;0;0;0;0;0;0;0;0;0;0;0;0;0;0;0;0;0;0;0;0;0;0;0;0;0;0;0;0;0;0;0;0;0;0;0;0;0;0;0;0;0;0;0;0;0;0;0;0;0;0;0;0;0;0;0;0;0;0;0;0;0;0;0;0;0;0;0;0;0;0;0;0;0;0;0;0;0;0;0;0;0;0;0;0;0;0;0;0;0;0;0;0;0;0;0;0;0;0;0;0;0;0;0;0;0;0;0;0;0;0;0;0;0;0;0;0;0;0;0;0;0;0;0;0;0;0;0;0;0;0;0;0;0;0;0;0;0;0;0;0;0;0;0;0;0;0;0;0;0;0;0;0;0;0;0;0;0;0;0;0;0;0;0;0;0;0;0;0;0;0;0;0;0;0;0;0;0;0;0;0;0;0;0;0;0;0;0;0
prv-miR-6-3p;20.00;prv-miR-6-3p;20.00;0;0;0;2.00;0;0;0;0;0;0;0;0;0;2.00;0;0;0;0;0;0;0;0;0;0;0;0;0;0;1.00;0;0;0;0;0;0;0;0;0;0;0;0;0;0;0;0;0;0;0;0;0;0;0;0;0;0;0;0;0;0;0;0;0;0;0;0;0;0;0;0;0;0;0;0;0;0;0;0;0;9.00;0;0;0;0;0;0;1.00;0;0;0;4.00;0;0;0;0;0;1.00;0;0;0;0;0;0;0;0;0;0;0;0;0;0;0;0;291.12;0;0;0;0;0;0;0;0;0;78.89;0;0;0;0;0;0;0;0;0;0;0;0;0;0;58.58;0;0;0;0;0;0;0;0;0;0;0;0;0;0;0;0;0;0;0;0;0;0;0;0;0;0;0;0;0;0;0;0;0;0;0;0;0;0;0;0;0;0;0;0;0;0;0;0;0;607.25;0;0;0;0;0;0;63.05;0;0;0;86.93;0;0;0;0;0;77.61;0;0;0;0;0;0;0;0;0;0;0;0;0
prv-miR-8-loop-loop;1.00;prv-miR-8-loop;1.00;0;0;0;0;0;0;0;0;0;0;0;0;0;0;0;0;0;0;0;0;0;0;0;0;0;0;0;0;0;0;0;0;0;0;0;0;0;0;0;0;0;0;0;0;0;0;0;0;0;0;0;0;0;0;0;0;0;0;0;0;0;0;0;0;0;0;0;0;0;0;0;0;0;0;0;1.00;0;0;0;0;0;0;0;0;0;0;0;0;0;0;0;0;0;0;0;0;0;0;0;0;0;0;0;0;0;0;0;0;0;0;0;0;0;0;0;0;0;0;0;0;0;0;0;0;0;0;0;0;0;0;0;0;0;0;0;0;0;0;0;0;0;0;0;0;0;0;0;0;0;0;0;0;0;0;0;0;0;0;0;0;0;0;0;0;0;0;0;0;0;0;0;0;0;0;0;0;0;0;0;0;0;0;0;0;20.74;0;0;0;0;0;0;0;0;0;0;0;0;0;0;0;0;0;0;0;0;0;0;0;0;0;0;0;0;0;0;0;0;0
prv-miR-LLT1;26.00;prv-mir-LLT1;26.00;0;0;0;0;0;0;0;0;0;0;0;0;0;0;0;0;0;0;0;0;0;0;0;0;0;0;0;0;0;0;0;0;0;0;0;0;0;0;0;0;0;0;0;0;0;0;0;0;0;0;0;0;0;0;0;0;0;0;0;0;0;0;0;0;0;0;0;3.00;0;0;0;0;0;0;0;0;0;0;0;0;0;0;20.00;0;0;0;0;0;0;0;0;0;0;0;0;0;0;0;0;0;3.00;0;0;0;0;0;0;0;0;0;0;0;0;0;0;0;0;0;0;0;0;0;0;0;0;0;0;0;0;0;0;0;0;0;0;0;0;0;0;0;0;0;0;0;0;0;0;0;0;0;0;0;0;0;0;0;0;0;0;0;0;0;0;0;0;0;0;0;0;0;0;0;0;0;0;0;205.20;0;0;0;0;0;0;0;0;0;0;0;0;0;0;713.93;0;0;0;0;0;0;0;0;0;0;0;0;0;0;0;0;0;1035.55;0;0;0;0;0;0;0;0
prv-miR-LLT10a;0.00;prv-mir-LLT10a;0.00;0;0;0;0;0;0;0;0;0;0;0;0;0;0;0;0;0;0;0;0;0;0;0;0;0;0;0;0;0;0;0;0;0;0;0;0;0;0;0;0;0;0;0;0;0;0;0;0;0;0;0;0;0;0;0;0;0;0;0;0;0;0;0;0;0;0;0;0;0;0;0;0;0;0;0;0;0;0;0;0;0;0;0;0;0;0;0;0;0;0;0;0;0;0;0;0;0;0;0;0;0;0;0;0;0;0;0;0;0;0;0;0;0;0;0;0;0;0;0;0;0;0;0;0;0;0;0;0;0;0;0;0;0;0;0;0;0;0;0;0;0;0;0;0;0;0;0;0;0;0;0;0;0;0;0;0;0;0;0;0;0;0;0;0;0;0;0;0;0;0;0;0;0;0;0;0;0;0;0;0;0;0;0;0;0;0;0;0;0;0;0;0;0;0;0;0;0;0;0;0;0;0;0;0;0;0;0;0;0;0;0;0;0;0;0;0;0;0
prv-miR-LLT10b;0.00;prv-mir-LLT10b;0.00;0;0;0;0;0;0;0;0;0;0;0;0;0;0;0;0;0;0;0;0;0;0;0;0;0;0;0;0;0;0;0;0;0;0;0;0;0;0;0;0;0;0;0;0;0;0;0;0;0;0;0;0;0;0;0;0;0;0;0;0;0;0;0;0;0;0;0;0;0;0;0;0;0;0;0;0;0;0;0;0;0;0;0;0;0;0;0;0;0;0;0;0;0;0;0;0;0;0;0;0;0;0;0;0;0;0;0;0;0;0;0;0;0;0;0;0;0;0;0;0;0;0;0;0;0;0;0;0;0;0;0;0;0;0;0;0;0;0;0;0;0;0;0;0;0;0;0;0;0;0;0;0;0;0;0;0;0;0;0;0;0;0;0;0;0;0;0;0;0;0;0;0;0;0;0;0;0;0;0;0;0;0;0;0;0;0;0;0;0;0;0;0;0;0;0;0;0;0;0;0;0;0;0;0;0;0;0;0;0;0;0;0;0;0;0;0;0;0
prv-miR-LLT11a-5p;577.00;prv-mir-LLT11a;577.00;0;1.00;0;0;0;32.00;0;1.00;0;0;0;0;0;0;0;1.00;27.00;64.00;0;179.00;0;0;1.00;4.00;1.00;3.00;0;0;0;0;4.00;1.00;0;0;0;1.00;0;0;0;0;0;0;0;1.00;48.00;0;8.00;0;0;5.00;0;0;23.00;1.00;0;0;1.00;1.00;0;0;1.00;0;0;0;0;0;26.00;1.00;0;1.00;0;0;0;0;1.00;1.00;0;2.00;0;0;1.00;0;108.00;0;0;0;0;0;0;0;1.00;6.00;0;0;0;0;0;2.00;1.00;0;0;0;4.00;3.00;4.00;4.00;2.00;0;0;0;37.50;0;0;0;1177.81;0;84.61;0;0;0;0;0;0;0;47.92;1004.39;1507.90;0;47316.94;0;0;186.71;532.55;54.71;220.70;0;0;0;0;133.13;23.45;0;0;0;41.77;0;0;0;0;0;0;0;48.37;2336.56;0;214.73;0;0;281.56;0;0;1067.53;25.59;0;0;192.86;2364.07;0;0;43.93;0;0;0;0;0;1017.45;68.40;0;53.74;0;0;0;0;25.87;20.74;0;60.08;0;0;157.08;0;3855.22;0;0;0;0;0;0;0;70.29;330.51;0;0;0;0;0;68.79;47.58;0;0;0;64.31;194.14;72.83;82.15;215.40;0;0
prv-miR-LLT11a-3p;223.00;prv-mir-LLT11a;223.00;0;0;0;0;0;0;0;0;0;0;0;6.00;0;0;0;0;0;0;0;0;0;0;67.00;0;0;0;0;0;0;0;0;1.00;0;0;0;0;0;0;0;0;0;0;0;0;0;0;0;0;0;0;0;0;0;0;0;0;0;0;0;0;0;0;0;0;0;0;0;0;13.00;0;8.00;0;0;0;6.00;0;0;0;113.00;0;0;0;0;0;1.00;0;0;0;0;0;0;0;0;0;0;0;0;0;0;7.00;0;0;0;0;0;0;1.00;0;0;0;0;0;0;0;0;0;0;0;0;0;624.02;0;0;0;0;0;0;0;0;0;0;12509.34;0;0;0;0;0;0;0;0;23.45;0;0;0;0;0;0;0;0;0;0;0;0;0;0;0;0;0;0;0;0;0;0;0;0;0;0;0;0;0;0;0;0;0;0;0;0;503.86;0;263.69;0;0;0;155.21;0;0;0;7624.32;0;0;0;0;0;35.03;0;0;0;0;0;0;0;0;0;0;0;0;0;0;3674.54;0;0;0;0;0;0;107.70;0;0
prv-miR-LLT11b-5p;577.00;prv-mir-LLT11b;577.00;0;1.00;0;0;0;32.00;0;1.00;0;0;0;0;0;0;0;1.00;27.00;64.00;0;179.00;0;0;1.00;4.00;1.00;3.00;0;0;0;0;4.00;1.00;0;0;0;1.00;0;0;0;0;0;0;0;1.00;48.00;0;8.00;0;0;5.00;0;0;23.00;1.00;0;0;1.00;1.00;0;0;1.00;0;0;0;0;0;26.00;1.00;0;1.00;0;0;0;0;1.00;1.00;0;2.00;0;0;1.00;0;108.00;0;0;0;0;0;0;0;1.00;6.00;0;0;0;0;0;2.00;1.00;0;0;0;4.00;3.00;4.00;4.00;2.00;0;0;0;37.50;0;0;0;1177.81;0;84.61;0;0;0;0;0;0;0;47.92;1004.39;1507.90;0;47316.94;0;0;186.71;532.55;54.71;220.70;0;0;0;0;133.13;23.45;0;0;0;41.77;0;0;0;0;0;0;0;48.37;2336.56;0;214.73;0;0;281.56;0;0;1067.53;25.59;0;0;192.86;2364.07;0;0;43.93;0;0;0;0;0;1017.45;68.40;0;53.74;0;0;0;0;25.87;20.74;0;60.08;0;0;157.08;0;3855.22;0;0;0;0;0;0;0;70.29;330.51;0;0;0;0;0;68.79;47.58;0;0;0;64.31;194.14;72.83;82.15;215.40;0;0
prv-miR-LLT11b-3p;223.00;prv-mir-LLT11b;223.00;0;0;0;0;0;0;0;0;0;0;0;6.00;0;0;0;0;0;0;0;0;0;0;67.00;0;0;0;0;0;0;0;0;1.00;0;0;0;0;0;0;0;0;0;0;0;0;0;0;0;0;0;0;0;0;0;0;0;0;0;0;0;0;0;0;0;0;0;0;0;0;13.00;0;8.00;0;0;0;6.00;0;0;0;113.00;0;0;0;0;0;1.00;0;0;0;0;0;0;0;0;0;0;0;0;0;0;7.00;0;0;0;0;0;0;1.00;0;0;0;0;0;0;0;0;0;0;0;0;0;624.02;0;0;0;0;0;0;0;0;0;0;12509.34;0;0;0;0;0;0;0;0;23.45;0;0;0;0;0;0;0;0;0;0;0;0;0;0;0;0;0;0;0;0;0;0;0;0;0;0;0;0;0;0;0;0;0;0;0;0;503.86;0;263.69;0;0;0;155.21;0;0;0;7624.32;0;0;0;0;0;35.03;0;0;0;0;0;0;0;0;0;0;0;0;0;0;3674.54;0;0;0;0;0;0;107.70;0;0
prv-miR-LLT12;27.00;prv-mir-LLT12;27.00;0;0;0;0;0;0;0;0;0;0;0;0;0;0;0;0;0;0;0;0;0;1.00;0;0;0;0;0;0;0;0;0;0;0;0;0;0;0;0;0;0;0;0;0;0;0;0;0;0;0;0;0;0;0;0;0;0;0;0;0;0;0;0;0;0;0;0;0;0;0;0;0;0;0;0;0;0;0;0;0;0;0;0;0;0;0;0;0;0;0;0;0;0;0;0;0;0;0;0;0;0;0;0;0;0;0;26.00;0;0;0;0;0;0;0;0;0;0;0;0;0;0;0;0;0;0;0;0;0;0;0;0;80.43;0;0;0;0;0;0;0;0;0;0;0;0;0;0;0;0;0;0;0;0;0;0;0;0;0;0;0;0;0;0;0;0;0;0;0;0;0;0;0;0;0;0;0;0;0;0;0;0;0;0;0;0;0;0;0;0;0;0;0;0;0;0;0;0;0;0;0;0;0;0;0;0;0;0;0;0;0;0;0;0;0;0;0;534.00;0;0;0
prv-miR-LLT2;5619.00;prv-mir-LLT2;5619.00;0;0;2.00;0;20.00;0;0;0;0;62.00;0;65.00;1.00;74.00;0;4.00;0;5.00;0;3.00;0;0;118.00;1.00;1.00;2.00;0;0;0;0;121.00;2.00;6.00;89.00;8.00;23.00;0;0;16.00;1.00;0;0;0;31.00;127.00;42.00;0;0;3.00;13.00;3.00;0;1.00;0;50.00;19.00;0;0;0;111.00;83.00;0;0;126.00;1.00;27.00;0;0;0;31.00;126.00;0;0;4.00;0;22.00;13.00;0;114.00;1.00;96.00;0;18.00;100.00;24.00;0;11.00;0;0;0;1.00;0;3784.00;0;0;1.00;0;4.00;0;5.00;1.00;0;0;1.00;0;0;1.00;0;0;0;0;54.44;0;1020.82;0;0;0;0;1625.93;0;6760.27;344.71;2919.02;0;191.69;0;117.81;0;793.02;0;0;22031.37;133.14;54.71;147.13;0;0;0;0;4027.29;46.89;415.34;3236.60;352.24;960.65;0;0;1015.49;152.09;0;0;0;1499.40;6182.15;1175.58;0;0;278.68;732.06;402.85;0;46.41;0;1402.29;1542.96;0;0;0;4420.37;3645.79;0;0;3576.70;106.07;1176.52;0;0;0;1666.04;4153.07;0;0;131.63;0;456.32;593.04;0;7691.79;39.20;15080.11;0;642.54;5002.75;840.63;0;532.10;0;0;0;70.29;0;73194.32;0;0;77.61;0;137.59;0;2624.67;345.18;0;0;64.71;0;0;107.70;0;0
prv-miR-LLT3;118.00;prv-mir-LLT3;118.00;0;0;0;0;0;0;0;0;0;0;0;0;0;0;0;0;0;0;0;0;0;0;1.00;0;0;0;0;0;0;0;0;0;0;0;0;0;0;0;0;0;0;0;0;0;0;0;0;0;33.00;0;0;0;0;0;0;0;0;0;0;0;0;0;0;0;0;0;0;0;0;0;0;0;0;0;1.00;0;0;0;0;83.00;0;0;0;0;0;0;0;0;0;0;0;0;0;0;0;0;0;0;0;0;0;0;0;0;0;0;0;0;0;0;0;0;0;0;0;0;0;0;0;0;0;0;0;0;0;0;0;0;0;0;0;186.71;0;0;0;0;0;0;0;0;0;0;0;0;0;0;0;0;0;0;0;0;0;0;0;0;0;3065.49;0;0;0;0;0;0;0;0;0;0;0;0;0;0;0;0;0;0;0;0;0;0;0;0;0;25.87;0;0;0;0;3253.75;0;0;0;0;0;0;0;0;0;0;0;0;0;0;0;0;0;0;0;0;0;0;0;0;0;0;0;0;0
prv-miR-LLT4;283.00;prv-mir-LLT4;283.00;0;0;0;0;0;0;0;0;0;0;0;0;1.00;0;0;102.00;0;0;0;0;0;32.00;0;0;0;0;0;0;0;0;0;0;0;0;0;0;0;0;0;0;0;0;0;0;0;69.00;0;0;0;0;14.00;0;0;0;0;0;0;0;0;0;0;0;0;4.00;0;0;0;0;0;0;0;0;0;0;0;0;0;0;0;0;0;0;0;0;0;0;0;0;0;0;0;0;0;0;0;0;0;0;0;1.00;0;0;0;0;0;60.00;0;0;0;0;0;0;0;0;0;0;0;0;0;0;0;344.71;0;0;4888.10;0;0;0;0;0;2573.80;0;0;0;0;0;0;0;0;0;0;0;0;0;0;0;0;0;0;0;0;0;0;0;1931.31;0;0;0;0;1879.95;0;0;0;0;0;0;0;0;0;0;0;0;113.55;0;0;0;0;0;0;0;0;0;0;0;0;0;0;0;0;0;0;0;0;0;0;0;0;0;0;0;0;0;0;0;0;0;0;0;524.93;0;0;0;0;0;1232.31;0;0;0
prv-miR-LLT5;911.00;prv-mir-LLT5;911.00;1.00;1.00;9.00;0;0;3.00;20.00;2.00;6.00;9.00;4.00;0;2.00;1.00;3.00;3.00;26.00;4.00;0;0;4.00;3.00;5.00;3.00;3.00;0;1.00;16.00;0;3.00;78.00;10.00;3.00;0;1.00;72.00;5.00;3.00;1.00;5.00;4.00;7.00;1.00;16.00;6.00;22.00;20.00;1.00;4.00;3.00;1.00;8.00;30.00;6.00;37.00;2.00;1.00;7.00;9.00;15.00;10.00;2.00;12.00;2.00;3.00;5.00;25.00;30.00;4.00;0;4.00;54.00;1.00;1.00;1.00;3.00;4.00;7.00;0;2.00;2.00;10.00;0;64.00;2.00;11.00;3.00;16.00;0;3.00;1.00;25.00;4.00;0;1.00;5.00;6.00;41.00;2.00;0;1.00;8.00;0;21.00;0;1.00;4.00;0;0;30.01;37.50;244.99;0;0;110.42;1831.17;169.22;289.42;236.02;393.12;0;689.42;39.45;384.02;143.77;967.19;94.24;0;0;486.26;241.29;933.53;399.41;164.12;0;47.38;2135.04;0;135.73;2596.11;234.46;207.67;0;44.03;3007.27;203.82;190.65;63.47;760.46;118.48;435.92;122.56;773.88;292.07;615.78;536.83;65.11;371.57;168.94;134.28;521.58;1392.43;153.52;1037.69;162.42;192.86;16548.46;539.83;597.35;439.25;151.29;571.62;56.77;318.20;217.87;978.32;2051.98;155.03;0;131.84;1962.92;63.95;32.91;25.87;62.23;182.47;210.27;0;78.40;314.17;236.13;0;3201.76;70.05;693.57;145.12;451.90;0;65.20;70.29;1377.11;77.37;0;919.96;388.05;491.04;1410.29;95.15;0;345.18;335.82;0;1358.96;0;20.54;430.80;0;0
prv-miR-LLT6;0.00;prv-mir-LLT6;0.00;0;0;0;0;0;0;0;0;0;0;0;0;0;0;0;0;0;0;0;0;0;0;0;0;0;0;0;0;0;0;0;0;0;0;0;0;0;0;0;0;0;0;0;0;0;0;0;0;0;0;0;0;0;0;0;0;0;0;0;0;0;0;0;0;0;0;0;0;0;0;0;0;0;0;0;0;0;0;0;0;0;0;0;0;0;0;0;0;0;0;0;0;0;0;0;0;0;0;0;0;0;0;0;0;0;0;0;0;0;0;0;0;0;0;0;0;0;0;0;0;0;0;0;0;0;0;0;0;0;0;0;0;0;0;0;0;0;0;0;0;0;0;0;0;0;0;0;0;0;0;0;0;0;0;0;0;0;0;0;0;0;0;0;0;0;0;0;0;0;0;0;0;0;0;0;0;0;0;0;0;0;0;0;0;0;0;0;0;0;0;0;0;0;0;0;0;0;0;0;0;0;0;0;0;0;0;0;0;0;0;0;0;0;0;0;0;0;0
prv-miR-LLT7-5p;2215.00;prv-mir-LLT7;2215.00;0;0;13.00;0;0;0;0;0;0;0;0;0;0;0;0;0;0;0;1.00;0;0;1.00;0;0;2.00;1.00;0;0;0;0;64.00;0;0;0;15.00;0;1.00;0;0;0;0;0;0;0;0;1.00;0;0;0;0;0;0;0;1.00;0;0;0;0;0;0;0;0;1.00;0;0;0;0;0;0;0;0;0;0;0;0;0;0;0;0;0;0;0;1.00;0;0;0;0;0;0;0;0;0;0;0;0;0;0;0;0;0;0;69.00;1.00;1.00;2041.00;1.00;0;0;0;0;0;353.88;0;0;0;0;0;0;0;0;0;0;0;0;0;0;0;57.98;0;0;80.43;0;0;109.42;73.57;0;0;0;0;2130.14;0;0;0;660.44;0;40.76;0;0;0;0;0;0;0;0;27.99;0;0;0;0;0;0;0;25.59;0;0;0;0;0;0;0;0;47.63;0;0;0;0;0;0;0;0;0;0;0;0;0;0;0;0;0;0;0;35.70;0;0;0;0;0;0;0;0;0;0;0;0;0;0;0;0;0;0;2896.48;16.08;64.71;37160.44;20.54;0;0;0
prv-miR-LLT7-3p;0.00;prv-mir-LLT7;0.00;0;0;0;0;0;0;0;0;0;0;0;0;0;0;0;0;0;0;0;0;0;0;0;0;0;0;0;0;0;0;0;0;0;0;0;0;0;0;0;0;0;0;0;0;0;0;0;0;0;0;0;0;0;0;0;0;0;0;0;0;0;0;0;0;0;0;0;0;0;0;0;0;0;0;0;0;0;0;0;0;0;0;0;0;0;0;0;0;0;0;0;0;0;0;0;0;0;0;0;0;0;0;0;0;0;0;0;0;0;0;0;0;0;0;0;0;0;0;0;0;0;0;0;0;0;0;0;0;0;0;0;0;0;0;0;0;0;0;0;0;0;0;0;0;0;0;0;0;0;0;0;0;0;0;0;0;0;0;0;0;0;0;0;0;0;0;0;0;0;0;0;0;0;0;0;0;0;0;0;0;0;0;0;0;0;0;0;0;0;0;0;0;0;0;0;0;0;0;0;0;0;0;0;0;0;0;0;0;0;0;0;0;0;0;0;0;0;0
prv-miR-LLT8-5p;584.00;prv-mir-LLT8;584.00;0;49.00;3.00;0;0;0;0;0;2.00;0;7.00;0;0;0;0;0;0;0;2.00;0;0;0;0;0;13.00;0;0;0;0;0;0;70.00;0;94.00;1.00;0;0;0;1.00;0;0;3.00;79.00;1.00;0;0;4.00;0;0;0;0;0;0;0;78.00;0;11.00;0;0;0;1.00;0;0;0;1.00;0;0;26.00;0;0;0;0;0;1.00;1.00;111.00;0;0;0;1.00;0;0;0;0;0;0;0;1.00;0;0;0;0;0;0;0;0;0;0;0;0;0;0;0;1.00;4.00;18.00;0;0;0;0;1837.68;81.66;0;0;0;0;0;96.47;0;687.96;0;0;0;0;0;0;0;115.97;0;0;0;0;0;711.20;0;0;0;0;0;0;1641.19;0;3418.43;44.03;0;0;0;63.47;0;0;186.82;9682.56;48.37;0;0;107.37;0;0;0;0;0;0;0;2187.57;0;2121.50;0;0;0;43.93;0;0;0;106.07;0;0;1778.39;0;0;0;0;0;32.91;25.87;2302.33;0;0;0;39.20;0;0;0;0;0;0;0;28.24;0;0;0;0;0;0;0;0;0;0;0;0;0;0;0;64.71;72.83;369.69;0;0;0
prv-miR-LLT8-3p;1.00;prv-mir-LLT8;1.00;0;0;0;0;0;0;0;0;0;0;0;0;0;0;0;0;0;0;0;0;0;0;0;0;1.00;0;0;0;0;0;0;0;0;0;0;0;0;0;0;0;0;0;0;0;0;0;0;0;0;0;0;0;0;0;0;0;0;0;0;0;0;0;0;0;0;0;0;0;0;0;0;0;0;0;0;0;0;0;0;0;0;0;0;0;0;0;0;0;0;0;0;0;0;0;0;0;0;0;0;0;0;0;0;0;0;0;0;0;0;0;0;0;0;0;0;0;0;0;0;0;0;0;0;0;0;0;0;0;0;0;0;0;0;54.71;0;0;0;0;0;0;0;0;0;0;0;0;0;0;0;0;0;0;0;0;0;0;0;0;0;0;0;0;0;0;0;0;0;0;0;0;0;0;0;0;0;0;0;0;0;0;0;0;0;0;0;0;0;0;0;0;0;0;0;0;0;0;0;0;0;0;0;0;0;0;0;0;0;0;0;0;0;0;0;0;0;0;0;0
prv-miR-LLT9;559.00;prv-mir-LLT9;559.00;0;0;3.00;0;0;0;0;0;0;62.00;0;0;0;8.00;82.00;0;4.00;0;106.00;0;0;0;0;0;0;0;0;0;0;0;0;0;1.00;0;0;0;0;0;25.00;0;0;0;0;1.00;0;0;10.00;0;0;1.00;6.00;1.00;2.00;0;1.00;0;0;0;0;0;0;0;0;1.00;7.00;0;0;0;0;27.00;0;0;0;0;0;3.00;0;0;0;0;0;0;2.00;1.00;0;0;0;0;0;0;0;0;1.00;0;0;0;52.00;145.00;1.00;0;6.00;0;0;0;0;0;0;0;0;0;0;81.66;0;0;0;0;0;0;1625.93;0;0;0;315.57;10496.67;0;148.80;0;6146.35;0;0;0;0;0;0;0;0;0;0;0;0;0;69.22;0;0;0;0;0;1586.70;0;0;0;0;48.37;0;0;268.41;0;0;56.31;805.69;65.20;92.83;0;28.05;0;0;0;0;0;0;0;0;28.39;742.47;0;0;0;0;1451.07;0;0;0;0;0;62.23;0;0;0;0;0;0;71.39;50.03;0;0;0;0;0;0;0;0;19.34;0;0;0;4255.67;4987.62;47.58;0;2071.11;0;0;0;0;0;0;0;0
ptvpv2a-miR-P1-5p;2.00;ptvpv2a-mir-P1;2.00;0;0;0;0;0;0;0;0;0;0;0;0;0;0;0;0;0;0;0;0;0;0;0;0;0;0;0;0;0;0;0;0;0;0;0;0;0;0;2.00;0;0;0;0;0;0;0;0;0;0;0;0;0;0;0;0;0;0;0;0;0;0;0;0;0;0;0;0;0;0;0;0;0;0;0;0;0;0;0;0;0;0;0;0;0;0;0;0;0;0;0;0;0;0;0;0;0;0;0;0;0;0;0;0;0;0;0;0;0;0;0;0;0;0;0;0;0;0;0;0;0;0;0;0;0;0;0;0;0;0;0;0;0;0;0;0;0;0;0;0;0;0;0;0;0;0;0;0;126.94;0;0;0;0;0;0;0;0;0;0;0;0;0;0;0;0;0;0;0;0;0;0;0;0;0;0;0;0;0;0;0;0;0;0;0;0;0;0;0;0;0;0;0;0;0;0;0;0;0;0;0;0;0;0;0;0;0;0;0;0;0;0;0;0;0;0;0;0;0;0
ptvpv2a-miR-P1-3p;166.00;ptvpv2a-mir-P1;166.00;0;0;26.00;0;0;0;0;0;0;0;0;0;0;0;0;0;0;0;0;0;0;49.00;0;0;0;0;0;0;0;0;0;0;0;0;0;0;0;0;0;0;0;0;0;0;0;0;0;0;0;0;0;0;0;0;0;0;0;0;0;0;0;0;0;0;0;33.00;0;0;0;0;0;10.00;0;0;0;48.00;0;0;0;0;0;0;0;0;0;0;0;0;0;0;0;0;0;0;0;0;0;0;0;0;0;0;0;0;0;0;0;0;0;0;0;707.75;0;0;0;0;0;0;0;0;0;0;0;0;0;0;0;0;0;0;3941.12;0;0;0;0;0;0;0;0;0;0;0;0;0;0;0;0;0;0;0;0;0;0;0;0;0;0;0;0;0;0;0;0;0;0;0;0;0;0;0;0;0;0;0;1437.97;0;0;0;0;0;363.50;0;0;0;995.60;0;0;0;0;0;0;0;0;0;0;0;0;0;0;0;0;0;0;0;0;0;0;0;0;0;0;0;0;0;0;0;0;0
pyv-miR-3p;0.00;pyv-miR-3p;0.00;0;0;0;0;0;0;0;0;0;0;0;0;0;0;0;0;0;0;0;0;0;0;0;0;0;0;0;0;0;0;0;0;0;0;0;0;0;0;0;0;0;0;0;0;0;0;0;0;0;0;0;0;0;0;0;0;0;0;0;0;0;0;0;0;0;0;0;0;0;0;0;0;0;0;0;0;0;0;0;0;0;0;0;0;0;0;0;0;0;0;0;0;0;0;0;0;0;0;0;0;0;0;0;0;0;0;0;0;0;0;0;0;0;0;0;0;0;0;0;0;0;0;0;0;0;0;0;0;0;0;0;0;0;0;0;0;0;0;0;0;0;0;0;0;0;0;0;0;0;0;0;0;0;0;0;0;0;0;0;0;0;0;0;0;0;0;0;0;0;0;0;0;0;0;0;0;0;0;0;0;0;0;0;0;0;0;0;0;0;0;0;0;0;0;0;0;0;0;0;0;0;0;0;0;0;0;0;0;0;0;0;0;0;0;0;0;0;0
racpv-miR-P1-5p;761.00;racpv-mir-P1;761.00;0;2.00;53.00;0;2.00;0;0;0;0;0;0;0;0;2.00;0;11.00;0;6.00;1.00;2.00;0;0;4.00;0;48.00;1.00;0;0;0;0;5.00;0;0;0;2.00;20.00;2.00;0;0;36.00;0;5.00;0;2.00;0;50.00;0;0;0;0;25.00;0;4.00;1.00;23.00;13.00;0;0;0;0;1.00;0;1.00;71.00;0;0;1.00;0;3.00;66.00;0;0;1.00;0;0;4.00;0;0;0;6.00;0;5.00;65.00;1.00;78.00;1.00;0;41.00;6.00;0;0;1.00;0;0;0;0;0;0;1.00;73.00;0;2.00;0;1.00;12.00;0;0;0;0;0;75.01;1442.73;0;102.08;0;0;0;0;0;0;0;0;78.89;0;527.15;0;141.37;57.98;528.68;0;0;746.83;0;2625.96;73.57;0;0;0;0;166.42;0;0;0;88.06;835.35;81.53;0;0;5475.29;0;311.37;0;96.74;0;1399.50;0;0;0;0;3357.06;0;185.66;25.59;645.05;1055.71;0;0;0;0;43.93;0;47.63;2015.44;0;0;39.13;0;116.27;3547.05;0;0;63.95;0;0;82.97;0;0;0;235.21;0;118.06;2320.27;50.03;2732.05;63.05;0;1158.00;226.65;0;0;55.08;0;0;0;0;0;0;47.58;38320.21;0;83.96;0;64.71;218.48;0;0;0;0
racpv-miR-P1-3p;0.00;racpv-mir-P1;0.00;0;0;0;0;0;0;0;0;0;0;0;0;0;0;0;0;0;0;0;0;0;0;0;0;0;0;0;0;0;0;0;0;0;0;0;0;0;0;0;0;0;0;0;0;0;0;0;0;0;0;0;0;0;0;0;0;0;0;0;0;0;0;0;0;0;0;0;0;0;0;0;0;0;0;0;0;0;0;0;0;0;0;0;0;0;0;0;0;0;0;0;0;0;0;0;0;0;0;0;0;0;0;0;0;0;0;0;0;0;0;0;0;0;0;0;0;0;0;0;0;0;0;0;0;0;0;0;0;0;0;0;0;0;0;0;0;0;0;0;0;0;0;0;0;0;0;0;0;0;0;0;0;0;0;0;0;0;0;0;0;0;0;0;0;0;0;0;0;0;0;0;0;0;0;0;0;0;0;0;0;0;0;0;0;0;0;0;0;0;0;0;0;0;0;0;0;0;0;0;0;0;0;0;0;0;0;0;0;0;0;0;0;0;0;0;0;0;0
rcmv-miR-R90-1;7.00;rcmv-miR-R90-1;7.00;0;0;0;0;0;0;0;0;0;0;0;0;0;0;0;0;0;0;0;0;0;0;0;0;0;0;0;0;0;0;0;0;0;0;0;0;0;0;1.00;0;0;0;0;0;0;0;0;0;0;0;0;0;0;3.00;0;0;0;0;0;0;0;0;0;0;0;0;0;0;0;0;0;0;2.00;0;0;1.00;0;0;0;0;0;0;0;0;0;0;0;0;0;0;0;0;0;0;0;0;0;0;0;0;0;0;0;0;0;0;0;0;0;0;0;0;0;0;0;0;0;0;0;0;0;0;0;0;0;0;0;0;0;0;0;0;0;0;0;0;0;0;0;0;0;0;0;0;0;0;0;63.47;0;0;0;0;0;0;0;0;0;0;0;0;0;0;76.76;0;0;0;0;0;0;0;0;0;0;0;0;0;0;0;0;0;0;127.91;0;0;20.74;0;0;0;0;0;0;0;0;0;0;0;0;0;0;0;0;0;0;0;0;0;0;0;0;0;0;0;0;0;0;0;0;0
rcmv-miR-orilyt-1;9.00;rcmv-miR-orilyt-1;9.00;0;0;0;0;0;0;0;0;0;0;0;0;0;0;0;1.00;0;0;0;0;0;0;0;0;0;0;0;0;0;0;0;0;0;0;0;0;0;0;0;0;0;0;0;0;0;0;0;0;0;0;0;0;0;0;5.00;0;0;0;0;0;0;0;0;0;0;0;0;0;0;0;0;0;0;0;0;0;0;0;0;0;0;0;0;0;0;0;0;0;3.00;0;0;0;0;0;0;0;0;0;0;0;0;0;0;0;0;0;0;0;0;0;0;0;0;0;0;0;0;0;0;0;0;0;0;0;47.92;0;0;0;0;0;0;0;0;0;0;0;0;0;0;0;0;0;0;0;0;0;0;0;0;0;0;0;0;0;0;0;0;0;0;0;0;0;0;140.23;0;0;0;0;0;0;0;0;0;0;0;0;0;0;0;0;0;0;0;0;0;0;0;0;0;0;0;0;0;0;0;0;0;113.33;0;0;0;0;0;0;0;0;0;0;0;0;0;0;0;0;0;0;0;0
rcmv-miR-orilyt-2;0.00;rcmv-miR-orilyt-2;0.00;0;0;0;0;0;0;0;0;0;0;0;0;0;0;0;0;0;0;0;0;0;0;0;0;0;0;0;0;0;0;0;0;0;0;0;0;0;0;0;0;0;0;0;0;0;0;0;0;0;0;0;0;0;0;0;0;0;0;0;0;0;0;0;0;0;0;0;0;0;0;0;0;0;0;0;0;0;0;0;0;0;0;0;0;0;0;0;0;0;0;0;0;0;0;0;0;0;0;0;0;0;0;0;0;0;0;0;0;0;0;0;0;0;0;0;0;0;0;0;0;0;0;0;0;0;0;0;0;0;0;0;0;0;0;0;0;0;0;0;0;0;0;0;0;0;0;0;0;0;0;0;0;0;0;0;0;0;0;0;0;0;0;0;0;0;0;0;0;0;0;0;0;0;0;0;0;0;0;0;0;0;0;0;0;0;0;0;0;0;0;0;0;0;0;0;0;0;0;0;0;0;0;0;0;0;0;0;0;0;0;0;0;0;0;0;0;0;0
rcmv-miR-r1-1;0.00;rcmv-miR-r1-1;0.00;0;0;0;0;0;0;0;0;0;0;0;0;0;0;0;0;0;0;0;0;0;0;0;0;0;0;0;0;0;0;0;0;0;0;0;0;0;0;0;0;0;0;0;0;0;0;0;0;0;0;0;0;0;0;0;0;0;0;0;0;0;0;0;0;0;0;0;0;0;0;0;0;0;0;0;0;0;0;0;0;0;0;0;0;0;0;0;0;0;0;0;0;0;0;0;0;0;0;0;0;0;0;0;0;0;0;0;0;0;0;0;0;0;0;0;0;0;0;0;0;0;0;0;0;0;0;0;0;0;0;0;0;0;0;0;0;0;0;0;0;0;0;0;0;0;0;0;0;0;0;0;0;0;0;0;0;0;0;0;0;0;0;0;0;0;0;0;0;0;0;0;0;0;0;0;0;0;0;0;0;0;0;0;0;0;0;0;0;0;0;0;0;0;0;0;0;0;0;0;0;0;0;0;0;0;0;0;0;0;0;0;0;0;0;0;0;0;0
rcmv-miR-r1-2;0.00;rcmv-miR-r1-2;0.00;0;0;0;0;0;0;0;0;0;0;0;0;0;0;0;0;0;0;0;0;0;0;0;0;0;0;0;0;0;0;0;0;0;0;0;0;0;0;0;0;0;0;0;0;0;0;0;0;0;0;0;0;0;0;0;0;0;0;0;0;0;0;0;0;0;0;0;0;0;0;0;0;0;0;0;0;0;0;0;0;0;0;0;0;0;0;0;0;0;0;0;0;0;0;0;0;0;0;0;0;0;0;0;0;0;0;0;0;0;0;0;0;0;0;0;0;0;0;0;0;0;0;0;0;0;0;0;0;0;0;0;0;0;0;0;0;0;0;0;0;0;0;0;0;0;0;0;0;0;0;0;0;0;0;0;0;0;0;0;0;0;0;0;0;0;0;0;0;0;0;0;0;0;0;0;0;0;0;0;0;0;0;0;0;0;0;0;0;0;0;0;0;0;0;0;0;0;0;0;0;0;0;0;0;0;0;0;0;0;0;0;0;0;0;0;0;0;0
rcmv-miR-r1-3;1651.00;rcmv-miR-r1-3;1651.00;7.00;4.00;0;0;0;3.00;0;0;0;1.00;0;0;0;0;5.00;0;0;142.00;8.00;0;0;0;2.00;0;3.00;0;0;0;0;0;0;0;0;1.00;5.00;3.00;4.00;0;0;0;3.00;0;0;1.00;0;2.00;0;0;0;0;1.00;0;0;0;0;0;3.00;0;0;0;0;2.00;0;0;23.00;0;29.00;35.00;0;0;0;3.00;0;0;0;44.00;10.00;0;0;68.00;0;0;325.00;116.00;4.00;0;2.00;4.00;0;0;0;0;0;0;0;0;0;154.00;0;0;0;1.00;22.00;45.00;565.00;0;1.00;0;0;210.04;150.02;0;0;0;110.42;0;0;0;26.22;0;0;0;0;640.04;0;0;3345.66;463.88;0;0;0;373.41;0;164.12;0;0;0;0;0;0;0;0;36.37;220.15;125.30;163.05;0;0;0;88.86;0;0;48.37;0;55.98;0;0;0;0;134.28;0;0;0;0;0;578.59;0;0;0;0;151.29;0;0;2439.54;0;1134.85;2393.98;0;0;0;109.05;0;0;0;912.64;456.18;0;0;2665.73;0;0;11601.34;5803.19;140.11;0;96.74;112.98;0;0;0;0;0;0;0;0;0;5297.19;0;0;0;41.98;353.69;2912.06;10286.94;0;107.70;0;0
rcmv-miR-r1-4;2.00;rcmv-miR-r1-4;2.00;0;0;0;0;0;0;0;0;0;0;0;0;0;0;0;0;0;0;0;0;0;0;0;0;0;0;0;0;0;0;0;0;0;0;0;0;0;0;0;0;0;0;0;0;0;0;0;0;0;0;0;0;0;0;0;0;0;0;0;0;1.00;0;0;0;0;0;0;0;0;0;0;0;0;0;0;0;0;0;0;0;0;0;0;0;0;0;0;0;0;0;0;0;1.00;0;0;0;0;0;0;0;0;0;0;0;0;0;0;0;0;0;0;0;0;0;0;0;0;0;0;0;0;0;0;0;0;0;0;0;0;0;0;0;0;0;0;0;0;0;0;0;0;0;0;0;0;0;0;0;0;0;0;0;0;0;0;0;0;0;0;0;0;0;0;0;0;0;0;0;0;43.93;0;0;0;0;0;0;0;0;0;0;0;0;0;0;0;0;0;0;0;0;0;0;0;0;0;0;0;0;0;0;0;19.34;0;0;0;0;0;0;0;0;0;0;0;0;0;0;0;0
rcmv-miR-r111.1-1;0.00;rcmv-miR-r111.1-1;0.00;0;0;0;0;0;0;0;0;0;0;0;0;0;0;0;0;0;0;0;0;0;0;0;0;0;0;0;0;0;0;0;0;0;0;0;0;0;0;0;0;0;0;0;0;0;0;0;0;0;0;0;0;0;0;0;0;0;0;0;0;0;0;0;0;0;0;0;0;0;0;0;0;0;0;0;0;0;0;0;0;0;0;0;0;0;0;0;0;0;0;0;0;0;0;0;0;0;0;0;0;0;0;0;0;0;0;0;0;0;0;0;0;0;0;0;0;0;0;0;0;0;0;0;0;0;0;0;0;0;0;0;0;0;0;0;0;0;0;0;0;0;0;0;0;0;0;0;0;0;0;0;0;0;0;0;0;0;0;0;0;0;0;0;0;0;0;0;0;0;0;0;0;0;0;0;0;0;0;0;0;0;0;0;0;0;0;0;0;0;0;0;0;0;0;0;0;0;0;0;0;0;0;0;0;0;0;0;0;0;0;0;0;0;0;0;0;0;0
rcmv-miR-r111.1-2;3.00;rcmv-miR-r111.1-2;3.00;0;0;0;0;0;0;0;0;0;0;0;0;0;0;0;1.00;0;0;0;0;0;0;0;0;0;0;0;0;0;0;1.00;0;0;0;0;0;0;0;0;0;0;0;0;0;0;0;0;0;0;0;0;0;0;0;0;0;0;0;0;0;0;0;0;0;0;0;0;0;0;0;0;0;0;0;0;0;0;0;0;0;0;0;0;0;0;0;0;0;0;0;0;0;0;0;0;0;0;0;0;0;0;1.00;0;0;0;0;0;0;0;0;0;0;0;0;0;0;0;0;0;0;0;0;0;0;47.92;0;0;0;0;0;0;0;0;0;0;0;0;0;0;33.28;0;0;0;0;0;0;0;0;0;0;0;0;0;0;0;0;0;0;0;0;0;0;0;0;0;0;0;0;0;0;0;0;0;0;0;0;0;0;0;0;0;0;0;0;0;0;0;0;0;0;0;0;0;0;0;0;0;0;0;0;0;0;0;0;0;0;0;0;0;0;41.98;0;0;0;0;0;0;0
rcmv-miR-r111.1-3;10.00;rcmv-miR-r111.1-3;10.00;0;0;0;0;0;0;0;0;0;0;0;0;0;0;0;0;0;0;0;0;0;0;0;0;0;0;0;0;0;0;0;0;0;0;0;0;0;0;0;0;0;0;0;0;0;0;0;0;0;0;9.00;0;0;0;0;0;0;0;0;0;0;0;0;0;0;0;0;0;0;0;0;0;0;0;0;0;0;0;0;0;0;0;0;0;0;0;0;0;0;0;0;0;0;0;0;0;0;0;0;0;0;1.00;0;0;0;0;0;0;0;0;0;0;0;0;0;0;0;0;0;0;0;0;0;0;0;0;0;0;0;0;0;0;0;0;0;0;0;0;0;0;0;0;0;0;0;0;0;0;0;0;0;0;0;0;0;0;0;0;0;1208.54;0;0;0;0;0;0;0;0;0;0;0;0;0;0;0;0;0;0;0;0;0;0;0;0;0;0;0;0;0;0;0;0;0;0;0;0;0;0;0;0;0;0;0;0;0;0;0;0;0;0;41.98;0;0;0;0;0;0;0
rcmv-miR-r111.2-1;112.00;rcmv-miR-r111.2-1;112.00;0;0;0;0;0;0;0;0;0;0;0;0;0;0;0;0;0;0;0;0;0;0;3.00;0;0;0;0;0;0;0;0;0;0;0;0;0;0;0;0;0;0;0;0;0;0;0;0;0;0;0;0;0;0;0;0;0;0;0;0;0;0;0;0;0;0;0;0;0;0;0;0;0;0;0;0;0;0;0;0;0;0;0;91.00;0;0;0;0;0;0;0;0;18.00;0;0;0;0;0;0;0;0;0;0;0;0;0;0;0;0;0;0;0;0;0;0;0;0;0;0;0;0;0;0;0;0;0;0;0;0;0;0;0;560.12;0;0;0;0;0;0;0;0;0;0;0;0;0;0;0;0;0;0;0;0;0;0;0;0;0;0;0;0;0;0;0;0;0;0;0;0;0;0;0;0;0;0;0;0;0;0;0;0;0;0;0;0;0;0;0;0;0;0;0;3248.38;0;0;0;0;0;0;0;0;991.52;0;0;0;0;0;0;0;0;0;0;0;0;0;0;0;0;0
rcmv-miR-r111.2-2;1.00;rcmv-miR-r111.2-2;1.00;0;0;0;0;0;0;0;0;0;0;0;0;0;0;0;0;0;0;0;0;0;0;0;0;0;0;0;0;0;0;0;0;0;0;0;0;0;0;0;0;0;0;0;0;0;0;0;0;0;0;0;0;0;0;0;0;0;0;0;0;0;0;0;0;0;0;0;0;0;0;0;0;0;0;0;1.00;0;0;0;0;0;0;0;0;0;0;0;0;0;0;0;0;0;0;0;0;0;0;0;0;0;0;0;0;0;0;0;0;0;0;0;0;0;0;0;0;0;0;0;0;0;0;0;0;0;0;0;0;0;0;0;0;0;0;0;0;0;0;0;0;0;0;0;0;0;0;0;0;0;0;0;0;0;0;0;0;0;0;0;0;0;0;0;0;0;0;0;0;0;0;0;0;0;0;0;0;0;0;0;0;0;0;0;0;20.74;0;0;0;0;0;0;0;0;0;0;0;0;0;0;0;0;0;0;0;0;0;0;0;0;0;0;0;0;0;0;0;0;0
rcmv-miR-r111.2-3;1.00;rcmv-miR-r111.2-3;1.00;0;0;0;0;0;0;0;0;0;0;0;0;0;0;0;0;0;0;0;0;0;0;0;0;0;0;0;0;0;0;0;0;0;0;0;0;0;0;0;0;0;0;0;0;0;0;0;0;0;0;0;0;0;0;0;0;0;0;0;0;0;0;0;0;1.00;0;0;0;0;0;0;0;0;0;0;0;0;0;0;0;0;0;0;0;0;0;0;0;0;0;0;0;0;0;0;0;0;0;0;0;0;0;0;0;0;0;0;0;0;0;0;0;0;0;0;0;0;0;0;0;0;0;0;0;0;0;0;0;0;0;0;0;0;0;0;0;0;0;0;0;0;0;0;0;0;0;0;0;0;0;0;0;0;0;0;0;0;0;0;0;0;0;0;0;0;0;0;0;0;0;0;0;0;106.07;0;0;0;0;0;0;0;0;0;0;0;0;0;0;0;0;0;0;0;0;0;0;0;0;0;0;0;0;0;0;0;0;0;0;0;0;0;0;0;0;0;0;0;0
rcmv-miR-r111.2-4;5.00;rcmv-miR-r111.2-4;5.00;0;0;0;0;0;0;0;0;0;0;0;0;0;0;0;0;0;0;0;0;0;0;0;0;0;0;0;0;0;0;0;0;0;0;0;0;0;0;0;0;0;0;0;0;0;0;0;0;0;0;0;0;0;0;0;1.00;0;0;0;0;0;0;0;0;0;0;0;0;0;0;0;0;0;0;0;0;0;0;0;0;0;0;0;0;0;4.00;0;0;0;0;0;0;0;0;0;0;0;0;0;0;0;0;0;0;0;0;0;0;0;0;0;0;0;0;0;0;0;0;0;0;0;0;0;0;0;0;0;0;0;0;0;0;0;0;0;0;0;0;0;0;0;0;0;0;0;0;0;0;0;0;0;0;0;0;0;0;0;0;0;0;0;0;0;0;81.21;0;0;0;0;0;0;0;0;0;0;0;0;0;0;0;0;0;0;0;0;0;0;0;0;0;0;0;0;0;252.21;0;0;0;0;0;0;0;0;0;0;0;0;0;0;0;0;0;0;0;0;0;0;0
rcmv-miR-r111.2-5;0.00;rcmv-miR-r111.2-5;0.00;0;0;0;0;0;0;0;0;0;0;0;0;0;0;0;0;0;0;0;0;0;0;0;0;0;0;0;0;0;0;0;0;0;0;0;0;0;0;0;0;0;0;0;0;0;0;0;0;0;0;0;0;0;0;0;0;0;0;0;0;0;0;0;0;0;0;0;0;0;0;0;0;0;0;0;0;0;0;0;0;0;0;0;0;0;0;0;0;0;0;0;0;0;0;0;0;0;0;0;0;0;0;0;0;0;0;0;0;0;0;0;0;0;0;0;0;0;0;0;0;0;0;0;0;0;0;0;0;0;0;0;0;0;0;0;0;0;0;0;0;0;0;0;0;0;0;0;0;0;0;0;0;0;0;0;0;0;0;0;0;0;0;0;0;0;0;0;0;0;0;0;0;0;0;0;0;0;0;0;0;0;0;0;0;0;0;0;0;0;0;0;0;0;0;0;0;0;0;0;0;0;0;0;0;0;0;0;0;0;0;0;0;0;0;0;0;0;0
rcmv-miR-r111.2-6;158.00;rcmv-miR-r111.2-6;158.00;0;0;0;0;0;0;0;0;0;98.00;0;0;0;0;0;0;0;0;0;0;0;42.00;0;0;0;0;0;0;0;0;1.00;0;0;0;0;0;0;0;0;0;0;0;0;0;0;0;0;0;0;0;0;0;0;0;0;0;0;0;0;0;0;0;0;0;0;0;0;0;0;0;0;0;0;0;0;0;0;0;0;0;0;0;0;0;0;0;0;0;0;0;0;0;0;0;0;0;0;0;0;0;0;0;0;0;17.00;0;0;0;0;0;0;0;0;0;0;0;0;0;2570.02;0;0;0;0;0;0;0;0;0;0;0;3378.11;0;0;0;0;0;0;0;0;33.28;0;0;0;0;0;0;0;0;0;0;0;0;0;0;0;0;0;0;0;0;0;0;0;0;0;0;0;0;0;0;0;0;0;0;0;0;0;0;0;0;0;0;0;0;0;0;0;0;0;0;0;0;0;0;0;0;0;0;0;0;0;0;0;0;0;0;0;0;0;0;0;0;0;309.52;0;0;0;0
rcmv-miR-r170-1;0.00;rcmv-miR-r170-1;0.00;0;0;0;0;0;0;0;0;0;0;0;0;0;0;0;0;0;0;0;0;0;0;0;0;0;0;0;0;0;0;0;0;0;0;0;0;0;0;0;0;0;0;0;0;0;0;0;0;0;0;0;0;0;0;0;0;0;0;0;0;0;0;0;0;0;0;0;0;0;0;0;0;0;0;0;0;0;0;0;0;0;0;0;0;0;0;0;0;0;0;0;0;0;0;0;0;0;0;0;0;0;0;0;0;0;0;0;0;0;0;0;0;0;0;0;0;0;0;0;0;0;0;0;0;0;0;0;0;0;0;0;0;0;0;0;0;0;0;0;0;0;0;0;0;0;0;0;0;0;0;0;0;0;0;0;0;0;0;0;0;0;0;0;0;0;0;0;0;0;0;0;0;0;0;0;0;0;0;0;0;0;0;0;0;0;0;0;0;0;0;0;0;0;0;0;0;0;0;0;0;0;0;0;0;0;0;0;0;0;0;0;0;0;0;0;0;0;0
rcmv-miR-r43.1-1;0.00;rcmv-miR-r43.1-1;0.00;0;0;0;0;0;0;0;0;0;0;0;0;0;0;0;0;0;0;0;0;0;0;0;0;0;0;0;0;0;0;0;0;0;0;0;0;0;0;0;0;0;0;0;0;0;0;0;0;0;0;0;0;0;0;0;0;0;0;0;0;0;0;0;0;0;0;0;0;0;0;0;0;0;0;0;0;0;0;0;0;0;0;0;0;0;0;0;0;0;0;0;0;0;0;0;0;0;0;0;0;0;0;0;0;0;0;0;0;0;0;0;0;0;0;0;0;0;0;0;0;0;0;0;0;0;0;0;0;0;0;0;0;0;0;0;0;0;0;0;0;0;0;0;0;0;0;0;0;0;0;0;0;0;0;0;0;0;0;0;0;0;0;0;0;0;0;0;0;0;0;0;0;0;0;0;0;0;0;0;0;0;0;0;0;0;0;0;0;0;0;0;0;0;0;0;0;0;0;0;0;0;0;0;0;0;0;0;0;0;0;0;0;0;0;0;0;0;0
rcmv-miR-r43.1-2;8.00;rcmv-miR-r43.1-2;8.00;0;0;0;0;0;0;0;1.00;0;0;0;0;0;0;0;0;0;0;0;0;0;3.00;1.00;0;0;0;0;0;0;0;0;0;0;0;1.00;0;0;0;0;0;0;0;0;0;0;0;0;2.00;0;0;0;0;0;0;0;0;0;0;0;0;0;0;0;0;0;0;0;0;0;0;0;0;0;0;0;0;0;0;0;0;0;0;0;0;0;0;0;0;0;0;0;0;0;0;0;0;0;0;0;0;0;0;0;0;0;0;0;0;0;0;0;0;0;0;0;0;84.61;0;0;0;0;0;0;0;0;0;0;0;0;0;241.29;186.71;0;0;0;0;0;0;0;0;0;0;0;44.03;0;0;0;0;0;0;0;0;0;0;0;0;130.23;0;0;0;0;0;0;0;0;0;0;0;0;0;0;0;0;0;0;0;0;0;0;0;0;0;0;0;0;0;0;0;0;0;0;0;0;0;0;0;0;0;0;0;0;0;0;0;0;0;0;0;0;0;0;0;0;0;0;0;0;0
rcmv-miR-r6-1;0.00;rcmv-miR-r6-1;0.00;0;0;0;0;0;0;0;0;0;0;0;0;0;0;0;0;0;0;0;0;0;0;0;0;0;0;0;0;0;0;0;0;0;0;0;0;0;0;0;0;0;0;0;0;0;0;0;0;0;0;0;0;0;0;0;0;0;0;0;0;0;0;0;0;0;0;0;0;0;0;0;0;0;0;0;0;0;0;0;0;0;0;0;0;0;0;0;0;0;0;0;0;0;0;0;0;0;0;0;0;0;0;0;0;0;0;0;0;0;0;0;0;0;0;0;0;0;0;0;0;0;0;0;0;0;0;0;0;0;0;0;0;0;0;0;0;0;0;0;0;0;0;0;0;0;0;0;0;0;0;0;0;0;0;0;0;0;0;0;0;0;0;0;0;0;0;0;0;0;0;0;0;0;0;0;0;0;0;0;0;0;0;0;0;0;0;0;0;0;0;0;0;0;0;0;0;0;0;0;0;0;0;0;0;0;0;0;0;0;0;0;0;0;0;0;0;0;0
rcmv-miR-r87-1;79.00;rcmv-miR-r87-1;79.00;0;0;0;0;0;0;0;0;0;0;0;0;0;0;0;0;0;0;0;0;0;0;0;0;0;0;0;0;0;0;0;0;0;0;0;0;0;0;0;0;0;0;0;0;0;0;0;0;0;0;0;0;0;1.00;0;0;0;0;0;0;0;0;0;0;0;0;0;0;0;0;0;0;0;0;0;0;0;0;0;0;0;0;0;78.00;0;0;0;0;0;0;0;0;0;0;0;0;0;0;0;0;0;0;0;0;0;0;0;0;0;0;0;0;0;0;0;0;0;0;0;0;0;0;0;0;0;0;0;0;0;0;0;0;0;0;0;0;0;0;0;0;0;0;0;0;0;0;0;0;0;0;0;0;0;0;0;0;0;0;0;0;0;0;25.59;0;0;0;0;0;0;0;0;0;0;0;0;0;0;0;0;0;0;0;0;0;0;0;0;0;0;0;0;0;3902.15;0;0;0;0;0;0;0;0;0;0;0;0;0;0;0;0;0;0;0;0;0;0;0;0;0
rcmv-miR-r91-1;84.00;rcmv-miR-r91-1;84.00;0;0;0;0;0;0;0;0;1.00;0;0;0;0;3.00;0;2.00;0;0;0;0;0;0;0;1.00;44.00;0;0;0;0;0;0;0;0;0;0;0;0;0;10.00;0;0;5.00;0;0;0;2.00;0;0;0;0;0;0;0;0;0;0;0;0;0;0;0;0;0;0;0;0;1.00;0;0;0;0;0;0;2.00;0;0;0;0;0;0;0;0;0;0;0;0;9.00;0;0;0;0;0;0;0;0;0;0;0;0;0;0;0;0;3.00;0;1.00;0;0;0;0;0;0;0;0;0;0;0;48.24;0;0;0;0;118.34;0;95.85;0;0;0;0;0;0;0;133.14;2407.13;0;0;0;0;0;0;0;0;0;0;0;0;0;634.68;0;0;311.37;0;0;0;55.98;0;0;0;0;0;0;0;0;0;0;0;0;0;0;0;0;0;0;0;0;39.13;0;0;0;0;0;0;65.82;0;0;0;0;0;0;0;0;0;0;0;0;435.35;0;0;0;0;0;0;0;0;0;0;0;0;0;0;0;0;194.14;0;20.54;0;0;0
rcmv-miR-r95.1-1;0.00;rcmv-miR-r95.1-1;0.00;0;0;0;0;0;0;0;0;0;0;0;0;0;0;0;0;0;0;0;0;0;0;0;0;0;0;0;0;0;0;0;0;0;0;0;0;0;0;0;0;0;0;0;0;0;0;0;0;0;0;0;0;0;0;0;0;0;0;0;0;0;0;0;0;0;0;0;0;0;0;0;0;0;0;0;0;0;0;0;0;0;0;0;0;0;0;0;0;0;0;0;0;0;0;0;0;0;0;0;0;0;0;0;0;0;0;0;0;0;0;0;0;0;0;0;0;0;0;0;0;0;0;0;0;0;0;0;0;0;0;0;0;0;0;0;0;0;0;0;0;0;0;0;0;0;0;0;0;0;0;0;0;0;0;0;0;0;0;0;0;0;0;0;0;0;0;0;0;0;0;0;0;0;0;0;0;0;0;0;0;0;0;0;0;0;0;0;0;0;0;0;0;0;0;0;0;0;0;0;0;0;0;0;0;0;0;0;0;0;0;0;0;0;0;0;0;0;0
rhcmv-miR-rh106-1;15.00;rhcmv-miR-rh106-1;15.00;0;0;0;0;0;0;0;0;0;0;0;0;0;3.00;0;0;0;0;0;0;0;0;0;0;0;0;0;0;0;0;0;0;0;0;0;0;0;0;0;0;0;0;0;0;0;0;0;0;0;3.00;3.00;0;0;0;0;0;0;0;0;0;0;0;0;1.00;0;0;0;0;0;0;0;0;0;0;0;1.00;0;0;0;1.00;0;0;0;0;2.00;0;0;0;0;0;0;0;0;0;0;0;0;0;0;0;0;0;1.00;0;0;0;0;0;0;0;0;0;0;0;0;0;0;0;0;0;0;0;118.34;0;0;0;0;0;0;0;0;0;0;0;0;0;0;0;0;0;0;0;0;0;0;0;0;0;0;0;0;0;0;0;0;0;0;0;168.94;402.85;0;0;0;0;0;0;0;0;0;0;0;0;28.39;0;0;0;0;0;0;0;0;0;0;0;20.74;0;0;0;39.20;0;0;0;0;70.05;0;0;0;0;0;0;0;0;0;0;0;0;0;0;0;0;0;16.08;0;0;0;0;0;0
rhcmv-miR-rh106-2;415.00;rhcmv-miR-rh106-2;415.00;1.00;0;0;0;2.00;0;0;0;3.00;0;4.00;0;0;2.00;0;1.00;0;0;0;1.00;0;0;0;0;2.00;0;0;0;0;0;0;4.00;2.00;0;4.00;3.00;66.00;0;0;0;4.00;0;6.00;0;0;2.00;0;0;0;0;0;0;10.00;0;26.00;0;0;0;0;4.00;0;0;5.00;0;0;2.00;0;0;21.00;0;0;0;0;0;0;84.00;0;0;0;64.00;0;0;0;0;0;0;1.00;44.00;3.00;0;0;0;0;0;0;0;0;1.00;7.00;0;0;0;0;0;9.00;26.00;1.00;0;0;30.01;0;0;0;102.08;0;0;0;144.71;0;393.12;0;0;78.89;0;47.92;0;0;0;264.34;0;0;0;0;109.42;0;0;0;0;0;0;93.78;138.45;0;176.12;125.30;2690.36;0;0;0;118.48;0;735.38;0;0;55.98;0;0;0;0;0;0;464.14;0;729.19;0;0;0;0;159.29;0;0;238.17;0;0;87.15;0;0;813.92;0;0;0;0;0;0;1742.30;0;0;0;2508.92;0;0;0;0;0;0;48.37;1242.73;113.33;0;0;0;0;0;0;0;0;34.40;333.03;0;0;0;0;0;163.86;534.00;107.70;0;0
rhcmv-miR-rh156-1;178.00;rhcmv-miR-rh156-1;178.00;0;0;0;0;0;0;0;0;0;0;0;1.00;0;0;0;0;0;0;0;0;0;0;0;0;0;0;0;0;0;0;0;0;0;0;0;0;0;0;47.00;0;0;0;0;0;0;0;0;0;0;0;0;1.00;0;0;0;0;0;0;0;0;0;0;0;0;0;0;0;0;0;0;0;127.00;0;0;0;0;1.00;0;1.00;0;0;0;0;0;0;0;0;0;0;0;0;0;0;0;0;0;0;0;0;0;0;0;0;0;0;0;0;0;0;0;0;0;0;0;0;0;0;0;0;0;104.00;0;0;0;0;0;0;0;0;0;0;0;0;0;0;0;0;0;0;0;0;0;0;0;0;0;0;2982.99;0;0;0;0;0;0;0;0;0;0;0;0;65.20;0;0;0;0;0;0;0;0;0;0;0;0;0;0;0;0;0;0;0;4616.50;0;0;0;0;45.62;0;67.47;0;0;0;0;0;0;0;0;0;0;0;0;0;0;0;0;0;0;0;0;0;0;0;0;0;0;0;0;0;0
rhcmv-miR-rh156-2;80.00;rhcmv-miR-rh156-2;80.00;0;0;1.00;0;0;0;0;0;0;0;0;0;0;0;0;0;0;0;0;9.00;0;0;0;0;0;0;0;0;0;0;0;0;0;0;0;0;0;0;0;0;0;0;0;1.00;0;0;0;0;0;0;0;0;0;0;0;0;0;0;0;0;0;0;0;0;0;0;0;0;0;0;0;52.00;0;0;0;0;0;0;0;0;0;0;0;0;0;0;0;0;0;0;0;0;0;0;0;0;0;0;0;0;0;17.00;0;0;0;0;0;0;0;0;0;27.22;0;0;0;0;0;0;0;0;0;0;0;0;0;0;0;0;2379.06;0;0;0;0;0;0;0;0;0;0;0;0;0;0;0;0;0;0;0;0;0;0;0;48.37;0;0;0;0;0;0;0;0;0;0;0;0;0;0;0;0;0;0;0;0;0;0;0;0;0;0;0;1890.22;0;0;0;0;0;0;0;0;0;0;0;0;0;0;0;0;0;0;0;0;0;0;0;0;0;0;0;0;0;713.63;0;0;0;0;0;0;0
rhcmv-miR-rh157;59.00;rhcmv-miR-rh157;59.00;0;0;0;0;0;0;0;0;0;0;0;0;0;0;0;0;0;0;0;0;0;0;0;0;1.00;0;0;0;0;0;0;0;0;0;0;0;0;0;22.00;0;0;2.00;0;0;0;0;0;0;0;0;0;0;0;0;0;2.00;0;0;0;0;0;0;0;0;0;0;0;0;0;0;0;3.00;0;0;0;0;0;0;0;0;0;24.00;0;0;0;0;0;0;0;0;5.00;0;0;0;0;0;0;0;0;0;0;0;0;0;0;0;0;0;0;0;0;0;0;0;0;0;0;0;0;0;0;0;0;0;0;0;0;0;0;0;0;0;0;54.71;0;0;0;0;0;0;0;0;0;0;0;0;0;1396.29;0;0;124.55;0;0;0;0;0;0;0;0;0;0;0;0;0;162.42;0;0;0;0;0;0;0;0;0;0;0;0;0;0;0;109.05;0;0;0;0;0;0;0;0;0;566.71;0;0;0;0;0;0;0;0;351.47;0;0;0;0;0;0;0;0;0;0;0;0;0;0;0;0;0;0
rhcmv-miR-rh159;0.00;rhcmv-miR-rh159;0.00;0;0;0;0;0;0;0;0;0;0;0;0;0;0;0;0;0;0;0;0;0;0;0;0;0;0;0;0;0;0;0;0;0;0;0;0;0;0;0;0;0;0;0;0;0;0;0;0;0;0;0;0;0;0;0;0;0;0;0;0;0;0;0;0;0;0;0;0;0;0;0;0;0;0;0;0;0;0;0;0;0;0;0;0;0;0;0;0;0;0;0;0;0;0;0;0;0;0;0;0;0;0;0;0;0;0;0;0;0;0;0;0;0;0;0;0;0;0;0;0;0;0;0;0;0;0;0;0;0;0;0;0;0;0;0;0;0;0;0;0;0;0;0;0;0;0;0;0;0;0;0;0;0;0;0;0;0;0;0;0;0;0;0;0;0;0;0;0;0;0;0;0;0;0;0;0;0;0;0;0;0;0;0;0;0;0;0;0;0;0;0;0;0;0;0;0;0;0;0;0;0;0;0;0;0;0;0;0;0;0;0;0;0;0;0;0;0;0
rhcmv-miR-rh16;0.00;rhcmv-miR-rh16;0.00;0;0;0;0;0;0;0;0;0;0;0;0;0;0;0;0;0;0;0;0;0;0;0;0;0;0;0;0;0;0;0;0;0;0;0;0;0;0;0;0;0;0;0;0;0;0;0;0;0;0;0;0;0;0;0;0;0;0;0;0;0;0;0;0;0;0;0;0;0;0;0;0;0;0;0;0;0;0;0;0;0;0;0;0;0;0;0;0;0;0;0;0;0;0;0;0;0;0;0;0;0;0;0;0;0;0;0;0;0;0;0;0;0;0;0;0;0;0;0;0;0;0;0;0;0;0;0;0;0;0;0;0;0;0;0;0;0;0;0;0;0;0;0;0;0;0;0;0;0;0;0;0;0;0;0;0;0;0;0;0;0;0;0;0;0;0;0;0;0;0;0;0;0;0;0;0;0;0;0;0;0;0;0;0;0;0;0;0;0;0;0;0;0;0;0;0;0;0;0;0;0;0;0;0;0;0;0;0;0;0;0;0;0;0;0;0;0;0
rhcmv-miR-rh176;0.00;rhcmv-miR-rh176;0.00;0;0;0;0;0;0;0;0;0;0;0;0;0;0;0;0;0;0;0;0;0;0;0;0;0;0;0;0;0;0;0;0;0;0;0;0;0;0;0;0;0;0;0;0;0;0;0;0;0;0;0;0;0;0;0;0;0;0;0;0;0;0;0;0;0;0;0;0;0;0;0;0;0;0;0;0;0;0;0;0;0;0;0;0;0;0;0;0;0;0;0;0;0;0;0;0;0;0;0;0;0;0;0;0;0;0;0;0;0;0;0;0;0;0;0;0;0;0;0;0;0;0;0;0;0;0;0;0;0;0;0;0;0;0;0;0;0;0;0;0;0;0;0;0;0;0;0;0;0;0;0;0;0;0;0;0;0;0;0;0;0;0;0;0;0;0;0;0;0;0;0;0;0;0;0;0;0;0;0;0;0;0;0;0;0;0;0;0;0;0;0;0;0;0;0;0;0;0;0;0;0;0;0;0;0;0;0;0;0;0;0;0;0;0;0;0;0;0
rhcmv-miR-rh183-1;118.00;rhcmv-miR-rh183-1;118.00;0;0;0;0;0;0;0;0;0;0;0;0;0;0;0;0;0;0;0;0;0;0;0;0;0;0;0;0;0;0;59.00;0;0;0;0;0;0;0;0;0;0;0;0;0;0;0;0;0;0;0;0;0;0;0;37.00;0;0;0;0;0;0;0;0;0;0;0;0;0;0;0;0;0;0;0;0;22.00;0;0;0;0;0;0;0;0;0;0;0;0;0;0;0;0;0;0;0;0;0;0;0;0;0;0;0;0;0;0;0;0;0;0;0;0;0;0;0;0;0;0;0;0;0;0;0;0;0;0;0;0;0;0;0;0;0;0;0;0;0;0;0;1963.72;0;0;0;0;0;0;0;0;0;0;0;0;0;0;0;0;0;0;0;0;0;0;0;1037.69;0;0;0;0;0;0;0;0;0;0;0;0;0;0;0;0;0;0;0;0;456.32;0;0;0;0;0;0;0;0;0;0;0;0;0;0;0;0;0;0;0;0;0;0;0;0;0;0;0;0;0;0;0;0;0
rhcmv-miR-rh183-2;103.00;rhcmv-miR-rh183-2;103.00;0;0;0;0;0;0;0;0;0;0;0;0;0;0;0;0;0;0;0;0;0;0;0;0;0;0;0;0;0;0;0;0;0;0;0;0;0;0;0;0;0;0;0;0;0;1.00;0;0;0;0;0;0;0;0;0;0;0;0;0;0;0;0;0;0;0;0;0;0;0;0;0;0;0;0;0;0;0;0;0;0;0;0;0;0;0;0;0;0;0;0;0;0;0;0;0;0;0;0;0;0;0;102.00;0;0;0;0;0;0;0;0;0;0;0;0;0;0;0;0;0;0;0;0;0;0;0;0;0;0;0;0;0;0;0;0;0;0;0;0;0;0;0;0;0;0;0;0;0;0;0;0;0;0;0;0;27.99;0;0;0;0;0;0;0;0;0;0;0;0;0;0;0;0;0;0;0;0;0;0;0;0;0;0;0;0;0;0;0;0;0;0;0;0;0;0;0;0;0;0;0;0;0;0;0;0;0;0;0;0;0;0;0;4281.76;0;0;0;0;0;0;0
rhcmv-miR-rh225;3.00;rhcmv-miR-rh225;3.00;0;0;0;0;0;0;0;0;0;0;0;0;0;0;0;0;0;0;0;0;0;0;0;1.00;0;0;1.00;0;0;0;0;0;0;0;0;0;0;0;0;0;0;0;0;0;0;0;0;0;0;0;0;0;0;0;0;0;0;0;0;0;0;0;0;0;0;1.00;0;0;0;0;0;0;0;0;0;0;0;0;0;0;0;0;0;0;0;0;0;0;0;0;0;0;0;0;0;0;0;0;0;0;0;0;0;0;0;0;0;0;0;0;0;0;0;0;0;0;0;0;0;0;0;0;0;0;0;0;0;0;0;0;0;0;133.14;0;0;47.38;0;0;0;0;0;0;0;0;0;0;0;0;0;0;0;0;0;0;0;0;0;0;0;0;0;0;0;0;0;0;0;0;0;0;0;0;0;0;43.57;0;0;0;0;0;0;0;0;0;0;0;0;0;0;0;0;0;0;0;0;0;0;0;0;0;0;0;0;0;0;0;0;0;0;0;0;0;0;0;0;0;0;0
rhcmv-miR-rh70;2.00;rhcmv-miR-rh70;2.00;0;0;0;0;0;0;0;0;0;0;0;0;0;0;0;0;0;0;0;0;0;0;0;0;0;0;0;0;0;0;0;0;0;0;0;0;0;0;0;0;0;0;0;0;0;0;0;0;0;0;0;0;0;0;0;0;0;0;0;0;0;0;0;0;0;0;0;0;0;0;0;1.00;0;0;0;0;0;0;0;0;0;0;0;0;0;0;0;1.00;0;0;0;0;0;0;0;0;0;0;0;0;0;0;0;0;0;0;0;0;0;0;0;0;0;0;0;0;0;0;0;0;0;0;0;0;0;0;0;0;0;0;0;0;0;0;0;0;0;0;0;0;0;0;0;0;0;0;0;0;0;0;0;0;0;0;0;0;0;0;0;0;0;0;0;0;0;0;0;0;0;0;0;0;0;0;0;0;0;0;0;0;36.35;0;0;0;0;0;0;0;0;0;0;0;0;0;0;0;28.24;0;0;0;0;0;0;0;0;0;0;0;0;0;0;0;0;0;0;0;0;0
rhcmv-miR-rh94;2965.00;rhcmv-miR-rh94;2965.00;5.00;14.00;261.00;5.00;5.00;3.00;0;3.00;22.00;2.00;9.00;0;0;6.00;2.00;5.00;37.00;4.00;0;0;5.00;9.00;0;0;107.00;0;0;5.00;14.00;3.00;353.00;16.00;3.00;5.00;16.00;0;14.00;0;2.00;0;3.00;24.00;0;14.00;9.00;28.00;7.00;4.00;1.00;47.00;7.00;156.00;4.00;4.00;30.00;3.00;4.00;0;2.00;12.00;3.00;4.00;24.00;9.00;3.00;4.00;388.00;349.00;22.00;37.00;8.00;37.00;9.00;3.00;2.00;60.00;2.00;1.00;1.00;33.00;4.00;12.00;1.00;5.00;37.00;35.00;13.00;140.00;15.00;0;1.00;173.00;0;0;47.00;14.00;0;11.00;6.00;0;40.00;22.00;3.00;72.00;1.00;15.00;1.00;0;4.00;150.03;525.05;7104.75;727.80;255.21;110.42;0;253.83;1061.21;52.45;884.52;0;0;236.68;256.02;239.61;1376.39;94.24;0;0;607.83;723.88;0;0;5853.71;0;0;667.20;820.06;135.73;11749.04;375.13;207.67;181.83;704.47;0;570.68;0;126.94;0;88.86;1494.58;0;677.15;438.11;783.72;187.89;260.45;92.89;2646.69;939.98;10170.82;185.66;102.35;841.37;243.63;771.46;0;119.96;477.88;131.78;302.57;1143.24;255.48;318.20;174.30;15183.53;23871.41;852.68;1988.50;263.69;1344.97;575.59;98.72;51.74;1244.50;91.24;30.04;67.47;1293.66;628.34;283.35;35.70;250.14;1295.97;2206.81;628.84;3954.13;566.64;0;70.29;9529.58;0;0;43238.27;1086.53;0;378.37;285.46;0;13807.39;923.52;48.23;4659.29;18.21;308.08;107.70;0;3577.82
rhcmv-miR-rh96-1;112.00;rhcmv-miR-rh96-1;112.00;0;0;0;0;0;0;0;0;0;0;0;0;0;0;0;0;0;0;0;0;0;0;0;0;0;0;0;1.00;0;0;0;0;0;0;0;0;0;0;0;0;0;0;88.00;0;0;0;0;0;0;0;0;0;0;0;0;0;0;0;0;0;0;0;0;0;0;0;9.00;3.00;0;0;0;1.00;0;0;0;0;0;0;0;0;0;0;0;0;0;0;7.00;1.00;0;0;0;0;0;0;0;0;0;0;0;0;0;0;0;0;2.00;0;0;0;0;0;0;0;0;0;0;0;0;0;0;0;0;0;0;0;0;0;0;0;0;0;0;0;0;0;0;0;133.44;0;0;0;0;0;0;0;0;0;0;0;0;0;0;10785.64;0;0;0;0;0;0;0;0;0;0;0;0;0;0;0;0;0;0;0;0;0;0;0;352.20;205.20;0;0;0;36.35;0;0;0;0;0;0;0;0;0;0;0;0;0;0;338.61;28.24;0;0;0;0;0;0;0;0;0;0;0;0;0;0;0;0;36.41;0;0;0;0
rhcmv-miR-rh96-2;0.00;rhcmv-miR-rh96-2;0.00;0;0;0;0;0;0;0;0;0;0;0;0;0;0;0;0;0;0;0;0;0;0;0;0;0;0;0;0;0;0;0;0;0;0;0;0;0;0;0;0;0;0;0;0;0;0;0;0;0;0;0;0;0;0;0;0;0;0;0;0;0;0;0;0;0;0;0;0;0;0;0;0;0;0;0;0;0;0;0;0;0;0;0;0;0;0;0;0;0;0;0;0;0;0;0;0;0;0;0;0;0;0;0;0;0;0;0;0;0;0;0;0;0;0;0;0;0;0;0;0;0;0;0;0;0;0;0;0;0;0;0;0;0;0;0;0;0;0;0;0;0;0;0;0;0;0;0;0;0;0;0;0;0;0;0;0;0;0;0;0;0;0;0;0;0;0;0;0;0;0;0;0;0;0;0;0;0;0;0;0;0;0;0;0;0;0;0;0;0;0;0;0;0;0;0;0;0;0;0;0;0;0;0;0;0;0;0;0;0;0;0;0;0;0;0;0;0;0
rhcmv-miR-rh96-3;28.00;rhcmv-miR-rh96-3;28.00;0;0;0;0;0;0;0;0;0;0;0;0;0;1.00;0;0;0;0;0;0;0;0;0;0;0;0;0;0;0;0;0;0;0;0;0;0;0;0;0;0;0;0;0;0;0;0;0;0;0;0;0;0;0;0;0;0;0;0;0;0;0;0;0;0;0;0;0;0;0;0;0;0;0;0;0;0;0;0;0;0;0;0;0;0;0;0;0;0;0;0;0;0;0;0;0;0;0;0;0;0;0;0;0;0;27.00;0;0;0;0;0;0;0;0;0;0;0;0;0;0;0;0;0;39.45;0;0;0;0;0;0;0;0;0;0;0;0;0;0;0;0;0;0;0;0;0;0;0;0;0;0;0;0;0;0;0;0;0;0;0;0;0;0;0;0;0;0;0;0;0;0;0;0;0;0;0;0;0;0;0;0;0;0;0;0;0;0;0;0;0;0;0;0;0;0;0;0;0;0;0;0;0;0;0;0;0;0;0;0;0;0;0;0;0;0;491.59;0;0;0;0
rlcv-miR-rL1-1-5p;3.00;rlcv-mir-rL1-1;3.00;0;0;0;0;0;0;0;0;0;0;0;1.00;0;0;0;0;0;0;0;0;0;0;0;0;0;0;0;0;0;0;0;0;0;0;0;0;0;0;0;0;0;0;0;0;0;0;0;0;0;0;0;0;0;0;0;0;0;0;0;0;0;0;0;0;0;0;0;0;0;0;0;0;0;0;0;0;0;0;0;0;0;0;0;0;0;0;0;0;0;0;0;0;0;0;0;2.00;0;0;0;0;0;0;0;0;0;0;0;0;0;0;0;0;0;0;0;0;0;0;0;0;104.00;0;0;0;0;0;0;0;0;0;0;0;0;0;0;0;0;0;0;0;0;0;0;0;0;0;0;0;0;0;0;0;0;0;0;0;0;0;0;0;0;0;0;0;0;0;0;0;0;0;0;0;0;0;0;0;0;0;0;0;0;0;0;0;0;0;0;0;0;0;0;0;0;0;0;0;0;0;0;0;0;0;0;0;155.22;0;0;0;0;0;0;0;0;0;0;0;0;0
rlcv-miR-rL1-1-3p;92.00;rlcv-mir-rL1-1;92.00;0;0;0;0;0;0;0;0;0;0;0;0;0;0;0;0;0;0;2.00;0;0;0;0;0;0;0;0;0;0;0;0;0;0;86.00;0;0;0;0;0;0;0;0;0;2.00;0;0;0;0;0;2.00;0;0;0;0;0;0;0;0;0;0;0;0;0;0;0;0;0;0;0;0;0;0;0;0;0;0;0;0;0;0;0;0;0;0;0;0;0;0;0;0;0;0;0;0;0;0;0;0;0;0;0;0;0;0;0;0;0;0;0;0;0;0;0;0;0;0;0;0;0;0;0;0;0;0;0;0;0;115.97;0;0;0;0;0;0;0;0;0;0;0;0;0;0;3127.50;0;0;0;0;0;0;0;0;0;96.74;0;0;0;0;0;112.63;0;0;0;0;0;0;0;0;0;0;0;0;0;0;0;0;0;0;0;0;0;0;0;0;0;0;0;0;0;0;0;0;0;0;0;0;0;0;0;0;0;0;0;0;0;0;0;0;0;0;0;0;0;0;0;0;0;0;0
rlcv-miR-rL1-10-5p;36.00;rlcv-mir-rL1-10;36.00;0;0;0;0;0;0;0;0;0;0;0;0;0;1.00;0;0;0;0;0;0;0;0;0;0;0;0;0;0;0;0;0;0;0;1.00;0;0;0;0;0;0;0;0;0;0;0;0;0;0;0;0;0;0;0;0;30.00;1.00;0;0;0;0;0;0;0;1.00;0;0;0;0;0;0;0;0;0;0;0;0;0;0;0;0;0;0;0;0;0;0;0;0;0;0;0;2.00;0;0;0;0;0;0;0;0;0;0;0;0;0;0;0;0;0;0;0;0;0;0;0;0;0;0;0;0;0;0;39.45;0;0;0;0;0;0;0;0;0;0;0;0;0;0;0;0;0;0;0;36.37;0;0;0;0;0;0;0;0;0;0;0;0;0;0;0;0;0;0;0;0;841.37;81.21;0;0;0;0;0;0;0;28.39;0;0;0;0;0;0;0;0;0;0;0;0;0;0;0;0;0;0;0;0;0;0;0;0;0;0;0;110.17;0;0;0;0;0;0;0;0;0;0;0;0;0;0;0;0;0
rlcv-miR-rL1-10-3p;16.00;rlcv-mir-rL1-10;16.00;0;0;0;0;0;0;0;0;0;0;0;0;0;0;0;0;0;0;0;0;0;0;0;0;0;0;0;0;0;0;0;0;0;0;0;0;1.00;0;0;0;0;0;0;0;0;0;0;0;0;0;0;0;0;0;15.00;0;0;0;0;0;0;0;0;0;0;0;0;0;0;0;0;0;0;0;0;0;0;0;0;0;0;0;0;0;0;0;0;0;0;0;0;0;0;0;0;0;0;0;0;0;0;0;0;0;0;0;0;0;0;0;0;0;0;0;0;0;0;0;0;0;0;0;0;0;0;0;0;0;0;0;0;0;0;0;0;0;0;0;0;0;0;0;0;0;0;40.76;0;0;0;0;0;0;0;0;0;0;0;0;0;0;0;0;0;420.69;0;0;0;0;0;0;0;0;0;0;0;0;0;0;0;0;0;0;0;0;0;0;0;0;0;0;0;0;0;0;0;0;0;0;0;0;0;0;0;0;0;0;0;0;0;0;0;0;0;0;0;0;0;0
rlcv-miR-rL1-11-5p;78.00;rlcv-mir-rL1-11;78.00;0;0;0;0;0;0;0;0;0;0;0;0;0;0;0;0;0;0;0;0;0;0;0;0;0;0;0;0;0;0;0;0;0;0;0;0;0;0;0;0;0;0;0;0;0;0;0;0;0;0;0;0;0;0;0;0;0;0;0;0;0;1.00;0;0;0;0;0;0;0;0;0;0;0;0;0;76.00;0;0;0;0;0;0;0;0;0;0;0;0;0;0;0;0;0;0;0;0;0;0;1.00;0;0;0;0;0;0;0;0;0;0;0;0;0;0;0;0;0;0;0;0;0;0;0;0;0;0;0;0;0;0;0;0;0;0;0;0;0;0;0;0;0;0;0;0;0;0;0;0;0;0;0;0;0;0;0;0;0;0;0;0;0;0;0;0;0;0;0;0;0;0;0;75.64;0;0;0;0;0;0;0;0;0;0;0;0;0;1576.37;0;0;0;0;0;0;0;0;0;0;0;0;0;0;0;0;0;0;0;0;0;0;47.58;0;0;0;0;0;0;0;0;0;0
rlcv-miR-rL1-11-3p;67.00;rlcv-mir-rL1-11;67.00;0;0;0;0;0;0;0;0;0;0;0;0;0;0;0;0;0;0;0;0;0;0;0;0;0;0;0;0;0;0;0;0;0;0;0;0;1.00;61.00;0;0;0;0;0;0;0;0;0;0;1.00;0;0;4.00;0;0;0;0;0;0;0;0;0;0;0;0;0;0;0;0;0;0;0;0;0;0;0;0;0;0;0;0;0;0;0;0;0;0;0;0;0;0;0;0;0;0;0;0;0;0;0;0;0;0;0;0;0;0;0;0;0;0;0;0;0;0;0;0;0;0;0;0;0;0;0;0;0;0;0;0;0;0;0;0;0;0;0;0;0;0;0;0;0;0;0;0;0;40.76;3876.46;0;0;0;0;0;0;0;0;0;0;92.89;0;0;260.79;0;0;0;0;0;0;0;0;0;0;0;0;0;0;0;0;0;0;0;0;0;0;0;0;0;0;0;0;0;0;0;0;0;0;0;0;0;0;0;0;0;0;0;0;0;0;0;0;0;0;0;0;0;0;0;0;0
rlcv-miR-rL1-12-5p;2.00;rlcv-mir-rL1-12;2.00;0;0;0;0;0;0;0;0;0;0;0;0;0;0;0;0;0;0;0;0;0;0;0;0;0;0;0;0;1.00;0;0;0;0;0;0;0;0;0;0;0;0;0;0;0;0;0;0;0;0;0;0;0;0;0;0;0;0;0;0;0;0;0;0;0;0;0;0;0;0;0;0;0;0;0;0;0;0;0;0;0;0;0;0;0;0;0;0;0;0;0;0;1.00;0;0;0;0;0;0;0;0;0;0;0;0;0;0;0;0;0;0;0;0;0;0;0;0;0;0;0;0;0;0;0;0;0;0;0;0;0;0;0;0;0;0;0;0;0;58.58;0;0;0;0;0;0;0;0;0;0;0;0;0;0;0;0;0;0;0;0;0;0;0;0;0;0;0;0;0;0;0;0;0;0;0;0;0;0;0;0;0;0;0;0;0;0;0;0;0;0;0;0;0;0;0;0;0;0;0;0;0;0;55.08;0;0;0;0;0;0;0;0;0;0;0;0;0;0;0;0;0
rlcv-miR-rL1-12-3p;56.00;rlcv-mir-rL1-12;56.00;0;0;0;0;7.00;0;0;0;0;0;0;0;0;1.00;0;0;1.00;0;0;0;0;0;0;0;0;0;0;0;0;0;0;0;0;0;0;0;0;0;0;0;0;0;0;0;0;0;0;0;0;0;0;0;0;0;0;0;0;0;0;0;0;0;0;0;0;0;0;0;0;0;0;0;0;0;0;44.00;0;0;0;0;0;0;0;0;1.00;0;0;0;0;0;0;0;0;0;0;0;0;0;0;0;0;0;0;0;2.00;0;0;0;0;0;0;0;0;357.29;0;0;0;0;0;0;0;0;39.45;0;0;37.20;0;0;0;0;0;0;0;0;0;0;0;0;0;0;0;0;0;0;0;0;0;0;0;0;0;0;0;0;0;0;0;0;0;0;0;0;0;0;0;0;0;0;0;0;0;0;0;0;0;0;0;0;0;0;0;0;0;0;912.64;0;0;0;0;0;0;0;0;35.03;0;0;0;0;0;0;0;0;0;0;0;0;0;0;0;0;0;0;0;36.41;0;0;0;0
rlcv-miR-rL1-13-5p;96.00;rlcv-mir-rL1-13;96.00;0;0;0;0;0;0;0;0;0;0;0;0;0;0;0;0;0;0;0;0;0;0;0;0;0;0;0;0;0;0;0;0;0;0;0;0;0;0;0;0;0;0;0;0;0;0;0;0;0;0;0;0;0;0;3.00;0;0;0;0;0;0;0;0;0;0;0;0;0;0;0;0;0;0;0;0;87.00;0;0;0;0;0;0;0;0;0;0;2.00;0;0;0;0;0;0;0;0;0;0;0;0;0;1.00;0;0;3.00;0;0;0;0;0;0;0;0;0;0;0;0;0;0;0;0;0;0;0;0;0;0;0;0;0;0;0;0;0;0;0;0;0;0;0;0;0;0;0;0;0;0;0;0;0;0;0;0;0;0;0;0;0;0;0;0;0;0;0;84.14;0;0;0;0;0;0;0;0;0;0;0;0;0;0;0;0;0;0;0;0;1804.53;0;0;0;0;0;0;0;0;0;0;96.74;0;0;0;0;0;0;0;0;0;0;0;0;0;345.18;0;0;194.14;0;0;0;0;0
rlcv-miR-rL1-13-3p;0.00;rlcv-mir-rL1-13;0.00;0;0;0;0;0;0;0;0;0;0;0;0;0;0;0;0;0;0;0;0;0;0;0;0;0;0;0;0;0;0;0;0;0;0;0;0;0;0;0;0;0;0;0;0;0;0;0;0;0;0;0;0;0;0;0;0;0;0;0;0;0;0;0;0;0;0;0;0;0;0;0;0;0;0;0;0;0;0;0;0;0;0;0;0;0;0;0;0;0;0;0;0;0;0;0;0;0;0;0;0;0;0;0;0;0;0;0;0;0;0;0;0;0;0;0;0;0;0;0;0;0;0;0;0;0;0;0;0;0;0;0;0;0;0;0;0;0;0;0;0;0;0;0;0;0;0;0;0;0;0;0;0;0;0;0;0;0;0;0;0;0;0;0;0;0;0;0;0;0;0;0;0;0;0;0;0;0;0;0;0;0;0;0;0;0;0;0;0;0;0;0;0;0;0;0;0;0;0;0;0;0;0;0;0;0;0;0;0;0;0;0;0;0;0;0;0;0;0
rlcv-miR-rL1-14-5p;245.00;rlcv-mir-rL1-14-1;245.00;0;48.00;1.00;1.00;0;1.00;0;0;3.00;0;0;1.00;0;2.00;0;0;0;0;0;0;0;0;0;0;0;0;0;0;0;0;5.00;0;25.00;0;0;0;0;0;0;0;0;0;0;0;0;0;1.00;19.00;0;0;0;0;0;0;0;0;1.00;0;0;2.00;0;0;0;0;0;0;0;0;14.00;0;0;0;0;2.00;0;2.00;0;0;2.00;1.00;0;0;0;0;0;0;0;0;0;0;53.00;1.00;0;0;7.00;0;0;0;0;0;0;1.00;51.00;0;0;0;0;1.00;0;0;1800.18;27.22;145.56;0;36.81;0;0;144.71;0;0;104.00;0;78.89;0;0;0;0;0;0;0;0;0;0;0;0;0;0;0;0;166.42;0;1730.58;0;0;0;0;0;0;0;0;0;0;0;0;0;26.84;1237.14;0;0;0;0;0;0;0;0;192.86;0;0;79.65;0;0;0;0;0;0;0;0;542.61;0;0;0;0;65.82;0;41.48;0;0;134.94;39.20;0;0;0;0;0;0;0;0;0;0;3725.57;55.08;0;0;6439.74;0;0;0;0;0;0;41.98;819.92;0;0;0;0;610.50;0
rlcv-miR-rL1-14-3p;53.00;rlcv-mir-rL1-14-1;53.00;0;0;0;0;0;0;0;0;0;0;0;0;0;0;0;0;0;0;0;0;0;1.00;0;0;0;0;0;0;0;0;0;0;0;0;0;0;51.00;0;0;0;0;0;0;0;0;0;0;0;0;0;0;0;0;0;1.00;0;0;0;0;0;0;0;0;0;0;0;0;0;0;0;0;0;0;0;0;0;0;0;0;0;0;0;0;0;0;0;0;0;0;0;0;0;0;0;0;0;0;0;0;0;0;0;0;0;0;0;0;0;0;0;0;0;0;0;0;0;0;0;0;0;0;0;0;0;0;0;0;0;0;0;80.43;0;0;0;0;0;0;0;0;0;0;0;0;0;0;2078.92;0;0;0;0;0;0;0;0;0;0;0;0;0;0;0;0;0;28.05;0;0;0;0;0;0;0;0;0;0;0;0;0;0;0;0;0;0;0;0;0;0;0;0;0;0;0;0;0;0;0;0;0;0;0;0;0;0;0;0;0;0;0;0;0;0;0;0;0;0;0;0;0;0
rlcv-miR-rL1-14-5p;245.00;rlcv-mir-rL1-14-2;245.00;0;48.00;1.00;1.00;0;1.00;0;0;3.00;0;0;1.00;0;2.00;0;0;0;0;0;0;0;0;0;0;0;0;0;0;0;0;5.00;0;25.00;0;0;0;0;0;0;0;0;0;0;0;0;0;1.00;19.00;0;0;0;0;0;0;0;0;1.00;0;0;2.00;0;0;0;0;0;0;0;0;14.00;0;0;0;0;2.00;0;2.00;0;0;2.00;1.00;0;0;0;0;0;0;0;0;0;0;53.00;1.00;0;0;7.00;0;0;0;0;0;0;1.00;51.00;0;0;0;0;1.00;0;0;1800.18;27.22;145.56;0;36.81;0;0;144.71;0;0;104.00;0;78.89;0;0;0;0;0;0;0;0;0;0;0;0;0;0;0;0;166.42;0;1730.58;0;0;0;0;0;0;0;0;0;0;0;0;0;26.84;1237.14;0;0;0;0;0;0;0;0;192.86;0;0;79.65;0;0;0;0;0;0;0;0;542.61;0;0;0;0;65.82;0;41.48;0;0;134.94;39.20;0;0;0;0;0;0;0;0;0;0;3725.57;55.08;0;0;6439.74;0;0;0;0;0;0;41.98;819.92;0;0;0;0;610.50;0
rlcv-miR-rL1-14-3p;53.00;rlcv-mir-rL1-14-2;53.00;0;0;0;0;0;0;0;0;0;0;0;0;0;0;0;0;0;0;0;0;0;1.00;0;0;0;0;0;0;0;0;0;0;0;0;0;0;51.00;0;0;0;0;0;0;0;0;0;0;0;0;0;0;0;0;0;1.00;0;0;0;0;0;0;0;0;0;0;0;0;0;0;0;0;0;0;0;0;0;0;0;0;0;0;0;0;0;0;0;0;0;0;0;0;0;0;0;0;0;0;0;0;0;0;0;0;0;0;0;0;0;0;0;0;0;0;0;0;0;0;0;0;0;0;0;0;0;0;0;0;0;0;0;80.43;0;0;0;0;0;0;0;0;0;0;0;0;0;0;2078.92;0;0;0;0;0;0;0;0;0;0;0;0;0;0;0;0;0;28.05;0;0;0;0;0;0;0;0;0;0;0;0;0;0;0;0;0;0;0;0;0;0;0;0;0;0;0;0;0;0;0;0;0;0;0;0;0;0;0;0;0;0;0;0;0;0;0;0;0;0;0;0;0;0
rlcv-miR-rL1-15-5p;0.00;rlcv-mir-rL1-15;0.00;0;0;0;0;0;0;0;0;0;0;0;0;0;0;0;0;0;0;0;0;0;0;0;0;0;0;0;0;0;0;0;0;0;0;0;0;0;0;0;0;0;0;0;0;0;0;0;0;0;0;0;0;0;0;0;0;0;0;0;0;0;0;0;0;0;0;0;0;0;0;0;0;0;0;0;0;0;0;0;0;0;0;0;0;0;0;0;0;0;0;0;0;0;0;0;0;0;0;0;0;0;0;0;0;0;0;0;0;0;0;0;0;0;0;0;0;0;0;0;0;0;0;0;0;0;0;0;0;0;0;0;0;0;0;0;0;0;0;0;0;0;0;0;0;0;0;0;0;0;0;0;0;0;0;0;0;0;0;0;0;0;0;0;0;0;0;0;0;0;0;0;0;0;0;0;0;0;0;0;0;0;0;0;0;0;0;0;0;0;0;0;0;0;0;0;0;0;0;0;0;0;0;0;0;0;0;0;0;0;0;0;0;0;0;0;0;0;0
rlcv-miR-rL1-15-3p;323.00;rlcv-mir-rL1-15;323.00;0;0;0;0;54.00;0;0;0;0;0;13.00;0;0;1.00;0;0;0;0;101.00;1.00;0;33.00;0;0;3.00;0;0;0;0;0;0;0;0;0;0;0;0;0;0;0;0;0;0;2.00;0;0;0;0;0;0;0;0;0;0;0;0;0;0;0;0;0;0;0;0;0;0;0;0;0;0;0;0;108.00;0;0;0;0;0;0;0;0;0;0;0;0;0;0;0;0;0;0;0;0;0;0;0;0;0;1.00;0;0;0;6.00;0;0;0;0;0;0;0;0;0;0;2756.23;0;0;0;0;0;1277.64;0;0;39.45;0;0;0;0;5856.43;264.34;0;2654.23;0;0;164.12;0;0;0;0;0;0;0;0;0;0;0;0;0;0;0;0;0;0;96.74;0;0;0;0;0;0;0;0;0;0;0;0;0;0;0;0;0;0;0;0;0;0;0;0;0;0;0;0;6907.14;0;0;0;0;0;0;0;0;0;0;0;0;0;0;0;0;0;0;0;0;0;0;0;0;0;47.58;0;0;0;96.46;0;0;0;0;0;0
rlcv-miR-rL1-16-5p;0.00;rlcv-mir-rL1-16;0.00;0;0;0;0;0;0;0;0;0;0;0;0;0;0;0;0;0;0;0;0;0;0;0;0;0;0;0;0;0;0;0;0;0;0;0;0;0;0;0;0;0;0;0;0;0;0;0;0;0;0;0;0;0;0;0;0;0;0;0;0;0;0;0;0;0;0;0;0;0;0;0;0;0;0;0;0;0;0;0;0;0;0;0;0;0;0;0;0;0;0;0;0;0;0;0;0;0;0;0;0;0;0;0;0;0;0;0;0;0;0;0;0;0;0;0;0;0;0;0;0;0;0;0;0;0;0;0;0;0;0;0;0;0;0;0;0;0;0;0;0;0;0;0;0;0;0;0;0;0;0;0;0;0;0;0;0;0;0;0;0;0;0;0;0;0;0;0;0;0;0;0;0;0;0;0;0;0;0;0;0;0;0;0;0;0;0;0;0;0;0;0;0;0;0;0;0;0;0;0;0;0;0;0;0;0;0;0;0;0;0;0;0;0;0;0;0;0;0
rlcv-miR-rL1-16-3p;1.00;rlcv-mir-rL1-16;1.00;0;0;0;0;0;0;0;0;0;0;0;0;0;0;0;0;0;0;0;0;0;0;0;1.00;0;0;0;0;0;0;0;0;0;0;0;0;0;0;0;0;0;0;0;0;0;0;0;0;0;0;0;0;0;0;0;0;0;0;0;0;0;0;0;0;0;0;0;0;0;0;0;0;0;0;0;0;0;0;0;0;0;0;0;0;0;0;0;0;0;0;0;0;0;0;0;0;0;0;0;0;0;0;0;0;0;0;0;0;0;0;0;0;0;0;0;0;0;0;0;0;0;0;0;0;0;0;0;0;0;0;0;0;133.14;0;0;0;0;0;0;0;0;0;0;0;0;0;0;0;0;0;0;0;0;0;0;0;0;0;0;0;0;0;0;0;0;0;0;0;0;0;0;0;0;0;0;0;0;0;0;0;0;0;0;0;0;0;0;0;0;0;0;0;0;0;0;0;0;0;0;0;0;0;0;0;0;0;0;0;0;0;0;0;0;0;0;0;0;0
rlcv-miR-rL1-17-5p;1346.00;rlcv-mir-rL1-17;1346.00;0;0;86.00;0;1.00;13.00;0;0;0;83.00;1.00;1.00;0;0;86.00;67.00;97.00;7.00;0;6.00;0;69.00;3.00;1.00;77.00;0;0;14.00;0;6.00;0;0;0;78.00;0;0;65.00;1.00;0;0;22.00;0;1.00;11.00;20.00;0;0;2.00;0;13.00;0;2.00;1.00;1.00;34.00;0;0;0;0;0;0;2.00;0;1.00;0;23.00;0;0;1.00;1.00;0;2.00;0;0;0;3.00;13.00;1.00;1.00;0;0;3.00;0;32.00;34.00;0;3.00;0;0;22.00;0;0;0;0;0;7.00;0;221.00;17.00;2.00;0;0;0;7.00;59.00;22.00;0;0;0;0;0;2341.03;0;51.04;478.49;0;0;0;2176.65;98.28;104.00;0;0;11008.70;3210.81;3608.36;164.93;0;1586.04;0;5549.75;560.12;133.14;4212.48;0;0;1868.16;0;271.47;0;0;0;2836.57;0;0;2649.60;63.55;0;0;651.66;0;122.56;532.04;973.57;0;0;130.23;0;732.06;0;130.40;46.41;25.59;953.56;0;0;0;0;0;0;151.29;0;28.39;0;1002.22;0;0;38.76;53.74;0;72.70;0;0;0;62.23;593.04;30.04;67.47;0;0;70.84;0;1600.88;1190.89;0;145.12;0;0;478.14;0;0;0;0;0;543.27;0;7601.82;808.79;1049.87;0;0;0;452.99;1074.21;451.85;0;0;0
rlcv-miR-rL1-17-3p;0.00;rlcv-mir-rL1-17;0.00;0;0;0;0;0;0;0;0;0;0;0;0;0;0;0;0;0;0;0;0;0;0;0;0;0;0;0;0;0;0;0;0;0;0;0;0;0;0;0;0;0;0;0;0;0;0;0;0;0;0;0;0;0;0;0;0;0;0;0;0;0;0;0;0;0;0;0;0;0;0;0;0;0;0;0;0;0;0;0;0;0;0;0;0;0;0;0;0;0;0;0;0;0;0;0;0;0;0;0;0;0;0;0;0;0;0;0;0;0;0;0;0;0;0;0;0;0;0;0;0;0;0;0;0;0;0;0;0;0;0;0;0;0;0;0;0;0;0;0;0;0;0;0;0;0;0;0;0;0;0;0;0;0;0;0;0;0;0;0;0;0;0;0;0;0;0;0;0;0;0;0;0;0;0;0;0;0;0;0;0;0;0;0;0;0;0;0;0;0;0;0;0;0;0;0;0;0;0;0;0;0;0;0;0;0;0;0;0;0;0;0;0;0;0;0;0;0;0
rlcv-miR-rL1-18-5p;927.00;rlcv-mir-rL1-18;927.00;44.00;1.00;0;0;0;0;156.00;0;0;0;0;0;0;0;57.00;1.00;3.00;0;12.00;0;0;41.00;0;0;0;5.00;0;0;1.00;0;0;72.00;1.00;0;0;0;60.00;0;47.00;1.00;0;0;0;0;0;0;0;0;0;0;1.00;3.00;0;0;95.00;0;0;0;0;0;0;52.00;14.00;0;1.00;0;48.00;0;0;0;1.00;55.00;0;1.00;0;1.00;0;0;2.00;1.00;0;93.00;0;0;0;0;10.00;0;1.00;0;46.00;0;0;0;0;0;0;0;0;0;0;0;0;0;0;0;0;0;0;1320.25;37.50;0;0;0;0;14283.10;0;0;0;0;0;0;0;7296.47;47.92;111.60;0;695.81;0;0;3297.68;0;0;0;367.84;0;0;58.58;0;0;1688.08;69.22;0;0;0;2445.79;0;2982.99;152.09;0;0;0;0;0;0;0;0;0;0;134.28;195.59;0;0;2664.35;0;0;0;0;0;0;3933.43;666.89;0;106.07;0;1878.38;0;0;0;32.96;1999.27;0;32.91;0;20.74;0;0;134.94;39.20;0;2195.99;0;0;0;0;483.72;0;37.78;0;3233.52;0;0;0;0;0;0;0;0;0;0;0;0;0;0;0;0;0;0
rlcv-miR-rL1-18-3p;0.00;rlcv-mir-rL1-18;0.00;0;0;0;0;0;0;0;0;0;0;0;0;0;0;0;0;0;0;0;0;0;0;0;0;0;0;0;0;0;0;0;0;0;0;0;0;0;0;0;0;0;0;0;0;0;0;0;0;0;0;0;0;0;0;0;0;0;0;0;0;0;0;0;0;0;0;0;0;0;0;0;0;0;0;0;0;0;0;0;0;0;0;0;0;0;0;0;0;0;0;0;0;0;0;0;0;0;0;0;0;0;0;0;0;0;0;0;0;0;0;0;0;0;0;0;0;0;0;0;0;0;0;0;0;0;0;0;0;0;0;0;0;0;0;0;0;0;0;0;0;0;0;0;0;0;0;0;0;0;0;0;0;0;0;0;0;0;0;0;0;0;0;0;0;0;0;0;0;0;0;0;0;0;0;0;0;0;0;0;0;0;0;0;0;0;0;0;0;0;0;0;0;0;0;0;0;0;0;0;0;0;0;0;0;0;0;0;0;0;0;0;0;0;0;0;0;0;0
rlcv-miR-rL1-19-5p;777.00;rlcv-mir-rL1-19;777.00;0;0;0;0;0;1.00;0;0;0;0;12.00;0;1.00;0;0;0;0;0;0;1.00;0;0;0;0;7.00;0;0;0;0;0;0;0;0;0;4.00;0;64.00;0;0;0;0;1.00;0;0;2.00;0;0;0;0;0;1.00;0;14.00;0;1.00;0;0;0;0;1.00;0;0;0;0;0;0;0;0;0;2.00;0;3.00;0;5.00;76.00;4.00;0;0;0;0;0;1.00;0;0;0;0;0;0;0;0;571.00;0;0;0;0;0;0;1.00;0;0;0;0;0;0;3.00;1.00;0;0;0;0;0;0;0;0;36.81;0;0;0;0;1179.36;0;344.71;0;0;0;0;0;0;264.34;0;0;0;0;382.95;0;0;0;0;0;0;0;0;0;176.12;0;2608.84;0;0;0;0;62.27;0;0;97.36;0;0;0;0;0;134.28;0;649.80;0;28.05;0;0;0;0;39.82;0;0;0;0;0;0;0;0;0;107.49;0;109.05;0;164.54;1966.01;82.97;0;0;0;0;0;23.61;0;0;0;0;0;0;0;0;40137.78;0;0;0;0;0;0;34.40;0;0;0;0;0;0;54.62;20.54;0;0;0
rlcv-miR-rL1-19-3p;1.00;rlcv-mir-rL1-19;1.00;0;1.00;0;0;0;0;0;0;0;0;0;0;0;0;0;0;0;0;0;0;0;0;0;0;0;0;0;0;0;0;0;0;0;0;0;0;0;0;0;0;0;0;0;0;0;0;0;0;0;0;0;0;0;0;0;0;0;0;0;0;0;0;0;0;0;0;0;0;0;0;0;0;0;0;0;0;0;0;0;0;0;0;0;0;0;0;0;0;0;0;0;0;0;0;0;0;0;0;0;0;0;0;0;0;0;0;0;0;0;0;37.50;0;0;0;0;0;0;0;0;0;0;0;0;0;0;0;0;0;0;0;0;0;0;0;0;0;0;0;0;0;0;0;0;0;0;0;0;0;0;0;0;0;0;0;0;0;0;0;0;0;0;0;0;0;0;0;0;0;0;0;0;0;0;0;0;0;0;0;0;0;0;0;0;0;0;0;0;0;0;0;0;0;0;0;0;0;0;0;0;0;0;0;0;0;0;0;0;0;0;0;0;0;0;0;0;0;0;0
rlcv-miR-rL1-2-5p;1.00;rlcv-mir-rL1-2;1.00;0;0;0;0;0;0;0;0;0;0;0;0;0;0;0;0;0;0;0;0;0;0;0;0;0;0;0;0;0;0;0;0;0;0;0;0;0;0;1.00;0;0;0;0;0;0;0;0;0;0;0;0;0;0;0;0;0;0;0;0;0;0;0;0;0;0;0;0;0;0;0;0;0;0;0;0;0;0;0;0;0;0;0;0;0;0;0;0;0;0;0;0;0;0;0;0;0;0;0;0;0;0;0;0;0;0;0;0;0;0;0;0;0;0;0;0;0;0;0;0;0;0;0;0;0;0;0;0;0;0;0;0;0;0;0;0;0;0;0;0;0;0;0;0;0;0;0;0;63.47;0;0;0;0;0;0;0;0;0;0;0;0;0;0;0;0;0;0;0;0;0;0;0;0;0;0;0;0;0;0;0;0;0;0;0;0;0;0;0;0;0;0;0;0;0;0;0;0;0;0;0;0;0;0;0;0;0;0;0;0;0;0;0;0;0;0;0;0;0;0
rlcv-miR-rL1-2-3p;0.00;rlcv-mir-rL1-2;0.00;0;0;0;0;0;0;0;0;0;0;0;0;0;0;0;0;0;0;0;0;0;0;0;0;0;0;0;0;0;0;0;0;0;0;0;0;0;0;0;0;0;0;0;0;0;0;0;0;0;0;0;0;0;0;0;0;0;0;0;0;0;0;0;0;0;0;0;0;0;0;0;0;0;0;0;0;0;0;0;0;0;0;0;0;0;0;0;0;0;0;0;0;0;0;0;0;0;0;0;0;0;0;0;0;0;0;0;0;0;0;0;0;0;0;0;0;0;0;0;0;0;0;0;0;0;0;0;0;0;0;0;0;0;0;0;0;0;0;0;0;0;0;0;0;0;0;0;0;0;0;0;0;0;0;0;0;0;0;0;0;0;0;0;0;0;0;0;0;0;0;0;0;0;0;0;0;0;0;0;0;0;0;0;0;0;0;0;0;0;0;0;0;0;0;0;0;0;0;0;0;0;0;0;0;0;0;0;0;0;0;0;0;0;0;0;0;0;0
rlcv-miR-rL1-20-5p;428.00;rlcv-mir-rL1-20;428.00;0;0;0;0;0;0;0;0;0;0;0;78.00;0;0;0;16.00;0;0;0;0;1.00;0;0;0;2.00;0;0;0;0;0;0;13.00;0;0;0;0;59.00;0;0;0;0;0;0;0;0;0;0;0;0;0;0;0;0;0;37.00;0;0;0;0;0;0;0;0;0;0;0;0;0;0;0;0;0;0;0;0;0;0;0;0;0;0;150.00;2.00;0;0;0;0;0;0;0;0;45.00;0;0;0;0;0;0;0;0;0;0;0;0;25.00;0;0;0;0;0;0;0;0;0;0;0;0;0;0;0;8112.32;0;0;0;766.76;0;0;0;0;121.57;0;0;0;109.42;0;0;0;0;0;0;304.79;0;0;0;0;2405.02;0;0;0;0;0;0;0;0;0;0;0;0;0;0;0;0;0;1037.69;0;0;0;0;0;0;0;0;0;0;0;0;0;0;0;0;0;0;0;0;0;0;0;0;0;0;3541.91;71.39;0;0;0;0;0;0;0;0;2478.79;0;0;0;0;0;0;0;0;0;0;0;0;455.17;0;0;0;0
rlcv-miR-rL1-20-3p;1.00;rlcv-mir-rL1-20;1.00;0;0;0;0;0;0;0;0;0;0;0;0;0;0;0;0;0;0;0;0;0;0;1.00;0;0;0;0;0;0;0;0;0;0;0;0;0;0;0;0;0;0;0;0;0;0;0;0;0;0;0;0;0;0;0;0;0;0;0;0;0;0;0;0;0;0;0;0;0;0;0;0;0;0;0;0;0;0;0;0;0;0;0;0;0;0;0;0;0;0;0;0;0;0;0;0;0;0;0;0;0;0;0;0;0;0;0;0;0;0;0;0;0;0;0;0;0;0;0;0;0;0;0;0;0;0;0;0;0;0;0;0;186.71;0;0;0;0;0;0;0;0;0;0;0;0;0;0;0;0;0;0;0;0;0;0;0;0;0;0;0;0;0;0;0;0;0;0;0;0;0;0;0;0;0;0;0;0;0;0;0;0;0;0;0;0;0;0;0;0;0;0;0;0;0;0;0;0;0;0;0;0;0;0;0;0;0;0;0;0;0;0;0;0;0;0;0;0;0;0
rlcv-miR-rL1-21-5p;199.00;rlcv-mir-rL1-21;199.00;0;0;0;0;0;0;0;21.00;0;88.00;0;2.00;0;0;0;0;0;0;0;0;0;0;0;0;0;0;0;3.00;0;1.00;36.00;0;0;0;0;0;13.00;2.00;0;0;0;1.00;2.00;1.00;0;0;1.00;0;0;0;11.00;0;0;0;1.00;0;0;0;0;0;0;0;0;0;0;0;0;0;0;0;0;0;0;0;0;1.00;0;0;0;1.00;0;1.00;0;0;0;0;0;1.00;1.00;0;2.00;0;2.00;0;0;0;0;0;0;0;2.00;1.00;0;0;0;0;4.00;0;0;0;0;0;0;0;0;0;1776.80;0;2307.77;0;208.01;0;0;0;0;0;0;0;0;0;0;0;0;0;0;0;400.32;0;45.24;1198.20;0;0;0;0;0;529.92;127.10;0;0;0;62.27;245.13;48.37;0;0;26.84;0;0;0;1477.10;0;0;0;28.05;0;0;0;0;0;0;0;0;0;0;0;0;0;0;0;0;0;0;0;0;20.74;0;0;0;39.20;0;23.61;0;0;0;0;0;28.24;37.78;0;140.59;0;38.69;0;0;0;0;0;0;0;690.37;41.98;0;0;0;0;430.80;0;0
rlcv-miR-rL1-21-3p;158.00;rlcv-mir-rL1-21;158.00;0;0;0;0;0;0;0;0;0;0;0;0;0;0;0;0;0;0;0;0;0;0;0;0;0;0;0;0;0;0;0;0;0;0;0;0;0;1.00;0;0;0;0;0;0;0;0;0;0;0;0;0;0;0;0;0;0;0;0;0;0;0;0;0;0;0;0;0;0;0;0;157.00;0;0;0;0;0;0;0;0;0;0;0;0;0;0;0;0;0;0;0;0;0;0;0;0;0;0;0;0;0;0;0;0;0;0;0;0;0;0;0;0;0;0;0;0;0;0;0;0;0;0;0;0;0;0;0;0;0;0;0;0;0;0;0;0;0;0;0;0;0;0;0;0;0;0;0;63.55;0;0;0;0;0;0;0;0;0;0;0;0;0;0;0;0;0;0;0;0;0;0;0;0;0;0;0;0;0;0;0;0;5174.86;0;0;0;0;0;0;0;0;0;0;0;0;0;0;0;0;0;0;0;0;0;0;0;0;0;0;0;0;0;0;0;0;0;0;0;0;0;0
rlcv-miR-rL1-22-5p;90.00;rlcv-mir-rL1-22;90.00;0;0;0;0;0;0;0;1.00;0;1.00;0;0;0;0;0;0;0;0;0;0;0;0;0;0;0;0;0;0;0;0;0;1.00;0;0;24.00;0;0;0;3.00;0;0;0;0;0;0;0;0;0;0;0;0;0;0;0;0;0;0;0;0;0;0;1.00;0;0;0;2.00;0;0;0;0;0;0;1.00;0;0;2.00;1.00;0;6.00;0;0;0;0;0;0;1.00;0;0;0;0;7.00;0;0;0;0;0;0;0;0;0;0;0;0;0;1.00;38.00;0;0;0;0;0;0;0;0;0;0;84.61;0;26.22;0;0;0;0;0;0;0;0;0;0;0;0;0;0;0;0;0;0;0;0;0;23.45;0;0;1056.71;0;0;0;190.40;0;0;0;0;0;0;0;0;0;0;0;0;0;0;0;0;0;0;0;0;0;0;75.64;0;0;0;87.15;0;0;0;0;0;0;63.95;0;0;41.48;45.62;0;404.83;0;0;0;0;0;0;63.05;0;0;0;0;492.06;0;0;0;0;0;0;0;0;0;0;0;0;0;18.21;780.46;0;0;0
rlcv-miR-rL1-22-3p;0.00;rlcv-mir-rL1-22;0.00;0;0;0;0;0;0;0;0;0;0;0;0;0;0;0;0;0;0;0;0;0;0;0;0;0;0;0;0;0;0;0;0;0;0;0;0;0;0;0;0;0;0;0;0;0;0;0;0;0;0;0;0;0;0;0;0;0;0;0;0;0;0;0;0;0;0;0;0;0;0;0;0;0;0;0;0;0;0;0;0;0;0;0;0;0;0;0;0;0;0;0;0;0;0;0;0;0;0;0;0;0;0;0;0;0;0;0;0;0;0;0;0;0;0;0;0;0;0;0;0;0;0;0;0;0;0;0;0;0;0;0;0;0;0;0;0;0;0;0;0;0;0;0;0;0;0;0;0;0;0;0;0;0;0;0;0;0;0;0;0;0;0;0;0;0;0;0;0;0;0;0;0;0;0;0;0;0;0;0;0;0;0;0;0;0;0;0;0;0;0;0;0;0;0;0;0;0;0;0;0;0;0;0;0;0;0;0;0;0;0;0;0;0;0;0;0;0;0
rlcv-miR-rL1-23-5p;11.00;rlcv-mir-rL1-23;11.00;0;0;0;0;0;0;10.00;0;0;0;0;0;0;0;0;0;0;0;0;0;0;0;0;0;0;0;0;0;0;0;0;1.00;0;0;0;0;0;0;0;0;0;0;0;0;0;0;0;0;0;0;0;0;0;0;0;0;0;0;0;0;0;0;0;0;0;0;0;0;0;0;0;0;0;0;0;0;0;0;0;0;0;0;0;0;0;0;0;0;0;0;0;0;0;0;0;0;0;0;0;0;0;0;0;0;0;0;0;0;0;0;0;0;0;0;0;915.58;0;0;0;0;0;0;0;0;0;0;0;0;0;0;0;0;0;0;0;0;0;0;0;0;23.45;0;0;0;0;0;0;0;0;0;0;0;0;0;0;0;0;0;0;0;0;0;0;0;0;0;0;0;0;0;0;0;0;0;0;0;0;0;0;0;0;0;0;0;0;0;0;0;0;0;0;0;0;0;0;0;0;0;0;0;0;0;0;0;0;0;0;0;0;0;0;0;0;0;0;0;0;0
rlcv-miR-rL1-23-3p;21.00;rlcv-mir-rL1-23;21.00;0;0;0;0;0;0;0;0;0;0;0;0;0;0;0;0;0;0;0;0;0;0;0;0;0;0;0;0;0;0;0;0;0;0;0;0;0;0;0;0;0;0;0;0;0;0;0;0;0;0;0;0;0;0;20.00;0;0;0;0;0;0;0;0;0;0;0;0;0;0;0;0;0;0;0;0;0;0;0;0;0;0;0;0;0;0;0;0;0;0;0;0;0;0;0;0;0;0;0;0;0;0;0;0;0;1.00;0;0;0;0;0;0;0;0;0;0;0;0;0;0;0;0;0;0;0;0;0;0;0;0;0;0;0;0;0;0;0;0;0;0;0;0;0;0;0;0;0;0;0;0;0;0;0;0;0;0;0;0;0;0;0;0;0;0;560.92;0;0;0;0;0;0;0;0;0;0;0;0;0;0;0;0;0;0;0;0;0;0;0;0;0;0;0;0;0;0;0;0;0;0;0;0;0;0;0;0;0;0;0;0;0;0;0;0;0;18.21;0;0;0;0
rlcv-miR-rL1-24-5p;11.00;rlcv-mir-rL1-24;11.00;0;0;0;0;0;0;0;0;0;0;0;0;0;0;0;0;0;0;0;0;0;0;0;0;0;5.00;0;0;0;0;0;0;0;0;0;0;0;0;0;0;0;0;0;0;0;0;0;0;0;0;0;0;0;0;0;0;0;0;0;0;0;0;0;0;0;0;0;0;0;0;0;0;0;0;0;0;0;0;0;0;0;0;0;0;0;0;0;0;0;0;0;6.00;0;0;0;0;0;0;0;0;0;0;0;0;0;0;0;0;0;0;0;0;0;0;0;0;0;0;0;0;0;0;0;0;0;0;0;0;0;0;0;0;0;0;367.84;0;0;0;0;0;0;0;0;0;0;0;0;0;0;0;0;0;0;0;0;0;0;0;0;0;0;0;0;0;0;0;0;0;0;0;0;0;0;0;0;0;0;0;0;0;0;0;0;0;0;0;0;0;0;0;0;0;0;0;0;0;0;0;0;0;330.51;0;0;0;0;0;0;0;0;0;0;0;0;0;0;0;0;0
rlcv-miR-rL1-24-3p;216.00;rlcv-mir-rL1-24;216.00;0;0;37.00;0;0;0;0;0;2.00;0;0;0;0;0;1.00;5.00;0;0;0;0;0;3.00;0;0;0;0;0;10.00;0;0;3.00;0;0;0;1.00;0;0;0;5.00;0;0;0;1.00;0;0;0;0;2.00;1.00;2.00;0;0;0;0;3.00;0;0;0;0;0;0;0;0;3.00;0;0;0;0;0;0;0;0;0;0;0;4.00;0;0;0;0;0;0;0;0;12.00;0;0;1.00;0;0;30.00;0;0;0;0;0;0;0;1.00;0;0;4.00;1.00;84.00;0;0;0;0;0;0;0;1007.19;0;0;0;0;0;96.47;0;0;0;0;0;128.01;239.61;0;0;0;0;0;241.29;0;0;0;0;0;1334.40;0;0;99.85;0;0;0;44.03;0;0;0;317.34;0;0;0;122.56;0;0;0;0;130.23;92.89;112.63;0;0;0;0;84.14;0;0;0;0;0;0;0;0;85.16;0;0;0;0;0;0;0;0;0;0;0;82.97;0;0;0;0;0;0;0;0;420.32;0;0;28.24;0;0;2108.81;0;0;0;0;0;0;0;47.58;0;0;167.91;16.08;5435.84;0;0;0;0;0
rlcv-miR-rL1-25-5p;0.00;rlcv-mir-rL1-25;0.00;0;0;0;0;0;0;0;0;0;0;0;0;0;0;0;0;0;0;0;0;0;0;0;0;0;0;0;0;0;0;0;0;0;0;0;0;0;0;0;0;0;0;0;0;0;0;0;0;0;0;0;0;0;0;0;0;0;0;0;0;0;0;0;0;0;0;0;0;0;0;0;0;0;0;0;0;0;0;0;0;0;0;0;0;0;0;0;0;0;0;0;0;0;0;0;0;0;0;0;0;0;0;0;0;0;0;0;0;0;0;0;0;0;0;0;0;0;0;0;0;0;0;0;0;0;0;0;0;0;0;0;0;0;0;0;0;0;0;0;0;0;0;0;0;0;0;0;0;0;0;0;0;0;0;0;0;0;0;0;0;0;0;0;0;0;0;0;0;0;0;0;0;0;0;0;0;0;0;0;0;0;0;0;0;0;0;0;0;0;0;0;0;0;0;0;0;0;0;0;0;0;0;0;0;0;0;0;0;0;0;0;0;0;0;0;0;0;0
rlcv-miR-rL1-25-3p;151.00;rlcv-mir-rL1-25;151.00;0;0;0;0;0;0;0;0;0;0;0;0;0;1.00;0;0;0;0;0;0;0;11.00;0;0;0;0;0;0;0;0;0;1.00;0;2.00;0;0;0;0;0;0;0;0;0;0;0;0;0;0;0;1.00;0;0;5.00;0;0;0;0;0;0;0;0;0;0;0;0;0;0;0;0;0;0;0;0;0;0;4.00;0;0;0;0;0;1.00;96.00;0;0;0;1.00;0;0;3.00;2.00;1.00;7.00;0;0;0;0;0;0;6.00;0;6.00;1.00;0;1.00;1.00;0;0;0;0;0;0;0;0;0;0;0;0;0;0;0;0;39.45;0;0;0;0;0;0;0;884.74;0;0;0;0;0;0;0;0;0;23.45;0;72.73;0;0;0;0;0;0;0;0;0;0;0;0;0;0;0;56.31;0;0;232.07;0;0;0;0;0;0;0;0;0;0;0;0;0;0;0;0;0;0;0;0;0;0;82.97;0;0;0;0;0;23.61;3426.86;0;0;0;48.37;0;0;65.20;140.59;55.08;135.40;0;0;0;0;0;0;3149.61;0;251.87;16.08;0;18.21;20.54;0;0;0
rlcv-miR-rL1-26-5p;2.00;rlcv-mir-rL1-26;2.00;0;0;0;0;0;0;0;0;0;0;0;0;0;0;0;0;0;0;0;0;0;0;0;0;0;0;0;0;0;0;0;0;0;0;0;0;0;0;0;0;0;0;0;0;0;0;0;0;0;0;0;0;0;0;0;0;0;0;0;0;0;0;0;0;0;0;0;0;0;0;0;0;0;0;0;0;0;0;0;0;0;0;0;0;0;0;0;0;0;0;2.00;0;0;0;0;0;0;0;0;0;0;0;0;0;0;0;0;0;0;0;0;0;0;0;0;0;0;0;0;0;0;0;0;0;0;0;0;0;0;0;0;0;0;0;0;0;0;0;0;0;0;0;0;0;0;0;0;0;0;0;0;0;0;0;0;0;0;0;0;0;0;0;0;0;0;0;0;0;0;0;0;0;0;0;0;0;0;0;0;0;0;0;0;0;0;0;0;0;0;0;0;0;0;0;0;0;0;0;0;140.59;0;0;0;0;0;0;0;0;0;0;0;0;0;0;0;0;0;0
rlcv-miR-rL1-26-3p;0.00;rlcv-mir-rL1-26;0.00;0;0;0;0;0;0;0;0;0;0;0;0;0;0;0;0;0;0;0;0;0;0;0;0;0;0;0;0;0;0;0;0;0;0;0;0;0;0;0;0;0;0;0;0;0;0;0;0;0;0;0;0;0;0;0;0;0;0;0;0;0;0;0;0;0;0;0;0;0;0;0;0;0;0;0;0;0;0;0;0;0;0;0;0;0;0;0;0;0;0;0;0;0;0;0;0;0;0;0;0;0;0;0;0;0;0;0;0;0;0;0;0;0;0;0;0;0;0;0;0;0;0;0;0;0;0;0;0;0;0;0;0;0;0;0;0;0;0;0;0;0;0;0;0;0;0;0;0;0;0;0;0;0;0;0;0;0;0;0;0;0;0;0;0;0;0;0;0;0;0;0;0;0;0;0;0;0;0;0;0;0;0;0;0;0;0;0;0;0;0;0;0;0;0;0;0;0;0;0;0;0;0;0;0;0;0;0;0;0;0;0;0;0;0;0;0;0;0
rlcv-miR-rL1-27-5p;0.00;rlcv-mir-rL1-27;0.00;0;0;0;0;0;0;0;0;0;0;0;0;0;0;0;0;0;0;0;0;0;0;0;0;0;0;0;0;0;0;0;0;0;0;0;0;0;0;0;0;0;0;0;0;0;0;0;0;0;0;0;0;0;0;0;0;0;0;0;0;0;0;0;0;0;0;0;0;0;0;0;0;0;0;0;0;0;0;0;0;0;0;0;0;0;0;0;0;0;0;0;0;0;0;0;0;0;0;0;0;0;0;0;0;0;0;0;0;0;0;0;0;0;0;0;0;0;0;0;0;0;0;0;0;0;0;0;0;0;0;0;0;0;0;0;0;0;0;0;0;0;0;0;0;0;0;0;0;0;0;0;0;0;0;0;0;0;0;0;0;0;0;0;0;0;0;0;0;0;0;0;0;0;0;0;0;0;0;0;0;0;0;0;0;0;0;0;0;0;0;0;0;0;0;0;0;0;0;0;0;0;0;0;0;0;0;0;0;0;0;0;0;0;0;0;0;0;0
rlcv-miR-rL1-27-3p;55.00;rlcv-mir-rL1-27;55.00;0;0;25.00;0;0;0;0;0;0;0;0;0;0;0;0;0;0;0;0;0;0;0;0;0;0;0;0;0;0;0;0;1.00;0;0;0;0;0;0;0;0;0;0;0;0;0;0;0;0;0;0;0;0;0;0;1.00;0;0;0;0;0;0;0;0;0;0;0;0;0;0;0;0;0;0;0;0;0;0;0;0;0;0;0;0;0;0;0;0;0;0;0;28.00;0;0;0;0;0;0;0;0;0;0;0;0;0;0;0;0;0;0;0;0;680.53;0;0;0;0;0;0;0;0;0;0;0;0;0;0;0;0;0;0;0;0;0;0;0;0;0;0;0;0;23.45;0;0;0;0;0;0;0;0;0;0;0;0;0;0;0;0;0;0;0;0;0;0;28.05;0;0;0;0;0;0;0;0;0;0;0;0;0;0;0;0;0;0;0;0;0;0;0;0;0;0;0;0;0;0;0;0;0;0;0;1968.23;0;0;0;0;0;0;0;0;0;0;0;0;0;0;0;0;0;0
rlcv-miR-rL1-28-5p;82.00;rlcv-mir-rL1-28;82.00;0;18.00;0;0;0;0;0;0;0;0;0;0;0;0;0;0;0;0;0;0;0;0;0;0;0;0;0;0;0;0;0;57.00;0;0;0;0;0;0;0;0;0;0;0;0;0;0;0;0;0;0;0;0;2.00;0;1.00;0;0;0;0;0;0;0;0;0;0;0;0;1.00;0;0;0;0;0;0;0;0;0;0;0;0;0;0;0;0;0;0;2.00;0;0;0;0;0;0;0;0;0;0;0;0;0;0;0;1.00;0;0;0;0;0;0;0;675.07;0;0;0;0;0;0;0;0;0;0;0;0;0;0;0;0;0;0;0;0;0;0;0;0;0;0;0;0;0;1336.40;0;0;0;0;0;0;0;0;0;0;0;0;0;0;0;0;0;0;0;0;92.83;0;28.05;0;0;0;0;0;0;0;0;0;0;0;0;68.40;0;0;0;0;0;0;0;0;0;0;0;0;0;0;0;0;0;0;96.74;0;0;0;0;0;0;0;0;0;0;0;0;0;0;0;16.08;0;0;0;0;0;0
rlcv-miR-rL1-28-3p;0.00;rlcv-mir-rL1-28;0.00;0;0;0;0;0;0;0;0;0;0;0;0;0;0;0;0;0;0;0;0;0;0;0;0;0;0;0;0;0;0;0;0;0;0;0;0;0;0;0;0;0;0;0;0;0;0;0;0;0;0;0;0;0;0;0;0;0;0;0;0;0;0;0;0;0;0;0;0;0;0;0;0;0;0;0;0;0;0;0;0;0;0;0;0;0;0;0;0;0;0;0;0;0;0;0;0;0;0;0;0;0;0;0;0;0;0;0;0;0;0;0;0;0;0;0;0;0;0;0;0;0;0;0;0;0;0;0;0;0;0;0;0;0;0;0;0;0;0;0;0;0;0;0;0;0;0;0;0;0;0;0;0;0;0;0;0;0;0;0;0;0;0;0;0;0;0;0;0;0;0;0;0;0;0;0;0;0;0;0;0;0;0;0;0;0;0;0;0;0;0;0;0;0;0;0;0;0;0;0;0;0;0;0;0;0;0;0;0;0;0;0;0;0;0;0;0;0;0
rlcv-miR-rL1-29-5p;0.00;rlcv-mir-rL1-29;0.00;0;0;0;0;0;0;0;0;0;0;0;0;0;0;0;0;0;0;0;0;0;0;0;0;0;0;0;0;0;0;0;0;0;0;0;0;0;0;0;0;0;0;0;0;0;0;0;0;0;0;0;0;0;0;0;0;0;0;0;0;0;0;0;0;0;0;0;0;0;0;0;0;0;0;0;0;0;0;0;0;0;0;0;0;0;0;0;0;0;0;0;0;0;0;0;0;0;0;0;0;0;0;0;0;0;0;0;0;0;0;0;0;0;0;0;0;0;0;0;0;0;0;0;0;0;0;0;0;0;0;0;0;0;0;0;0;0;0;0;0;0;0;0;0;0;0;0;0;0;0;0;0;0;0;0;0;0;0;0;0;0;0;0;0;0;0;0;0;0;0;0;0;0;0;0;0;0;0;0;0;0;0;0;0;0;0;0;0;0;0;0;0;0;0;0;0;0;0;0;0;0;0;0;0;0;0;0;0;0;0;0;0;0;0;0;0;0;0
rlcv-miR-rL1-29-3p;2643.00;rlcv-mir-rL1-29;2643.00;9.00;0;16.00;1.00;50.00;50.00;0;21.00;2.00;17.00;1.00;11.00;0;44.00;0;4.00;0;0;0;6.00;19.00;5.00;9.00;0;19.00;2.00;0;0;2.00;160.00;8.00;0;5.00;1.00;62.00;6.00;54.00;0;80.00;0;1.00;0;1.00;61.00;0;1.00;24.00;3.00;105.00;0;20.00;63.00;2.00;72.00;67.00;0;15.00;1.00;0;78.00;1.00;46.00;4.00;0;65.00;18.00;8.00;0;44.00;0;0;145.00;11.00;110.00;0;110.00;17.00;0;130.00;45.00;1.00;7.00;112.00;0;137.00;0;42.00;18.00;107.00;0;29.00;0;2.00;0;20.00;0;0;0;26.00;0;16.00;4.00;0;184.00;5.00;1.00;0;0;0;270.05;0;435.54;145.56;2552.06;1840.33;0;1776.80;96.47;445.82;98.28;1144.05;0;1735.63;0;191.69;0;0;0;1586.04;2309.75;402.16;1680.36;0;1039.44;147.13;0;0;117.15;7239.16;266.27;0;346.12;36.37;2729.83;250.61;2201.21;0;5077.43;0;29.62;0;122.56;2950.42;0;27.99;644.19;195.34;9753.83;0;2685.65;4107.45;92.83;1842.23;1879.07;0;2892.96;2364.07;0;3106.21;43.93;3479.58;190.54;0;6894.36;784.35;313.06;0;1705.36;0;0;5270.81;703.50;3619.85;0;2281.59;775.51;0;8771.34;1764.08;157.08;165.29;3998.00;0;4798.60;0;2031.64;508.39;4042.01;0;2038.52;0;38.69;0;18399.26;0;0;0;1236.98;0;5522.95;167.91;0;11907.07;91.03;20.54;0;0;0
rlcv-miR-rL1-3-5p;818.00;rlcv-mir-rL1-3;818.00;0;2.00;0;0;0;0;0;0;0;0;31.00;0;0;0;0;0;1.00;0;0;0;0;0;0;0;0;0;0;0;56.00;0;2.00;129.00;0;63.00;2.00;0;0;0;0;0;0;0;1.00;14.00;0;0;9.00;0;1.00;0;0;0;0;0;110.00;0;13.00;0;0;0;0;0;0;0;0;0;93.00;0;1.00;1.00;0;0;0;0;0;69.00;0;0;0;0;0;0;89.00;1.00;0;0;0;0;0;0;0;0;0;0;0;82.00;0;1.00;0;0;6.00;0;36.00;0;1.00;3.00;0;0;1.00;0;75.01;0;0;0;0;0;0;0;0;3046.68;0;0;0;0;0;37.20;0;0;0;0;0;0;0;0;0;0;0;3280.22;0;66.57;3024.48;0;2291.08;88.06;0;0;0;0;0;0;0;122.56;677.15;0;0;241.57;0;92.89;0;0;0;0;0;3085.03;0;2507.23;0;0;0;0;0;0;0;0;0;3639.35;0;38.76;53.74;0;0;0;0;0;1431.18;0;0;0;0;0;0;3176.98;50.03;0;0;0;0;0;0;0;0;0;0;0;6363.99;0;34.40;0;0;2071.11;0;578.77;0;18.21;61.62;0;0;894.45
rlcv-miR-rL1-3-3p;0.00;rlcv-mir-rL1-3;0.00;0;0;0;0;0;0;0;0;0;0;0;0;0;0;0;0;0;0;0;0;0;0;0;0;0;0;0;0;0;0;0;0;0;0;0;0;0;0;0;0;0;0;0;0;0;0;0;0;0;0;0;0;0;0;0;0;0;0;0;0;0;0;0;0;0;0;0;0;0;0;0;0;0;0;0;0;0;0;0;0;0;0;0;0;0;0;0;0;0;0;0;0;0;0;0;0;0;0;0;0;0;0;0;0;0;0;0;0;0;0;0;0;0;0;0;0;0;0;0;0;0;0;0;0;0;0;0;0;0;0;0;0;0;0;0;0;0;0;0;0;0;0;0;0;0;0;0;0;0;0;0;0;0;0;0;0;0;0;0;0;0;0;0;0;0;0;0;0;0;0;0;0;0;0;0;0;0;0;0;0;0;0;0;0;0;0;0;0;0;0;0;0;0;0;0;0;0;0;0;0;0;0;0;0;0;0;0;0;0;0;0;0;0;0;0;0;0;0
rlcv-miR-rL1-30-5p;22.00;rlcv-mir-rL1-30;22.00;0;0;0;0;0;0;0;0;0;0;0;0;0;0;0;0;0;0;0;0;0;0;0;0;9.00;0;0;0;0;0;0;0;5.00;0;0;0;0;0;0;0;6.00;0;0;0;0;0;0;0;0;0;0;0;0;0;0;0;0;0;0;0;0;0;0;0;0;0;0;0;0;0;0;0;0;0;0;0;2.00;0;0;0;0;0;0;0;0;0;0;0;0;0;0;0;0;0;0;0;0;0;0;0;0;0;0;0;0;0;0;0;0;0;0;0;0;0;0;0;0;0;0;0;0;0;0;0;0;0;0;0;0;0;0;0;0;492.37;0;0;0;0;0;0;0;346.12;0;0;0;0;0;0;0;177.73;0;0;0;0;0;0;0;0;0;0;0;0;0;0;0;0;0;0;0;0;0;0;0;0;0;0;0;0;0;0;0;0;0;0;0;91.24;0;0;0;0;0;0;0;0;0;0;0;0;0;0;0;0;0;0;0;0;0;0;0;0;0;0;0;0;0;0;0;0
rlcv-miR-rL1-30-3p;106.00;rlcv-mir-rL1-30;106.00;0;1.00;0;0;0;0;0;2.00;0;0;0;0;0;0;0;0;0;0;0;0;0;0;0;0;0;0;0;0;0;0;0;0;0;0;0;0;0;0;1.00;0;0;0;0;0;0;0;0;0;0;0;0;0;0;0;0;0;0;0;0;0;17.00;0;0;0;0;0;0;0;0;43.00;0;0;0;0;0;4.00;0;0;0;38.00;0;0;0;0;0;0;0;0;0;0;0;0;0;0;0;0;0;0;0;0;0;0;0;0;0;0;0;0;0;0;37.50;0;0;0;0;0;169.22;0;0;0;0;0;0;0;0;0;0;0;0;0;0;0;0;0;0;0;0;0;0;0;0;0;0;0;0;0;0;63.47;0;0;0;0;0;0;0;0;0;0;0;0;0;0;0;0;0;0;0;0;0;746.73;0;0;0;0;0;0;0;0;2310.96;0;0;0;0;0;82.97;0;0;0;1489.67;0;0;0;0;0;0;0;0;0;0;0;0;0;0;0;0;0;0;0;0;0;0;0;0;0;0;0;0;0
rlcv-miR-rL1-31-5p;2.00;rlcv-mir-rL1-31;2.00;0;0;0;0;0;0;0;0;0;0;0;0;0;0;0;0;0;0;0;0;0;0;0;0;0;0;0;0;0;0;0;0;0;0;0;0;0;0;0;0;0;0;0;0;0;0;0;0;0;0;0;0;0;0;0;0;0;0;0;0;0;0;0;0;0;0;0;0;0;0;0;0;0;0;0;0;0;0;0;0;0;0;0;0;0;0;0;0;0;0;0;0;0;0;0;0;0;0;0;0;0;1.00;0;0;1.00;0;0;0;0;0;0;0;0;0;0;0;0;0;0;0;0;0;0;0;0;0;0;0;0;0;0;0;0;0;0;0;0;0;0;0;0;0;0;0;0;0;0;0;0;0;0;0;0;0;0;0;0;0;0;0;0;0;0;0;0;0;0;0;0;0;0;0;0;0;0;0;0;0;0;0;0;0;0;0;0;0;0;0;0;0;0;0;0;0;0;0;0;0;0;0;0;0;0;0;0;0;0;0;0;0;41.98;0;0;18.21;0;0;0;0
rlcv-miR-rL1-31-3p;2.00;rlcv-mir-rL1-31;2.00;0;0;0;0;0;0;0;0;0;0;0;0;0;0;0;0;0;0;0;0;0;0;0;0;0;0;0;0;0;0;0;0;0;0;0;0;0;0;0;0;0;0;0;0;0;0;0;0;0;0;0;0;0;0;0;0;0;0;0;0;0;0;0;0;0;0;0;0;0;1.00;0;0;0;0;0;0;0;0;0;0;0;0;0;0;0;0;0;0;0;0;1.00;0;0;0;0;0;0;0;0;0;0;0;0;0;0;0;0;0;0;0;0;0;0;0;0;0;0;0;0;0;0;0;0;0;0;0;0;0;0;0;0;0;0;0;0;0;0;0;0;0;0;0;0;0;0;0;0;0;0;0;0;0;0;0;0;0;0;0;0;0;0;0;0;0;0;0;0;0;0;0;0;0;0;0;0;0;0;0;53.74;0;0;0;0;0;0;0;0;0;0;0;0;0;0;0;0;0;0;0;0;70.29;0;0;0;0;0;0;0;0;0;0;0;0;0;0;0;0;0;0
rlcv-miR-rL1-32-5p;1.00;rlcv-mir-rL1-32;1.00;0;0;0;0;0;0;0;0;0;0;0;0;0;0;0;0;0;0;0;0;0;0;0;0;0;0;0;0;0;0;0;0;0;0;0;0;1.00;0;0;0;0;0;0;0;0;0;0;0;0;0;0;0;0;0;0;0;0;0;0;0;0;0;0;0;0;0;0;0;0;0;0;0;0;0;0;0;0;0;0;0;0;0;0;0;0;0;0;0;0;0;0;0;0;0;0;0;0;0;0;0;0;0;0;0;0;0;0;0;0;0;0;0;0;0;0;0;0;0;0;0;0;0;0;0;0;0;0;0;0;0;0;0;0;0;0;0;0;0;0;0;0;0;0;0;0;40.76;0;0;0;0;0;0;0;0;0;0;0;0;0;0;0;0;0;0;0;0;0;0;0;0;0;0;0;0;0;0;0;0;0;0;0;0;0;0;0;0;0;0;0;0;0;0;0;0;0;0;0;0;0;0;0;0;0;0;0;0;0;0;0;0;0;0;0;0;0;0;0;0
rlcv-miR-rL1-32-3p;146.00;rlcv-mir-rL1-32;146.00;0;0;0;0;0;0;0;0;0;0;0;0;0;0;0;0;0;0;0;0;0;0;0;0;0;0;0;0;0;0;0;0;0;0;0;0;146.00;0;0;0;0;0;0;0;0;0;0;0;0;0;0;0;0;0;0;0;0;0;0;0;0;0;0;0;0;0;0;0;0;0;0;0;0;0;0;0;0;0;0;0;0;0;0;0;0;0;0;0;0;0;0;0;0;0;0;0;0;0;0;0;0;0;0;0;0;0;0;0;0;0;0;0;0;0;0;0;0;0;0;0;0;0;0;0;0;0;0;0;0;0;0;0;0;0;0;0;0;0;0;0;0;0;0;0;0;5951.41;0;0;0;0;0;0;0;0;0;0;0;0;0;0;0;0;0;0;0;0;0;0;0;0;0;0;0;0;0;0;0;0;0;0;0;0;0;0;0;0;0;0;0;0;0;0;0;0;0;0;0;0;0;0;0;0;0;0;0;0;0;0;0;0;0;0;0;0;0;0;0;0
rlcv-miR-rL1-33-5p;3.00;rlcv-mir-rL1-33;3.00;0;0;0;0;0;0;0;0;0;0;0;0;0;0;0;0;0;0;0;0;0;0;0;0;0;0;0;0;0;0;0;0;0;0;0;0;0;0;0;0;0;0;0;0;0;0;0;0;0;0;0;0;0;0;0;0;0;0;0;0;0;0;0;0;0;0;0;0;0;0;0;0;0;0;0;3.00;0;0;0;0;0;0;0;0;0;0;0;0;0;0;0;0;0;0;0;0;0;0;0;0;0;0;0;0;0;0;0;0;0;0;0;0;0;0;0;0;0;0;0;0;0;0;0;0;0;0;0;0;0;0;0;0;0;0;0;0;0;0;0;0;0;0;0;0;0;0;0;0;0;0;0;0;0;0;0;0;0;0;0;0;0;0;0;0;0;0;0;0;0;0;0;0;0;0;0;0;0;0;0;0;0;0;0;0;62.23;0;0;0;0;0;0;0;0;0;0;0;0;0;0;0;0;0;0;0;0;0;0;0;0;0;0;0;0;0;0;0;0;0
rlcv-miR-rL1-33-3p;31.00;rlcv-mir-rL1-33;31.00;0;0;0;0;0;0;0;0;0;0;0;0;0;0;0;0;0;0;0;0;0;0;0;0;0;0;0;0;0;0;0;0;0;0;0;23.00;0;0;0;0;0;0;0;0;0;0;0;0;0;0;0;0;0;0;2.00;0;0;0;0;0;0;0;0;0;0;0;0;0;0;0;0;0;0;0;0;0;1.00;0;0;0;0;0;0;0;0;0;0;0;2.00;0;0;0;0;0;0;0;0;0;1.00;0;0;1.00;1.00;0;0;0;0;0;0;0;0;0;0;0;0;0;0;0;0;0;0;0;0;0;0;0;0;0;0;0;0;0;0;0;0;0;0;0;0;0;0;0;0;0;960.65;0;0;0;0;0;0;0;0;0;0;0;0;0;0;0;0;0;0;56.09;0;0;0;0;0;0;0;0;0;0;0;0;0;0;0;0;0;0;0;0;0;45.62;0;0;0;0;0;0;0;0;0;0;0;75.55;0;0;0;0;0;0;0;0;0;47.58;0;0;41.98;16.08;0;0;0;0;0;0
rlcv-miR-rL1-34-5p;17.00;rlcv-mir-rL1-34;17.00;0;0;0;0;0;0;0;0;0;0;0;0;0;11.00;0;0;0;0;0;0;0;0;0;0;0;0;0;0;0;0;0;0;0;0;0;0;0;0;0;0;0;0;0;0;0;0;0;0;0;0;0;0;0;0;0;0;0;0;0;0;0;0;0;0;0;3.00;0;0;3.00;0;0;0;0;0;0;0;0;0;0;0;0;0;0;0;0;0;0;0;0;0;0;0;0;0;0;0;0;0;0;0;0;0;0;0;0;0;0;0;0;0;0;0;0;0;0;0;0;0;0;0;0;0;433.91;0;0;0;0;0;0;0;0;0;0;0;0;0;0;0;0;0;0;0;0;0;0;0;0;0;0;0;0;0;0;0;0;0;0;0;0;0;0;0;0;0;0;0;0;0;0;0;0;0;0;0;130.72;0;0;116.27;0;0;0;0;0;0;0;0;0;0;0;0;0;0;0;0;0;0;0;0;0;0;0;0;0;0;0;0;0;0;0;0;0;0;0;0;0;0;0;0
rlcv-miR-rL1-34-3p;0.00;rlcv-mir-rL1-34;0.00;0;0;0;0;0;0;0;0;0;0;0;0;0;0;0;0;0;0;0;0;0;0;0;0;0;0;0;0;0;0;0;0;0;0;0;0;0;0;0;0;0;0;0;0;0;0;0;0;0;0;0;0;0;0;0;0;0;0;0;0;0;0;0;0;0;0;0;0;0;0;0;0;0;0;0;0;0;0;0;0;0;0;0;0;0;0;0;0;0;0;0;0;0;0;0;0;0;0;0;0;0;0;0;0;0;0;0;0;0;0;0;0;0;0;0;0;0;0;0;0;0;0;0;0;0;0;0;0;0;0;0;0;0;0;0;0;0;0;0;0;0;0;0;0;0;0;0;0;0;0;0;0;0;0;0;0;0;0;0;0;0;0;0;0;0;0;0;0;0;0;0;0;0;0;0;0;0;0;0;0;0;0;0;0;0;0;0;0;0;0;0;0;0;0;0;0;0;0;0;0;0;0;0;0;0;0;0;0;0;0;0;0;0;0;0;0;0;0
rlcv-miR-rL1-35-5p;42.00;rlcv-mir-rL1-35;42.00;0;1.00;0;0;0;0;0;0;0;0;1.00;0;0;0;0;0;4.00;1.00;0;1.00;0;0;0;0;0;14.00;0;0;0;0;0;0;0;0;2.00;0;0;0;0;0;0;0;0;0;2.00;1.00;0;0;0;0;0;0;0;0;0;0;0;0;0;0;0;0;0;0;0;0;1.00;1.00;0;0;0;1.00;0;0;0;1.00;0;0;3.00;0;0;0;1.00;0;0;0;0;0;0;0;0;5.00;0;0;0;0;0;0;0;0;0;0;0;0;0;0;0;0;2.00;0;37.50;0;0;0;0;0;0;0;0;98.28;0;0;0;0;0;148.80;23.56;0;264.34;0;0;0;0;0;1029.94;0;0;0;0;0;0;0;0;88.06;0;0;0;0;0;0;0;0;0;97.36;27.99;0;0;0;0;0;0;0;0;0;0;0;0;0;0;0;0;0;0;0;0;39.13;68.40;0;0;0;36.35;0;0;0;20.74;0;0;202.42;0;0;0;35.70;0;0;0;0;0;0;0;0;275.42;0;0;0;0;0;0;0;0;0;0;0;0;0;0;0;0;1788.91
rlcv-miR-rL1-35-3p;26.00;rlcv-mir-rL1-35;26.00;0;0;0;0;0;0;0;0;0;0;3.00;0;0;0;0;0;0;0;0;0;0;0;0;0;0;0;0;0;0;0;0;0;0;0;0;0;3.00;0;0;0;14.00;0;0;0;0;0;0;0;0;0;0;0;0;0;0;0;0;0;0;0;0;0;0;0;0;0;0;0;0;0;0;0;0;0;0;1.00;0;0;0;0;0;0;0;0;5.00;0;0;0;0;0;0;0;0;0;0;0;0;0;0;0;0;0;0;0;0;0;0;0;0;0;0;0;0;0;0;0;0;0;0;294.84;0;0;0;0;0;0;0;0;0;0;0;0;0;0;0;0;0;0;0;0;0;0;0;0;0;122.29;0;0;0;414.69;0;0;0;0;0;0;0;0;0;0;0;0;0;0;0;0;0;0;0;0;0;0;0;0;0;0;0;0;0;0;0;0;0;0;20.74;0;0;0;0;0;0;0;0;175.13;0;0;0;0;0;0;0;0;0;0;0;0;0;0;0;0;0;0;0;0;0;0;0;0
rlcv-miR-rL1-4-5p;114.00;rlcv-mir-rL1-4;114.00;0;4.00;0;0;0;0;0;0;0;0;0;0;0;0;0;0;0;0;0;0;0;0;0;0;0;0;0;0;0;0;1.00;0;0;0;0;0;0;0;0;0;0;0;0;0;0;0;0;0;0;0;0;0;0;0;0;0;0;0;0;0;0;0;0;0;0;0;0;0;0;0;0;0;0;0;0;0;0;0;0;0;0;109.00;0;0;0;0;0;0;0;0;0;0;0;0;0;0;0;0;0;0;0;0;0;0;0;0;0;0;0;0;150.02;0;0;0;0;0;0;0;0;0;0;0;0;0;0;0;0;0;0;0;0;0;0;0;0;0;0;0;0;33.28;0;0;0;0;0;0;0;0;0;0;0;0;0;0;0;0;0;0;0;0;0;0;0;0;0;0;0;0;0;0;0;0;0;0;0;0;0;0;0;0;0;0;0;0;0;0;0;0;0;0;2573.79;0;0;0;0;0;0;0;0;0;0;0;0;0;0;0;0;0;0;0;0;0;0;0;0;0;0;0
rlcv-miR-rL1-4-3p;0.00;rlcv-mir-rL1-4;0.00;0;0;0;0;0;0;0;0;0;0;0;0;0;0;0;0;0;0;0;0;0;0;0;0;0;0;0;0;0;0;0;0;0;0;0;0;0;0;0;0;0;0;0;0;0;0;0;0;0;0;0;0;0;0;0;0;0;0;0;0;0;0;0;0;0;0;0;0;0;0;0;0;0;0;0;0;0;0;0;0;0;0;0;0;0;0;0;0;0;0;0;0;0;0;0;0;0;0;0;0;0;0;0;0;0;0;0;0;0;0;0;0;0;0;0;0;0;0;0;0;0;0;0;0;0;0;0;0;0;0;0;0;0;0;0;0;0;0;0;0;0;0;0;0;0;0;0;0;0;0;0;0;0;0;0;0;0;0;0;0;0;0;0;0;0;0;0;0;0;0;0;0;0;0;0;0;0;0;0;0;0;0;0;0;0;0;0;0;0;0;0;0;0;0;0;0;0;0;0;0;0;0;0;0;0;0;0;0;0;0;0;0;0;0;0;0;0;0
rlcv-miR-rL1-5-5p;388.00;rlcv-mir-rL1-5;388.00;2.00;0;23.00;0;0;0;0;0;3.00;0;0;0;13.00;2.00;0;5.00;0;0;0;0;0;0;0;0;1.00;0;0;0;0;0;137.00;0;0;0;0;0;0;0;0;0;0;0;0;23.00;0;65.00;0;20.00;0;0;0;3.00;0;0;0;0;0;0;0;0;0;0;0;0;0;1.00;21.00;0;26.00;0;0;1.00;0;0;0;0;0;0;0;8.00;0;1.00;0;0;6.00;0;0;0;1.00;0;0;1.00;0;0;0;0;0;2.00;3.00;0;0;0;0;0;19.00;1.00;0;0;0;60.01;0;626.09;0;0;0;0;0;144.71;0;0;0;4481.21;78.89;0;239.61;0;0;0;0;0;0;0;0;54.71;0;0;0;0;0;4559.83;0;0;0;0;0;0;0;0;0;0;0;0;1112.45;0;1819.35;0;1302.25;0;0;0;195.59;0;0;0;0;0;0;0;0;0;0;0;0;0;43.57;821.79;0;1007.71;0;0;36.35;0;0;0;0;0;0;0;313.61;0;23.61;0;0;210.16;0;0;0;37.78;0;0;55.08;0;0;0;0;0;68.79;142.73;0;0;0;0;0;345.93;20.54;0;0;0
rlcv-miR-rL1-5-3p;4.00;rlcv-mir-rL1-5;4.00;0;0;0;0;0;0;0;0;0;0;0;0;0;3.00;0;0;0;0;0;0;0;0;0;0;0;0;0;0;0;0;0;0;0;0;0;0;0;0;0;0;0;0;0;0;0;0;0;0;0;0;0;0;0;0;0;0;0;0;0;0;0;0;0;0;0;0;0;0;0;0;0;0;0;0;0;0;0;0;0;0;0;0;0;0;0;0;0;0;0;0;0;0;0;0;0;0;0;0;0;0;0;0;1.00;0;0;0;0;0;0;0;0;0;0;0;0;0;0;0;0;0;0;0;118.34;0;0;0;0;0;0;0;0;0;0;0;0;0;0;0;0;0;0;0;0;0;0;0;0;0;0;0;0;0;0;0;0;0;0;0;0;0;0;0;0;0;0;0;0;0;0;0;0;0;0;0;0;0;0;0;0;0;0;0;0;0;0;0;0;0;0;0;0;0;0;0;0;0;0;0;0;0;0;0;0;0;0;0;0;0;0;0;0;16.08;0;0;0;0;0;0
rlcv-miR-rL1-6-5p;199.00;rlcv-mir-rL1-6;199.00;0;0;0;0;0;0;0;0;0;0;0;0;0;0;0;0;0;0;0;10.00;0;1.00;0;1.00;0;1.00;0;0;0;0;0;0;0;3.00;0;0;0;0;3.00;0;0;0;0;0;0;0;0;0;0;0;0;0;1.00;0;0;0;0;0;0;0;0;2.00;0;0;0;18.00;65.00;0;0;0;0;0;4.00;0;0;2.00;4.00;0;0;0;0;0;0;0;0;0;0;0;0;2.00;0;0;0;0;0;43.00;0;0;29.00;0;0;0;3.00;7.00;0;0;0;0;0;0;0;0;0;0;0;0;0;0;0;0;0;0;0;0;0;0;0;0;2643.40;0;80.43;0;133.14;0;73.57;0;0;0;0;0;0;0;109.10;0;0;0;0;190.40;0;0;0;0;0;0;0;0;0;0;0;0;0;46.41;0;0;0;0;0;0;0;0;151.29;0;0;0;784.35;2543.63;0;0;0;0;0;255.82;0;0;41.48;182.47;0;0;0;0;0;0;0;0;0;0;0;0;43.47;0;0;0;0;0;3337.21;0;0;1379.70;0;0;0;48.23;452.99;0;0;0;0;0
rlcv-miR-rL1-6-3p;4.00;rlcv-mir-rL1-6;4.00;0;0;0;0;0;0;0;0;0;0;0;0;0;0;0;0;0;0;0;0;0;0;0;0;0;0;0;0;0;0;0;0;0;0;0;0;0;0;0;0;0;0;0;0;0;0;0;0;0;0;0;0;0;0;0;0;0;0;0;0;0;0;0;0;0;0;0;0;0;0;0;4.00;0;0;0;0;0;0;0;0;0;0;0;0;0;0;0;0;0;0;0;0;0;0;0;0;0;0;0;0;0;0;0;0;0;0;0;0;0;0;0;0;0;0;0;0;0;0;0;0;0;0;0;0;0;0;0;0;0;0;0;0;0;0;0;0;0;0;0;0;0;0;0;0;0;0;0;0;0;0;0;0;0;0;0;0;0;0;0;0;0;0;0;0;0;0;0;0;0;0;0;0;0;0;0;0;0;0;0;0;145.40;0;0;0;0;0;0;0;0;0;0;0;0;0;0;0;0;0;0;0;0;0;0;0;0;0;0;0;0;0;0;0;0;0;0;0;0;0
rlcv-miR-rL1-7-5p;43.00;rlcv-mir-rL1-7;43.00;0;0;0;0;0;0;0;0;0;0;0;0;0;0;0;0;0;0;0;0;0;0;0;0;0;0;0;0;0;0;0;0;0;0;0;0;0;0;0;0;0;0;0;0;0;0;0;0;0;0;0;0;0;0;1.00;0;0;0;0;0;0;0;0;0;0;0;41.00;0;0;0;0;0;0;0;0;1.00;0;0;0;0;0;0;0;0;0;0;0;0;0;0;0;0;0;0;0;0;0;0;0;0;0;0;0;0;0;0;0;0;0;0;0;0;0;0;0;0;0;0;0;0;0;0;0;0;0;0;0;0;0;0;0;0;0;0;0;0;0;0;0;0;0;0;0;0;0;0;0;0;0;0;0;0;0;0;0;0;0;0;0;0;0;0;0;28.05;0;0;0;0;0;0;0;0;0;0;0;1604.45;0;0;0;0;0;0;0;0;20.74;0;0;0;0;0;0;0;0;0;0;0;0;0;0;0;0;0;0;0;0;0;0;0;0;0;0;0;0;0;0;0;0;0
rlcv-miR-rL1-7-3p;0.00;rlcv-mir-rL1-7;0.00;0;0;0;0;0;0;0;0;0;0;0;0;0;0;0;0;0;0;0;0;0;0;0;0;0;0;0;0;0;0;0;0;0;0;0;0;0;0;0;0;0;0;0;0;0;0;0;0;0;0;0;0;0;0;0;0;0;0;0;0;0;0;0;0;0;0;0;0;0;0;0;0;0;0;0;0;0;0;0;0;0;0;0;0;0;0;0;0;0;0;0;0;0;0;0;0;0;0;0;0;0;0;0;0;0;0;0;0;0;0;0;0;0;0;0;0;0;0;0;0;0;0;0;0;0;0;0;0;0;0;0;0;0;0;0;0;0;0;0;0;0;0;0;0;0;0;0;0;0;0;0;0;0;0;0;0;0;0;0;0;0;0;0;0;0;0;0;0;0;0;0;0;0;0;0;0;0;0;0;0;0;0;0;0;0;0;0;0;0;0;0;0;0;0;0;0;0;0;0;0;0;0;0;0;0;0;0;0;0;0;0;0;0;0;0;0;0;0
rlcv-miR-rL1-8-5p;2.00;rlcv-mir-rL1-8;2.00;0;0;0;0;0;0;0;2.00;0;0;0;0;0;0;0;0;0;0;0;0;0;0;0;0;0;0;0;0;0;0;0;0;0;0;0;0;0;0;0;0;0;0;0;0;0;0;0;0;0;0;0;0;0;0;0;0;0;0;0;0;0;0;0;0;0;0;0;0;0;0;0;0;0;0;0;0;0;0;0;0;0;0;0;0;0;0;0;0;0;0;0;0;0;0;0;0;0;0;0;0;0;0;0;0;0;0;0;0;0;0;0;0;0;0;0;0;169.22;0;0;0;0;0;0;0;0;0;0;0;0;0;0;0;0;0;0;0;0;0;0;0;0;0;0;0;0;0;0;0;0;0;0;0;0;0;0;0;0;0;0;0;0;0;0;0;0;0;0;0;0;0;0;0;0;0;0;0;0;0;0;0;0;0;0;0;0;0;0;0;0;0;0;0;0;0;0;0;0;0;0;0;0;0;0;0;0;0;0;0;0;0;0;0;0;0;0;0;0;0
rlcv-miR-rL1-8-3p;0.00;rlcv-mir-rL1-8;0.00;0;0;0;0;0;0;0;0;0;0;0;0;0;0;0;0;0;0;0;0;0;0;0;0;0;0;0;0;0;0;0;0;0;0;0;0;0;0;0;0;0;0;0;0;0;0;0;0;0;0;0;0;0;0;0;0;0;0;0;0;0;0;0;0;0;0;0;0;0;0;0;0;0;0;0;0;0;0;0;0;0;0;0;0;0;0;0;0;0;0;0;0;0;0;0;0;0;0;0;0;0;0;0;0;0;0;0;0;0;0;0;0;0;0;0;0;0;0;0;0;0;0;0;0;0;0;0;0;0;0;0;0;0;0;0;0;0;0;0;0;0;0;0;0;0;0;0;0;0;0;0;0;0;0;0;0;0;0;0;0;0;0;0;0;0;0;0;0;0;0;0;0;0;0;0;0;0;0;0;0;0;0;0;0;0;0;0;0;0;0;0;0;0;0;0;0;0;0;0;0;0;0;0;0;0;0;0;0;0;0;0;0;0;0;0;0;0;0
rlcv-miR-rL1-9-5p;78.00;rlcv-mir-rL1-9;78.00;0;0;0;0;0;0;5.00;0;0;0;0;0;0;0;0;0;0;0;0;3.00;0;2.00;1.00;0;0;1.00;0;0;1.00;0;2.00;0;0;0;0;0;0;1.00;0;0;0;0;0;0;0;0;0;0;0;0;0;0;0;0;0;0;0;0;0;0;3.00;0;0;0;0;0;0;12.00;0;3.00;0;0;0;0;0;0;0;0;0;0;0;1.00;0;0;0;2.00;0;9.00;0;0;0;31.00;0;0;0;0;0;0;0;1.00;0;0;0;0;0;0;0;0;0;0;0;0;0;0;0;457.79;0;0;0;0;0;0;0;0;0;0;0;0;793.02;0;160.86;186.71;0;0;73.57;0;0;58.58;0;66.57;0;0;0;0;0;0;63.55;0;0;0;0;0;0;0;0;0;0;0;0;0;0;0;0;0;0;0;0;0;0;131.78;0;0;0;0;0;0;820.79;0;161.23;0;0;0;0;0;0;0;0;0;0;0;23.61;0;0;0;126.10;0;254.19;0;0;0;1707.61;0;0;0;0;0;0;0;524.93;0;0;0;0;0;0;0;0;0
rlcv-miR-rL1-9-3p;0.00;rlcv-mir-rL1-9;0.00;0;0;0;0;0;0;0;0;0;0;0;0;0;0;0;0;0;0;0;0;0;0;0;0;0;0;0;0;0;0;0;0;0;0;0;0;0;0;0;0;0;0;0;0;0;0;0;0;0;0;0;0;0;0;0;0;0;0;0;0;0;0;0;0;0;0;0;0;0;0;0;0;0;0;0;0;0;0;0;0;0;0;0;0;0;0;0;0;0;0;0;0;0;0;0;0;0;0;0;0;0;0;0;0;0;0;0;0;0;0;0;0;0;0;0;0;0;0;0;0;0;0;0;0;0;0;0;0;0;0;0;0;0;0;0;0;0;0;0;0;0;0;0;0;0;0;0;0;0;0;0;0;0;0;0;0;0;0;0;0;0;0;0;0;0;0;0;0;0;0;0;0;0;0;0;0;0;0;0;0;0;0;0;0;0;0;0;0;0;0;0;0;0;0;0;0;0;0;0;0;0;0;0;0;0;0;0;0;0;0;0;0;0;0;0;0;0;0
rrv-miR-rR1-1-5p;60.00;rrv-miR-rR1-1;60.00;38.00;2.00;0;0;0;0;0;0;0;0;0;0;0;0;0;0;0;0;0;0;0;0;9.00;0;0;0;0;0;0;0;0;0;0;0;0;0;0;0;0;0;0;0;0;0;0;0;0;0;0;0;0;0;0;0;11.00;0;0;0;0;0;0;0;0;0;0;0;0;0;0;0;0;0;0;0;0;0;0;0;0;0;0;0;0;0;0;0;0;0;0;0;0;0;0;0;0;0;0;0;0;0;0;0;0;0;0;0;0;0;0;1140.22;75.01;0;0;0;0;0;0;0;0;0;0;0;0;0;0;0;0;0;0;0;0;1680.36;0;0;0;0;0;0;0;0;0;0;0;0;0;0;0;0;0;0;0;0;0;0;0;0;0;0;0;0;0;0;0;308.50;0;0;0;0;0;0;0;0;0;0;0;0;0;0;0;0;0;0;0;0;0;0;0;0;0;0;0;0;0;0;0;0;0;0;0;0;0;0;0;0;0;0;0;0;0;0;0;0;0;0;0;0;0;0
rrv-miR-rR1-1-3p;2.00;rrv-miR-rR1-1;2.00;0;0;0;0;0;0;0;0;0;0;0;0;0;0;0;0;0;0;0;0;0;0;0;0;0;0;0;0;0;0;2.00;0;0;0;0;0;0;0;0;0;0;0;0;0;0;0;0;0;0;0;0;0;0;0;0;0;0;0;0;0;0;0;0;0;0;0;0;0;0;0;0;0;0;0;0;0;0;0;0;0;0;0;0;0;0;0;0;0;0;0;0;0;0;0;0;0;0;0;0;0;0;0;0;0;0;0;0;0;0;0;0;0;0;0;0;0;0;0;0;0;0;0;0;0;0;0;0;0;0;0;0;0;0;0;0;0;0;0;0;66.57;0;0;0;0;0;0;0;0;0;0;0;0;0;0;0;0;0;0;0;0;0;0;0;0;0;0;0;0;0;0;0;0;0;0;0;0;0;0;0;0;0;0;0;0;0;0;0;0;0;0;0;0;0;0;0;0;0;0;0;0;0;0;0;0;0;0;0;0;0;0;0;0;0;0;0;0;0;0
rrv-miR-rR1-2;48.00;rrv-miR-rR1-2;48.00;0;0;0;0;0;0;0;0;0;0;0;0;0;0;0;0;0;0;0;0;0;3.00;0;0;0;0;0;0;0;0;0;0;0;0;1.00;0;0;0;0;0;0;0;0;0;0;0;0;0;0;0;0;0;42.00;0;0;1.00;0;0;0;0;0;0;0;0;0;0;0;0;0;0;0;0;0;0;0;0;0;0;0;0;0;0;1.00;0;0;0;0;0;0;0;0;0;0;0;0;0;0;0;0;0;0;0;0;0;0;0;0;0;0;0;0;0;0;0;0;0;0;0;0;0;0;0;0;0;0;0;0;0;0;0;241.29;0;0;0;0;0;0;0;0;0;0;0;0;44.03;0;0;0;0;0;0;0;0;0;0;0;0;0;0;0;0;0;1949.41;0;0;81.21;0;0;0;0;0;0;0;0;0;0;0;0;0;0;0;0;0;0;0;0;0;0;0;0;0;0;35.70;0;0;0;0;0;0;0;0;0;0;0;0;0;0;0;0;0;0;0;0;0;0;0;0;0;0
rrv-miR-rr1-3-3p;13.00;rrv-miR-rR1-3;13.00;0;0;0;0;0;0;0;0;0;0;0;0;0;0;0;0;0;0;0;0;2.00;0;0;0;0;0;0;0;0;1.00;0;0;0;0;0;0;0;0;0;0;0;0;0;0;0;0;0;0;0;0;0;0;0;0;0;0;0;0;0;0;0;0;0;0;0;0;0;0;0;0;0;0;0;0;0;9.00;0;0;0;0;1.00;0;0;0;0;0;0;0;0;0;0;0;0;0;0;0;0;0;0;0;0;0;0;0;0;0;0;0;0;0;0;0;0;0;0;0;0;0;0;0;0;0;0;0;0;0;0;0;0;243.13;0;0;0;0;0;0;0;0;45.24;0;0;0;0;0;0;0;0;0;0;0;0;0;0;0;0;0;0;0;0;0;0;0;0;0;0;0;0;0;0;0;0;0;0;0;0;0;0;0;0;0;0;0;0;0;186.68;0;0;0;0;157.08;0;0;0;0;0;0;0;0;0;0;0;0;0;0;0;0;0;0;0;0;0;0;0;0;0;0;0;0
rrv-miR-rr1-3-5p;3.00;rrv-miR-rR1-3;3.00;0;0;0;0;0;0;0;0;0;0;0;0;0;0;0;0;0;0;0;0;0;0;0;0;0;0;0;0;0;0;0;0;0;0;1.00;0;0;0;0;0;0;0;0;0;0;0;0;0;0;0;0;0;0;1.00;0;0;0;0;0;0;0;0;0;0;0;0;0;0;0;0;0;0;0;0;0;0;0;0;0;0;0;0;0;0;0;0;0;1.00;0;0;0;0;0;0;0;0;0;0;0;0;0;0;0;0;0;0;0;0;0;0;0;0;0;0;0;0;0;0;0;0;0;0;0;0;0;0;0;0;0;0;0;0;0;0;0;0;0;0;0;0;0;0;0;44.03;0;0;0;0;0;0;0;0;0;0;0;0;0;0;0;0;0;0;25.59;0;0;0;0;0;0;0;0;0;0;0;0;0;0;0;0;0;0;0;0;0;0;0;0;0;0;0;0;0;0;0;0;0;28.24;0;0;0;0;0;0;0;0;0;0;0;0;0;0;0;0;0;0;0;0;0
rrv-miR-rR1-3;0.00;rrv-miR-rR1-3;0.00;0;0;0;0;0;0;0;0;0;0;0;0;0;0;0;0;0;0;0;0;0;0;0;0;0;0;0;0;0;0;0;0;0;0;0;0;0;0;0;0;0;0;0;0;0;0;0;0;0;0;0;0;0;0;0;0;0;0;0;0;0;0;0;0;0;0;0;0;0;0;0;0;0;0;0;0;0;0;0;0;0;0;0;0;0;0;0;0;0;0;0;0;0;0;0;0;0;0;0;0;0;0;0;0;0;0;0;0;0;0;0;0;0;0;0;0;0;0;0;0;0;0;0;0;0;0;0;0;0;0;0;0;0;0;0;0;0;0;0;0;0;0;0;0;0;0;0;0;0;0;0;0;0;0;0;0;0;0;0;0;0;0;0;0;0;0;0;0;0;0;0;0;0;0;0;0;0;0;0;0;0;0;0;0;0;0;0;0;0;0;0;0;0;0;0;0;0;0;0;0;0;0;0;0;0;0;0;0;0;0;0;0;0;0;0;0;0;0
rrv-miR-rR1-4-5p;9.00;rrv-miR-rR1-4;9.00;0;0;0;0;0;0;0;0;0;0;0;0;0;0;0;0;0;0;0;0;0;0;0;0;0;0;0;0;0;0;0;0;0;0;0;0;0;0;0;0;0;0;0;0;0;0;0;0;0;0;0;0;0;0;0;0;0;0;0;1.00;0;0;0;0;0;0;0;0;0;0;0;0;0;0;0;0;0;0;0;0;0;0;0;0;1.00;0;0;0;0;0;0;0;0;0;0;0;0;0;0;0;0;0;0;0;7.00;0;0;0;0;0;0;0;0;0;0;0;0;0;0;0;0;0;0;0;0;0;0;0;0;0;0;0;0;0;0;0;0;0;0;0;0;0;0;0;0;0;0;0;0;0;0;0;0;0;0;0;0;0;0;0;0;0;0;0;0;0;0;0;39.82;0;0;0;0;0;0;0;0;0;0;0;0;0;0;0;0;0;0;0;0;0;0;0;0;35.03;0;0;0;0;0;0;0;0;0;0;0;0;0;0;0;0;0;0;0;127.45;0;0;0;0
rrv-miR-rR1-4-3p;0.00;rrv-miR-rR1-4;0.00;0;0;0;0;0;0;0;0;0;0;0;0;0;0;0;0;0;0;0;0;0;0;0;0;0;0;0;0;0;0;0;0;0;0;0;0;0;0;0;0;0;0;0;0;0;0;0;0;0;0;0;0;0;0;0;0;0;0;0;0;0;0;0;0;0;0;0;0;0;0;0;0;0;0;0;0;0;0;0;0;0;0;0;0;0;0;0;0;0;0;0;0;0;0;0;0;0;0;0;0;0;0;0;0;0;0;0;0;0;0;0;0;0;0;0;0;0;0;0;0;0;0;0;0;0;0;0;0;0;0;0;0;0;0;0;0;0;0;0;0;0;0;0;0;0;0;0;0;0;0;0;0;0;0;0;0;0;0;0;0;0;0;0;0;0;0;0;0;0;0;0;0;0;0;0;0;0;0;0;0;0;0;0;0;0;0;0;0;0;0;0;0;0;0;0;0;0;0;0;0;0;0;0;0;0;0;0;0;0;0;0;0;0;0;0;0;0;0
rrv-miR-rr1-5-3p;9926.00;rrv-miR-rR1-5;9926.00;0;0;1.00;2.00;0;0;0;1.00;2.00;0;0;0;0;0;0;1.00;2.00;0;0;1.00;0;0;2.00;0;1.00;2.00;0;0;0;0;0;67.00;0;2.00;1.00;31.00;0;0;1.00;1.00;0;0;3.00;19.00;0;0;1.00;1.00;1.00;0;0;1.00;0;3.00;0;0;0;0;0;0;0;0;0;0;0;0;0;0;0;0;0;65.00;0;1.00;1.00;0;2.00;0;2.00;0;0;0;0;2.00;0;2.00;2.00;0;0;0;41.00;0;9601.00;0;0;0;0;0;0;0;0;0;2.00;0;0;1.00;0;57.00;0;0;0;27.22;291.12;0;0;0;84.61;96.47;0;0;0;0;0;0;47.92;74.40;0;0;264.34;0;0;373.41;0;54.71;147.13;0;0;0;0;0;1570.85;0;72.73;44.03;1294.80;0;0;63.47;152.09;0;0;367.69;918.98;0;0;26.84;65.11;92.89;0;0;65.20;0;76.76;0;0;0;0;0;0;0;0;0;0;0;0;0;0;0;0;0;2362.78;0;32.91;25.87;0;91.24;0;134.94;0;0;0;0;100.06;0;126.10;96.74;0;0;0;2882.05;0;185713.18;0;0;0;0;0;0;0;0;0;32.15;0;0;20.54;0;34798.53;0
rrv-miR-rr1-5-5p;0.00;rrv-miR-rR1-5;0.00;0;0;0;0;0;0;0;0;0;0;0;0;0;0;0;0;0;0;0;0;0;0;0;0;0;0;0;0;0;0;0;0;0;0;0;0;0;0;0;0;0;0;0;0;0;0;0;0;0;0;0;0;0;0;0;0;0;0;0;0;0;0;0;0;0;0;0;0;0;0;0;0;0;0;0;0;0;0;0;0;0;0;0;0;0;0;0;0;0;0;0;0;0;0;0;0;0;0;0;0;0;0;0;0;0;0;0;0;0;0;0;0;0;0;0;0;0;0;0;0;0;0;0;0;0;0;0;0;0;0;0;0;0;0;0;0;0;0;0;0;0;0;0;0;0;0;0;0;0;0;0;0;0;0;0;0;0;0;0;0;0;0;0;0;0;0;0;0;0;0;0;0;0;0;0;0;0;0;0;0;0;0;0;0;0;0;0;0;0;0;0;0;0;0;0;0;0;0;0;0;0;0;0;0;0;0;0;0;0;0;0;0;0;0;0;0;0;0
rrv-miR-rR1-5;0.00;rrv-miR-rR1-5;0.00;0;0;0;0;0;0;0;0;0;0;0;0;0;0;0;0;0;0;0;0;0;0;0;0;0;0;0;0;0;0;0;0;0;0;0;0;0;0;0;0;0;0;0;0;0;0;0;0;0;0;0;0;0;0;0;0;0;0;0;0;0;0;0;0;0;0;0;0;0;0;0;0;0;0;0;0;0;0;0;0;0;0;0;0;0;0;0;0;0;0;0;0;0;0;0;0;0;0;0;0;0;0;0;0;0;0;0;0;0;0;0;0;0;0;0;0;0;0;0;0;0;0;0;0;0;0;0;0;0;0;0;0;0;0;0;0;0;0;0;0;0;0;0;0;0;0;0;0;0;0;0;0;0;0;0;0;0;0;0;0;0;0;0;0;0;0;0;0;0;0;0;0;0;0;0;0;0;0;0;0;0;0;0;0;0;0;0;0;0;0;0;0;0;0;0;0;0;0;0;0;0;0;0;0;0;0;0;0;0;0;0;0;0;0;0;0;0;0
rrv-miR-rR1-6-5p;29.00;rrv-miR-rR1-6;29.00;0;0;0;0;0;0;0;0;0;0;0;0;0;0;0;0;0;0;0;0;0;2.00;0;0;0;0;0;0;0;0;0;0;0;0;0;0;0;0;0;0;0;0;0;0;0;0;0;0;0;0;0;0;0;0;3.00;0;0;0;0;0;0;0;0;0;0;0;0;0;0;24.00;0;0;0;0;0;0;0;0;0;0;0;0;0;0;0;0;0;0;0;0;0;0;0;0;0;0;0;0;0;0;0;0;0;0;0;0;0;0;0;0;0;0;0;0;0;0;0;0;0;0;0;0;0;0;0;0;0;0;0;0;160.86;0;0;0;0;0;0;0;0;0;0;0;0;0;0;0;0;0;0;0;0;0;0;0;0;0;0;0;0;0;0;0;0;84.14;0;0;0;0;0;0;0;0;0;0;0;0;0;0;1289.84;0;0;0;0;0;0;0;0;0;0;0;0;0;0;0;0;0;0;0;0;0;0;0;0;0;0;0;0;0;0;0;0;0;0;0;0;0;0;0
rrv-miR-rR1-6-3p;3.00;rrv-miR-rR1-6;3.00;0;0;0;0;0;0;0;0;0;0;0;0;0;0;0;2.00;0;0;0;0;0;0;0;0;0;0;0;0;0;0;0;0;0;0;0;0;0;0;0;0;0;0;0;0;0;0;0;0;0;0;0;0;0;0;0;0;0;0;0;0;0;0;0;0;0;0;0;0;0;0;0;0;0;0;0;0;0;0;0;0;0;0;0;0;0;0;0;0;0;0;0;0;0;0;0;0;0;0;0;0;0;0;0;0;0;0;1.00;0;0;0;0;0;0;0;0;0;0;0;0;0;0;0;0;0;95.85;0;0;0;0;0;0;0;0;0;0;0;0;0;0;0;0;0;0;0;0;0;0;0;0;0;0;0;0;0;0;0;0;0;0;0;0;0;0;0;0;0;0;0;0;0;0;0;0;0;0;0;0;0;0;0;0;0;0;0;0;0;0;0;0;0;0;0;0;0;0;0;0;0;0;0;0;0;0;0;0;0;0;0;0;0;0;0;0;0;0;107.70;0;0
rrv-miR-rR1-7-5p;1.00;rrv-miR-rR1-7;1.00;0;0;0;0;0;0;0;0;0;0;0;0;0;0;0;0;0;0;0;0;0;1.00;0;0;0;0;0;0;0;0;0;0;0;0;0;0;0;0;0;0;0;0;0;0;0;0;0;0;0;0;0;0;0;0;0;0;0;0;0;0;0;0;0;0;0;0;0;0;0;0;0;0;0;0;0;0;0;0;0;0;0;0;0;0;0;0;0;0;0;0;0;0;0;0;0;0;0;0;0;0;0;0;0;0;0;0;0;0;0;0;0;0;0;0;0;0;0;0;0;0;0;0;0;0;0;0;0;0;0;0;80.43;0;0;0;0;0;0;0;0;0;0;0;0;0;0;0;0;0;0;0;0;0;0;0;0;0;0;0;0;0;0;0;0;0;0;0;0;0;0;0;0;0;0;0;0;0;0;0;0;0;0;0;0;0;0;0;0;0;0;0;0;0;0;0;0;0;0;0;0;0;0;0;0;0;0;0;0;0;0;0;0;0;0;0;0;0;0;0
rrv-miR-rR1-7-3p;38.00;rrv-miR-rR1-7;38.00;0;0;0;0;0;0;0;0;0;0;0;0;0;0;0;0;0;0;0;0;0;0;0;0;0;0;0;0;0;0;0;0;0;0;0;0;0;0;0;0;0;0;0;0;0;0;0;0;0;0;0;0;0;0;0;0;0;0;0;0;0;5.00;0;0;0;0;0;0;0;0;0;0;0;0;0;0;0;0;31.00;0;0;0;0;0;2.00;0;0;0;0;0;0;0;0;0;0;0;0;0;0;0;0;0;0;0;0;0;0;0;0;0;0;0;0;0;0;0;0;0;0;0;0;0;0;0;0;0;0;0;0;0;0;0;0;0;0;0;0;0;0;0;0;0;0;0;0;0;0;0;0;0;0;0;0;0;0;0;0;0;0;0;0;0;0;0;0;0;0;0;0;0;378.21;0;0;0;0;0;0;0;0;0;0;0;0;0;0;0;0;2091.63;0;0;0;0;0;70.05;0;0;0;0;0;0;0;0;0;0;0;0;0;0;0;0;0;0;0;0;0;0;0;0
rrv-miR-rr1-10;0.00;rrv-miR-rr1-10;0.00;0;0;0;0;0;0;0;0;0;0;0;0;0;0;0;0;0;0;0;0;0;0;0;0;0;0;0;0;0;0;0;0;0;0;0;0;0;0;0;0;0;0;0;0;0;0;0;0;0;0;0;0;0;0;0;0;0;0;0;0;0;0;0;0;0;0;0;0;0;0;0;0;0;0;0;0;0;0;0;0;0;0;0;0;0;0;0;0;0;0;0;0;0;0;0;0;0;0;0;0;0;0;0;0;0;0;0;0;0;0;0;0;0;0;0;0;0;0;0;0;0;0;0;0;0;0;0;0;0;0;0;0;0;0;0;0;0;0;0;0;0;0;0;0;0;0;0;0;0;0;0;0;0;0;0;0;0;0;0;0;0;0;0;0;0;0;0;0;0;0;0;0;0;0;0;0;0;0;0;0;0;0;0;0;0;0;0;0;0;0;0;0;0;0;0;0;0;0;0;0;0;0;0;0;0;0;0;0;0;0;0;0;0;0;0;0;0;0
rrv-miR-rr1-11-3p;41.00;rrv-miR-rr1-11-3p;41.00;0;0;0;0;0;0;0;0;0;0;0;0;0;0;0;0;0;0;0;0;0;0;0;0;0;0;0;0;0;0;0;0;0;0;0;0;0;0;0;0;0;0;0;0;0;0;0;0;0;0;0;0;0;0;0;1.00;0;0;0;0;0;0;0;1.00;0;0;0;37.00;0;0;0;0;0;0;0;0;0;0;0;0;0;0;0;0;0;0;0;0;0;0;0;0;0;0;0;0;0;0;2.00;0;0;0;0;0;0;0;0;0;0;0;0;0;0;0;0;0;0;0;0;0;0;0;0;0;0;0;0;0;0;0;0;0;0;0;0;0;0;0;0;0;0;0;0;0;0;0;0;0;0;0;0;0;0;0;0;0;0;0;0;0;0;0;0;0;81.21;0;0;0;0;0;0;0;28.39;0;0;0;2530.78;0;0;0;0;0;0;0;0;0;0;0;0;0;0;0;0;0;0;0;0;0;0;0;0;0;0;0;0;0;0;95.15;0;0;0;0;0;0;0;0;0;0
rrv-miR-rr1-11-5p;44.00;rrv-miR-rr1-11-5p;44.00;0;0;0;0;0;0;0;0;0;0;0;0;0;0;0;0;0;0;0;0;0;0;0;0;0;0;0;0;0;0;0;1.00;0;0;0;1.00;0;0;0;0;0;0;0;0;0;42.00;0;0;0;0;0;0;0;0;0;0;0;0;0;0;0;0;0;0;0;0;0;0;0;0;0;0;0;0;0;0;0;0;0;0;0;0;0;0;0;0;0;0;0;0;0;0;0;0;0;0;0;0;0;0;0;0;0;0;0;0;0;0;0;0;0;0;0;0;0;0;0;0;0;0;0;0;0;0;0;0;0;0;0;0;0;0;0;0;0;0;0;0;0;0;23.45;0;0;0;41.77;0;0;0;0;0;0;0;0;0;1175.58;0;0;0;0;0;0;0;0;0;0;0;0;0;0;0;0;0;0;0;0;0;0;0;0;0;0;0;0;0;0;0;0;0;0;0;0;0;0;0;0;0;0;0;0;0;0;0;0;0;0;0;0;0;0;0;0;0;0;0;0;0;0;0
rrv-miR-rr1-12-5p;3.00;rrv-miR-rr1-12-5p;3.00;0;0;1.00;0;0;0;0;0;0;0;0;0;0;0;0;0;0;0;0;0;0;0;0;0;0;0;0;0;0;0;0;0;0;0;0;0;0;0;0;0;0;0;0;0;0;0;0;0;0;0;0;0;2.00;0;0;0;0;0;0;0;0;0;0;0;0;0;0;0;0;0;0;0;0;0;0;0;0;0;0;0;0;0;0;0;0;0;0;0;0;0;0;0;0;0;0;0;0;0;0;0;0;0;0;0;0;0;0;0;0;0;0;27.22;0;0;0;0;0;0;0;0;0;0;0;0;0;0;0;0;0;0;0;0;0;0;0;0;0;0;0;0;0;0;0;0;0;0;0;0;0;0;0;0;0;0;0;0;0;0;0;0;0;92.83;0;0;0;0;0;0;0;0;0;0;0;0;0;0;0;0;0;0;0;0;0;0;0;0;0;0;0;0;0;0;0;0;0;0;0;0;0;0;0;0;0;0;0;0;0;0;0;0;0;0;0;0;0;0;0;0
rrv-miR-rr1-13-3p;24.00;rrv-miR-rr1-13-3p;24.00;0;0;0;0;0;0;0;0;0;0;0;0;0;0;0;0;0;0;0;0;0;0;0;0;0;0;0;0;0;0;0;0;0;0;0;0;0;0;0;0;0;0;0;0;0;0;0;0;0;0;0;0;0;0;0;0;0;0;0;0;0;0;0;0;0;0;0;0;24.00;0;0;0;0;0;0;0;0;0;0;0;0;0;0;0;0;0;0;0;0;0;0;0;0;0;0;0;0;0;0;0;0;0;0;0;0;0;0;0;0;0;0;0;0;0;0;0;0;0;0;0;0;0;0;0;0;0;0;0;0;0;0;0;0;0;0;0;0;0;0;0;0;0;0;0;0;0;0;0;0;0;0;0;0;0;0;0;0;0;0;0;0;0;0;0;0;0;0;0;0;0;0;0;0;0;0;0;0;930.20;0;0;0;0;0;0;0;0;0;0;0;0;0;0;0;0;0;0;0;0;0;0;0;0;0;0;0;0;0;0;0;0;0;0;0;0;0;0;0;0
rrv-miR-rr1-13-5p;0.00;rrv-miR-rr1-13-5p;0.00;0;0;0;0;0;0;0;0;0;0;0;0;0;0;0;0;0;0;0;0;0;0;0;0;0;0;0;0;0;0;0;0;0;0;0;0;0;0;0;0;0;0;0;0;0;0;0;0;0;0;0;0;0;0;0;0;0;0;0;0;0;0;0;0;0;0;0;0;0;0;0;0;0;0;0;0;0;0;0;0;0;0;0;0;0;0;0;0;0;0;0;0;0;0;0;0;0;0;0;0;0;0;0;0;0;0;0;0;0;0;0;0;0;0;0;0;0;0;0;0;0;0;0;0;0;0;0;0;0;0;0;0;0;0;0;0;0;0;0;0;0;0;0;0;0;0;0;0;0;0;0;0;0;0;0;0;0;0;0;0;0;0;0;0;0;0;0;0;0;0;0;0;0;0;0;0;0;0;0;0;0;0;0;0;0;0;0;0;0;0;0;0;0;0;0;0;0;0;0;0;0;0;0;0;0;0;0;0;0;0;0;0;0;0;0;0;0;0
rrv-miR-rr1-14;1.00;rrv-miR-rr1-14;1.00;0;0;0;0;0;0;0;0;0;0;0;0;0;0;0;0;0;0;0;0;0;0;0;0;0;0;0;0;0;0;0;0;0;0;0;0;0;0;0;0;0;0;0;0;0;0;0;0;0;0;0;0;0;0;0;0;0;0;0;0;0;0;0;0;0;0;0;0;0;0;0;1.00;0;0;0;0;0;0;0;0;0;0;0;0;0;0;0;0;0;0;0;0;0;0;0;0;0;0;0;0;0;0;0;0;0;0;0;0;0;0;0;0;0;0;0;0;0;0;0;0;0;0;0;0;0;0;0;0;0;0;0;0;0;0;0;0;0;0;0;0;0;0;0;0;0;0;0;0;0;0;0;0;0;0;0;0;0;0;0;0;0;0;0;0;0;0;0;0;0;0;0;0;0;0;0;0;0;0;0;0;36.35;0;0;0;0;0;0;0;0;0;0;0;0;0;0;0;0;0;0;0;0;0;0;0;0;0;0;0;0;0;0;0;0;0;0;0;0;0
rrv-miR-rr1-15-3p;158.00;rrv-miR-rr1-15-3p;158.00;0;0;0;0;0;0;0;0;0;0;0;0;0;0;0;0;0;0;0;0;0;0;0;0;0;0;0;0;0;0;0;0;0;0;0;0;31.00;0;0;0;0;6.00;0;0;0;0;0;0;10.00;8.00;0;0;0;0;0;0;0;0;0;0;0;0;0;0;0;0;0;0;0;0;0;0;0;0;0;0;0;0;0;103.00;0;0;0;0;0;0;0;0;0;0;0;0;0;0;0;0;0;0;0;0;0;0;0;0;0;0;0;0;0;0;0;0;0;0;0;0;0;0;0;0;0;0;0;0;0;0;0;0;0;0;0;0;0;0;0;0;0;0;0;0;0;0;0;0;0;1263.66;0;0;0;0;373.65;0;0;0;0;0;0;928.94;450.50;0;0;0;0;0;0;0;0;0;0;0;0;0;0;0;0;0;0;0;0;0;0;0;0;0;0;0;0;0;4037.79;0;0;0;0;0;0;0;0;0;0;0;0;0;0;0;0;0;0;0;0;0;0;0;0;0;0;0;0;0
rrv-miR-rr1-15-5p;0.00;rrv-miR-rr1-15-5p;0.00;0;0;0;0;0;0;0;0;0;0;0;0;0;0;0;0;0;0;0;0;0;0;0;0;0;0;0;0;0;0;0;0;0;0;0;0;0;0;0;0;0;0;0;0;0;0;0;0;0;0;0;0;0;0;0;0;0;0;0;0;0;0;0;0;0;0;0;0;0;0;0;0;0;0;0;0;0;0;0;0;0;0;0;0;0;0;0;0;0;0;0;0;0;0;0;0;0;0;0;0;0;0;0;0;0;0;0;0;0;0;0;0;0;0;0;0;0;0;0;0;0;0;0;0;0;0;0;0;0;0;0;0;0;0;0;0;0;0;0;0;0;0;0;0;0;0;0;0;0;0;0;0;0;0;0;0;0;0;0;0;0;0;0;0;0;0;0;0;0;0;0;0;0;0;0;0;0;0;0;0;0;0;0;0;0;0;0;0;0;0;0;0;0;0;0;0;0;0;0;0;0;0;0;0;0;0;0;0;0;0;0;0;0;0;0;0;0;0
rrv-miR-rr1-8-3p;17.00;rrv-miR-rr1-8-3p;17.00;0;0;0;0;0;0;0;0;0;0;0;0;0;0;0;0;0;0;0;0;0;0;0;0;0;0;0;0;0;0;0;0;0;0;0;0;0;0;0;0;0;0;0;17.00;0;0;0;0;0;0;0;0;0;0;0;0;0;0;0;0;0;0;0;0;0;0;0;0;0;0;0;0;0;0;0;0;0;0;0;0;0;0;0;0;0;0;0;0;0;0;0;0;0;0;0;0;0;0;0;0;0;0;0;0;0;0;0;0;0;0;0;0;0;0;0;0;0;0;0;0;0;0;0;0;0;0;0;0;0;0;0;0;0;0;0;0;0;0;0;0;0;0;0;0;0;0;0;0;0;0;0;0;822.25;0;0;0;0;0;0;0;0;0;0;0;0;0;0;0;0;0;0;0;0;0;0;0;0;0;0;0;0;0;0;0;0;0;0;0;0;0;0;0;0;0;0;0;0;0;0;0;0;0;0;0;0;0;0;0;0;0;0;0;0;0;0;0;0;0
rrv-miR-rr1-8-5p;1.00;rrv-miR-rr1-8-5p;1.00;0;0;0;0;0;0;0;0;0;0;0;0;0;0;0;0;0;0;0;0;0;0;0;0;0;0;0;0;0;0;0;0;0;0;0;0;0;0;0;0;0;0;0;0;0;0;0;0;0;0;0;0;0;0;0;0;0;0;0;0;0;0;0;0;0;0;0;0;0;0;0;0;0;0;0;0;0;0;0;0;0;0;0;0;0;0;0;0;0;0;0;1.00;0;0;0;0;0;0;0;0;0;0;0;0;0;0;0;0;0;0;0;0;0;0;0;0;0;0;0;0;0;0;0;0;0;0;0;0;0;0;0;0;0;0;0;0;0;0;0;0;0;0;0;0;0;0;0;0;0;0;0;0;0;0;0;0;0;0;0;0;0;0;0;0;0;0;0;0;0;0;0;0;0;0;0;0;0;0;0;0;0;0;0;0;0;0;0;0;0;0;0;0;0;0;0;0;0;0;0;0;55.08;0;0;0;0;0;0;0;0;0;0;0;0;0;0;0;0;0
rrv-miR-rr1-9-3p;1.00;rrv-miR-rr1-9-3p;1.00;0;0;0;0;0;0;0;0;0;0;0;0;0;0;0;0;0;0;0;0;0;0;0;0;0;0;0;0;0;0;0;0;0;0;0;0;0;0;0;0;0;0;0;0;0;0;0;0;0;0;0;0;0;0;0;0;0;0;0;0;0;0;0;0;0;0;0;0;0;0;0;0;0;0;0;0;0;0;1.00;0;0;0;0;0;0;0;0;0;0;0;0;0;0;0;0;0;0;0;0;0;0;0;0;0;0;0;0;0;0;0;0;0;0;0;0;0;0;0;0;0;0;0;0;0;0;0;0;0;0;0;0;0;0;0;0;0;0;0;0;0;0;0;0;0;0;0;0;0;0;0;0;0;0;0;0;0;0;0;0;0;0;0;0;0;0;0;0;0;0;0;0;0;0;0;0;0;0;0;0;0;0;0;0;0;0;0;0;67.47;0;0;0;0;0;0;0;0;0;0;0;0;0;0;0;0;0;0;0;0;0;0;0;0;0;0;0;0;0;0
rrv-miR-rr1-9-5p;0.00;rrv-miR-rr1-9-5p;0.00;0;0;0;0;0;0;0;0;0;0;0;0;0;0;0;0;0;0;0;0;0;0;0;0;0;0;0;0;0;0;0;0;0;0;0;0;0;0;0;0;0;0;0;0;0;0;0;0;0;0;0;0;0;0;0;0;0;0;0;0;0;0;0;0;0;0;0;0;0;0;0;0;0;0;0;0;0;0;0;0;0;0;0;0;0;0;0;0;0;0;0;0;0;0;0;0;0;0;0;0;0;0;0;0;0;0;0;0;0;0;0;0;0;0;0;0;0;0;0;0;0;0;0;0;0;0;0;0;0;0;0;0;0;0;0;0;0;0;0;0;0;0;0;0;0;0;0;0;0;0;0;0;0;0;0;0;0;0;0;0;0;0;0;0;0;0;0;0;0;0;0;0;0;0;0;0;0;0;0;0;0;0;0;0;0;0;0;0;0;0;0;0;0;0;0;0;0;0;0;0;0;0;0;0;0;0;0;0;0;0;0;0;0;0;0;0;0;0
rrv-miR-rr1-3-3p;13.00;rrv-mir-rr1-3-3p;13.00;0;0;0;0;0;0;0;0;0;0;0;0;0;0;0;0;0;0;0;0;2.00;0;0;0;0;0;0;0;0;1.00;0;0;0;0;0;0;0;0;0;0;0;0;0;0;0;0;0;0;0;0;0;0;0;0;0;0;0;0;0;0;0;0;0;0;0;0;0;0;0;0;0;0;0;0;0;9.00;0;0;0;0;1.00;0;0;0;0;0;0;0;0;0;0;0;0;0;0;0;0;0;0;0;0;0;0;0;0;0;0;0;0;0;0;0;0;0;0;0;0;0;0;0;0;0;0;0;0;0;0;0;0;243.13;0;0;0;0;0;0;0;0;45.24;0;0;0;0;0;0;0;0;0;0;0;0;0;0;0;0;0;0;0;0;0;0;0;0;0;0;0;0;0;0;0;0;0;0;0;0;0;0;0;0;0;0;0;0;0;186.68;0;0;0;0;157.08;0;0;0;0;0;0;0;0;0;0;0;0;0;0;0;0;0;0;0;0;0;0;0;0;0;0;0;0
rrv-miR-rr1-3-5p;3.00;rrv-mir-rr1-3-3p;3.00;0;0;0;0;0;0;0;0;0;0;0;0;0;0;0;0;0;0;0;0;0;0;0;0;0;0;0;0;0;0;0;0;0;0;1.00;0;0;0;0;0;0;0;0;0;0;0;0;0;0;0;0;0;0;1.00;0;0;0;0;0;0;0;0;0;0;0;0;0;0;0;0;0;0;0;0;0;0;0;0;0;0;0;0;0;0;0;0;0;1.00;0;0;0;0;0;0;0;0;0;0;0;0;0;0;0;0;0;0;0;0;0;0;0;0;0;0;0;0;0;0;0;0;0;0;0;0;0;0;0;0;0;0;0;0;0;0;0;0;0;0;0;0;0;0;0;44.03;0;0;0;0;0;0;0;0;0;0;0;0;0;0;0;0;0;0;25.59;0;0;0;0;0;0;0;0;0;0;0;0;0;0;0;0;0;0;0;0;0;0;0;0;0;0;0;0;0;0;0;0;0;28.24;0;0;0;0;0;0;0;0;0;0;0;0;0;0;0;0;0;0;0;0;0
rrv-miR-rR1-3;0.00;rrv-mir-rr1-3-3p;0.00;0;0;0;0;0;0;0;0;0;0;0;0;0;0;0;0;0;0;0;0;0;0;0;0;0;0;0;0;0;0;0;0;0;0;0;0;0;0;0;0;0;0;0;0;0;0;0;0;0;0;0;0;0;0;0;0;0;0;0;0;0;0;0;0;0;0;0;0;0;0;0;0;0;0;0;0;0;0;0;0;0;0;0;0;0;0;0;0;0;0;0;0;0;0;0;0;0;0;0;0;0;0;0;0;0;0;0;0;0;0;0;0;0;0;0;0;0;0;0;0;0;0;0;0;0;0;0;0;0;0;0;0;0;0;0;0;0;0;0;0;0;0;0;0;0;0;0;0;0;0;0;0;0;0;0;0;0;0;0;0;0;0;0;0;0;0;0;0;0;0;0;0;0;0;0;0;0;0;0;0;0;0;0;0;0;0;0;0;0;0;0;0;0;0;0;0;0;0;0;0;0;0;0;0;0;0;0;0;0;0;0;0;0;0;0;0;0;0
rrv-miR-rr1-3-3p;13.00;rrv-mir-rr1-3-5p;13.00;0;0;0;0;0;0;0;0;0;0;0;0;0;0;0;0;0;0;0;0;2.00;0;0;0;0;0;0;0;0;1.00;0;0;0;0;0;0;0;0;0;0;0;0;0;0;0;0;0;0;0;0;0;0;0;0;0;0;0;0;0;0;0;0;0;0;0;0;0;0;0;0;0;0;0;0;0;9.00;0;0;0;0;1.00;0;0;0;0;0;0;0;0;0;0;0;0;0;0;0;0;0;0;0;0;0;0;0;0;0;0;0;0;0;0;0;0;0;0;0;0;0;0;0;0;0;0;0;0;0;0;0;0;243.13;0;0;0;0;0;0;0;0;45.24;0;0;0;0;0;0;0;0;0;0;0;0;0;0;0;0;0;0;0;0;0;0;0;0;0;0;0;0;0;0;0;0;0;0;0;0;0;0;0;0;0;0;0;0;0;186.68;0;0;0;0;157.08;0;0;0;0;0;0;0;0;0;0;0;0;0;0;0;0;0;0;0;0;0;0;0;0;0;0;0;0
rrv-miR-rr1-3-5p;3.00;rrv-mir-rr1-3-5p;3.00;0;0;0;0;0;0;0;0;0;0;0;0;0;0;0;0;0;0;0;0;0;0;0;0;0;0;0;0;0;0;0;0;0;0;1.00;0;0;0;0;0;0;0;0;0;0;0;0;0;0;0;0;0;0;1.00;0;0;0;0;0;0;0;0;0;0;0;0;0;0;0;0;0;0;0;0;0;0;0;0;0;0;0;0;0;0;0;0;0;1.00;0;0;0;0;0;0;0;0;0;0;0;0;0;0;0;0;0;0;0;0;0;0;0;0;0;0;0;0;0;0;0;0;0;0;0;0;0;0;0;0;0;0;0;0;0;0;0;0;0;0;0;0;0;0;0;44.03;0;0;0;0;0;0;0;0;0;0;0;0;0;0;0;0;0;0;25.59;0;0;0;0;0;0;0;0;0;0;0;0;0;0;0;0;0;0;0;0;0;0;0;0;0;0;0;0;0;0;0;0;0;28.24;0;0;0;0;0;0;0;0;0;0;0;0;0;0;0;0;0;0;0;0;0
rrv-miR-rR1-3;0.00;rrv-mir-rr1-3-5p;0.00;0;0;0;0;0;0;0;0;0;0;0;0;0;0;0;0;0;0;0;0;0;0;0;0;0;0;0;0;0;0;0;0;0;0;0;0;0;0;0;0;0;0;0;0;0;0;0;0;0;0;0;0;0;0;0;0;0;0;0;0;0;0;0;0;0;0;0;0;0;0;0;0;0;0;0;0;0;0;0;0;0;0;0;0;0;0;0;0;0;0;0;0;0;0;0;0;0;0;0;0;0;0;0;0;0;0;0;0;0;0;0;0;0;0;0;0;0;0;0;0;0;0;0;0;0;0;0;0;0;0;0;0;0;0;0;0;0;0;0;0;0;0;0;0;0;0;0;0;0;0;0;0;0;0;0;0;0;0;0;0;0;0;0;0;0;0;0;0;0;0;0;0;0;0;0;0;0;0;0;0;0;0;0;0;0;0;0;0;0;0;0;0;0;0;0;0;0;0;0;0;0;0;0;0;0;0;0;0;0;0;0;0;0;0;0;0;0;0
rrv-miR-rr1-5-3p;9926.00;rrv-mir-rr1-5-3p;9926.00;0;0;1.00;2.00;0;0;0;1.00;2.00;0;0;0;0;0;0;1.00;2.00;0;0;1.00;0;0;2.00;0;1.00;2.00;0;0;0;0;0;67.00;0;2.00;1.00;31.00;0;0;1.00;1.00;0;0;3.00;19.00;0;0;1.00;1.00;1.00;0;0;1.00;0;3.00;0;0;0;0;0;0;0;0;0;0;0;0;0;0;0;0;0;65.00;0;1.00;1.00;0;2.00;0;2.00;0;0;0;0;2.00;0;2.00;2.00;0;0;0;41.00;0;9601.00;0;0;0;0;0;0;0;0;0;2.00;0;0;1.00;0;57.00;0;0;0;27.22;291.12;0;0;0;84.61;96.47;0;0;0;0;0;0;47.92;74.40;0;0;264.34;0;0;373.41;0;54.71;147.13;0;0;0;0;0;1570.85;0;72.73;44.03;1294.80;0;0;63.47;152.09;0;0;367.69;918.98;0;0;26.84;65.11;92.89;0;0;65.20;0;76.76;0;0;0;0;0;0;0;0;0;0;0;0;0;0;0;0;0;2362.78;0;32.91;25.87;0;91.24;0;134.94;0;0;0;0;100.06;0;126.10;96.74;0;0;0;2882.05;0;185713.18;0;0;0;0;0;0;0;0;0;32.15;0;0;20.54;0;34798.53;0
rrv-miR-rr1-5-5p;0.00;rrv-mir-rr1-5-3p;0.00;0;0;0;0;0;0;0;0;0;0;0;0;0;0;0;0;0;0;0;0;0;0;0;0;0;0;0;0;0;0;0;0;0;0;0;0;0;0;0;0;0;0;0;0;0;0;0;0;0;0;0;0;0;0;0;0;0;0;0;0;0;0;0;0;0;0;0;0;0;0;0;0;0;0;0;0;0;0;0;0;0;0;0;0;0;0;0;0;0;0;0;0;0;0;0;0;0;0;0;0;0;0;0;0;0;0;0;0;0;0;0;0;0;0;0;0;0;0;0;0;0;0;0;0;0;0;0;0;0;0;0;0;0;0;0;0;0;0;0;0;0;0;0;0;0;0;0;0;0;0;0;0;0;0;0;0;0;0;0;0;0;0;0;0;0;0;0;0;0;0;0;0;0;0;0;0;0;0;0;0;0;0;0;0;0;0;0;0;0;0;0;0;0;0;0;0;0;0;0;0;0;0;0;0;0;0;0;0;0;0;0;0;0;0;0;0;0;0
rrv-miR-rR1-5;0.00;rrv-mir-rr1-5-3p;0.00;0;0;0;0;0;0;0;0;0;0;0;0;0;0;0;0;0;0;0;0;0;0;0;0;0;0;0;0;0;0;0;0;0;0;0;0;0;0;0;0;0;0;0;0;0;0;0;0;0;0;0;0;0;0;0;0;0;0;0;0;0;0;0;0;0;0;0;0;0;0;0;0;0;0;0;0;0;0;0;0;0;0;0;0;0;0;0;0;0;0;0;0;0;0;0;0;0;0;0;0;0;0;0;0;0;0;0;0;0;0;0;0;0;0;0;0;0;0;0;0;0;0;0;0;0;0;0;0;0;0;0;0;0;0;0;0;0;0;0;0;0;0;0;0;0;0;0;0;0;0;0;0;0;0;0;0;0;0;0;0;0;0;0;0;0;0;0;0;0;0;0;0;0;0;0;0;0;0;0;0;0;0;0;0;0;0;0;0;0;0;0;0;0;0;0;0;0;0;0;0;0;0;0;0;0;0;0;0;0;0;0;0;0;0;0;0;0;0
rrv-miR-rr1-5-3p;9926.00;rrv-mir-rr1-5-5p;9926.00;0;0;1.00;2.00;0;0;0;1.00;2.00;0;0;0;0;0;0;1.00;2.00;0;0;1.00;0;0;2.00;0;1.00;2.00;0;0;0;0;0;67.00;0;2.00;1.00;31.00;0;0;1.00;1.00;0;0;3.00;19.00;0;0;1.00;1.00;1.00;0;0;1.00;0;3.00;0;0;0;0;0;0;0;0;0;0;0;0;0;0;0;0;0;65.00;0;1.00;1.00;0;2.00;0;2.00;0;0;0;0;2.00;0;2.00;2.00;0;0;0;41.00;0;9601.00;0;0;0;0;0;0;0;0;0;2.00;0;0;1.00;0;57.00;0;0;0;27.22;291.12;0;0;0;84.61;96.47;0;0;0;0;0;0;47.92;74.40;0;0;264.34;0;0;373.41;0;54.71;147.13;0;0;0;0;0;1570.85;0;72.73;44.03;1294.80;0;0;63.47;152.09;0;0;367.69;918.98;0;0;26.84;65.11;92.89;0;0;65.20;0;76.76;0;0;0;0;0;0;0;0;0;0;0;0;0;0;0;0;0;2362.78;0;32.91;25.87;0;91.24;0;134.94;0;0;0;0;100.06;0;126.10;96.74;0;0;0;2882.05;0;185713.18;0;0;0;0;0;0;0;0;0;32.15;0;0;20.54;0;34798.53;0
rrv-miR-rr1-5-5p;0.00;rrv-mir-rr1-5-5p;0.00;0;0;0;0;0;0;0;0;0;0;0;0;0;0;0;0;0;0;0;0;0;0;0;0;0;0;0;0;0;0;0;0;0;0;0;0;0;0;0;0;0;0;0;0;0;0;0;0;0;0;0;0;0;0;0;0;0;0;0;0;0;0;0;0;0;0;0;0;0;0;0;0;0;0;0;0;0;0;0;0;0;0;0;0;0;0;0;0;0;0;0;0;0;0;0;0;0;0;0;0;0;0;0;0;0;0;0;0;0;0;0;0;0;0;0;0;0;0;0;0;0;0;0;0;0;0;0;0;0;0;0;0;0;0;0;0;0;0;0;0;0;0;0;0;0;0;0;0;0;0;0;0;0;0;0;0;0;0;0;0;0;0;0;0;0;0;0;0;0;0;0;0;0;0;0;0;0;0;0;0;0;0;0;0;0;0;0;0;0;0;0;0;0;0;0;0;0;0;0;0;0;0;0;0;0;0;0;0;0;0;0;0;0;0;0;0;0;0
rrv-miR-rR1-5;0.00;rrv-mir-rr1-5-5p;0.00;0;0;0;0;0;0;0;0;0;0;0;0;0;0;0;0;0;0;0;0;0;0;0;0;0;0;0;0;0;0;0;0;0;0;0;0;0;0;0;0;0;0;0;0;0;0;0;0;0;0;0;0;0;0;0;0;0;0;0;0;0;0;0;0;0;0;0;0;0;0;0;0;0;0;0;0;0;0;0;0;0;0;0;0;0;0;0;0;0;0;0;0;0;0;0;0;0;0;0;0;0;0;0;0;0;0;0;0;0;0;0;0;0;0;0;0;0;0;0;0;0;0;0;0;0;0;0;0;0;0;0;0;0;0;0;0;0;0;0;0;0;0;0;0;0;0;0;0;0;0;0;0;0;0;0;0;0;0;0;0;0;0;0;0;0;0;0;0;0;0;0;0;0;0;0;0;0;0;0;0;0;0;0;0;0;0;0;0;0;0;0;0;0;0;0;0;0;0;0;0;0;0;0;0;0;0;0;0;0;0;0;0;0;0;0;0;0;0
sa12-2785;58.00;sa12-2785;58.00;2.00;0;0;0;0;0;0;0;1.00;2.00;0;0;0;0;0;15.00;0;0;0;0;0;0;0;0;0;0;0;0;0;0;0;0;0;0;3.00;0;0;0;1.00;0;0;0;0;0;0;1.00;0;0;0;0;0;0;0;0;1.00;0;0;0;0;0;0;0;24.00;0;0;0;0;0;2.00;0;0;0;0;0;0;0;1.00;0;0;0;0;0;0;0;0;0;1.00;0;0;0;0;0;0;0;0;2.00;0;0;0;0;0;0;0;0;0;2.00;0;0;0;60.01;0;0;0;0;0;0;0;48.24;52.45;0;0;0;0;0;718.84;0;0;0;0;0;0;0;0;0;0;0;0;0;0;0;0;0;0;132.09;0;0;0;63.47;0;0;0;0;0;0;27.99;0;0;0;0;0;0;0;0;28.05;0;0;0;0;0;0;0;1143.24;0;0;0;0;0;77.52;0;0;0;0;0;0;0;45.62;0;0;0;0;0;0;0;0;0;48.37;0;0;0;0;0;0;0;0;155.22;0;0;0;0;0;0;0;0;0;41.08;0;0;0
sfv-miR-S1-3p;0.00;sfv-mir-S1;0.00;0;0;0;0;0;0;0;0;0;0;0;0;0;0;0;0;0;0;0;0;0;0;0;0;0;0;0;0;0;0;0;0;0;0;0;0;0;0;0;0;0;0;0;0;0;0;0;0;0;0;0;0;0;0;0;0;0;0;0;0;0;0;0;0;0;0;0;0;0;0;0;0;0;0;0;0;0;0;0;0;0;0;0;0;0;0;0;0;0;0;0;0;0;0;0;0;0;0;0;0;0;0;0;0;0;0;0;0;0;0;0;0;0;0;0;0;0;0;0;0;0;0;0;0;0;0;0;0;0;0;0;0;0;0;0;0;0;0;0;0;0;0;0;0;0;0;0;0;0;0;0;0;0;0;0;0;0;0;0;0;0;0;0;0;0;0;0;0;0;0;0;0;0;0;0;0;0;0;0;0;0;0;0;0;0;0;0;0;0;0;0;0;0;0;0;0;0;0;0;0;0;0;0;0;0;0;0;0;0;0;0;0;0;0;0;0;0;0
sfv-miR-S2-5p;6.00;sfv-mir-S2;6.00;0;0;0;0;0;0;0;0;0;0;0;0;0;0;0;0;0;0;0;0;0;0;0;0;0;0;0;0;0;0;0;0;0;0;0;0;0;0;0;0;0;0;0;0;0;0;0;0;0;0;0;0;0;0;0;0;0;0;0;0;0;0;0;0;0;0;0;0;0;0;0;0;0;0;0;0;0;0;0;0;0;0;0;0;0;0;0;0;0;0;6.00;0;0;0;0;0;0;0;0;0;0;0;0;0;0;0;0;0;0;0;0;0;0;0;0;0;0;0;0;0;0;0;0;0;0;0;0;0;0;0;0;0;0;0;0;0;0;0;0;0;0;0;0;0;0;0;0;0;0;0;0;0;0;0;0;0;0;0;0;0;0;0;0;0;0;0;0;0;0;0;0;0;0;0;0;0;0;0;0;0;0;0;0;0;0;0;0;0;0;0;0;0;0;0;0;0;0;0;0;421.76;0;0;0;0;0;0;0;0;0;0;0;0;0;0;0;0;0;0
sfv-miR-S2-3p;23.00;sfv-mir-S2;23.00;0;0;0;0;0;0;0;0;0;0;0;0;0;0;0;0;0;0;0;0;0;0;0;0;0;0;0;0;0;0;0;0;0;0;0;0;0;0;0;0;0;0;0;0;0;0;0;23.00;0;0;0;0;0;0;0;0;0;0;0;0;0;0;0;0;0;0;0;0;0;0;0;0;0;0;0;0;0;0;0;0;0;0;0;0;0;0;0;0;0;0;0;0;0;0;0;0;0;0;0;0;0;0;0;0;0;0;0;0;0;0;0;0;0;0;0;0;0;0;0;0;0;0;0;0;0;0;0;0;0;0;0;0;0;0;0;0;0;0;0;0;0;0;0;0;0;0;0;0;0;0;0;0;0;0;0;0;1497.59;0;0;0;0;0;0;0;0;0;0;0;0;0;0;0;0;0;0;0;0;0;0;0;0;0;0;0;0;0;0;0;0;0;0;0;0;0;0;0;0;0;0;0;0;0;0;0;0;0;0;0;0;0;0;0;0;0;0;0;0;0
sfv-miR-S3-5p;203.00;sfv-mir-S3;203.00;0;0;34.00;0;0;0;0;0;0;0;0;0;0;0;0;0;0;0;0;0;0;0;0;0;0;0;0;0;0;0;0;0;0;0;0;0;50.00;0;0;0;0;0;0;0;0;0;0;0;0;0;0;0;0;0;3.00;0;0;0;0;0;0;0;0;0;0;0;0;0;0;0;0;0;0;0;0;0;0;0;0;0;0;0;0;0;0;0;0;1.00;0;0;4.00;0;111.00;0;0;0;0;0;0;0;0;0;0;0;0;0;0;0;0;0;0;925.52;0;0;0;0;0;0;0;0;0;0;0;0;0;0;0;0;0;0;0;0;0;0;0;0;0;0;0;0;0;0;0;0;0;2038.15;0;0;0;0;0;0;0;0;0;0;0;0;0;0;0;0;0;84.14;0;0;0;0;0;0;0;0;0;0;0;0;0;0;0;0;0;0;0;0;0;0;0;0;0;0;0;0;0;0;0;0;28.24;0;0;281.18;0;2147.08;0;0;0;0;0;0;0;0;0;0;0;0;0;0;0;0
sfv-miR-S3-3p;0.00;sfv-mir-S3;0.00;0;0;0;0;0;0;0;0;0;0;0;0;0;0;0;0;0;0;0;0;0;0;0;0;0;0;0;0;0;0;0;0;0;0;0;0;0;0;0;0;0;0;0;0;0;0;0;0;0;0;0;0;0;0;0;0;0;0;0;0;0;0;0;0;0;0;0;0;0;0;0;0;0;0;0;0;0;0;0;0;0;0;0;0;0;0;0;0;0;0;0;0;0;0;0;0;0;0;0;0;0;0;0;0;0;0;0;0;0;0;0;0;0;0;0;0;0;0;0;0;0;0;0;0;0;0;0;0;0;0;0;0;0;0;0;0;0;0;0;0;0;0;0;0;0;0;0;0;0;0;0;0;0;0;0;0;0;0;0;0;0;0;0;0;0;0;0;0;0;0;0;0;0;0;0;0;0;0;0;0;0;0;0;0;0;0;0;0;0;0;0;0;0;0;0;0;0;0;0;0;0;0;0;0;0;0;0;0;0;0;0;0;0;0;0;0;0;0
sfv-miR-S4-5p;3.00;sfv-mir-S4;3.00;0;0;1.00;0;0;1.00;0;0;0;0;0;0;0;0;0;0;0;0;0;0;0;0;0;0;0;0;0;0;0;0;0;0;0;0;0;0;0;0;0;0;0;0;0;0;0;0;0;0;0;0;0;0;0;0;0;0;0;0;0;1.00;0;0;0;0;0;0;0;0;0;0;0;0;0;0;0;0;0;0;0;0;0;0;0;0;0;0;0;0;0;0;0;0;0;0;0;0;0;0;0;0;0;0;0;0;0;0;0;0;0;0;0;27.22;0;0;36.81;0;0;0;0;0;0;0;0;0;0;0;0;0;0;0;0;0;0;0;0;0;0;0;0;0;0;0;0;0;0;0;0;0;0;0;0;0;0;0;0;0;0;0;0;0;0;0;0;0;0;0;0;0;39.82;0;0;0;0;0;0;0;0;0;0;0;0;0;0;0;0;0;0;0;0;0;0;0;0;0;0;0;0;0;0;0;0;0;0;0;0;0;0;0;0;0;0;0;0;0;0;0;0;0
sfv-miR-S4-3p;277.00;sfv-mir-S4;277.00;0;0;0;0;0;0;0;0;0;0;0;0;0;0;0;0;0;0;0;1.00;0;0;0;0;0;0;0;0;0;0;73.00;0;0;0;0;0;33.00;100.00;0;0;0;0;0;0;0;0;1.00;0;0;0;0;0;0;1.00;0;0;0;0;0;0;0;0;0;1.00;0;0;0;0;0;0;0;0;0;0;0;1.00;0;0;0;63.00;0;0;0;0;0;0;0;1.00;0;0;1.00;0;0;0;0;0;1.00;0;0;0;0;0;0;0;0;0;0;0;0;0;0;0;0;0;0;0;0;0;0;0;0;0;0;0;0;0;0;0;264.34;0;0;0;0;0;0;0;0;0;0;2429.69;0;0;0;0;0;1345.18;6354.86;0;0;0;0;0;0;0;0;26.84;0;0;0;0;0;0;25.59;0;0;0;0;0;0;0;0;0;28.39;0;0;0;0;0;0;0;0;0;0;0;20.74;0;0;0;2469.72;0;0;0;0;0;0;0;28.24;0;0;70.29;0;0;0;0;0;81.84;0;0;0;0;0;0;0;0;0;0;0;0
sfv-miR-S5-5p;26.00;sfv-mir-S5;26.00;0;0;0;0;0;0;0;0;0;0;0;0;0;0;0;0;0;0;0;0;0;0;0;0;0;0;0;0;0;5.00;0;0;0;0;0;0;4.00;0;0;0;0;0;0;0;0;0;0;0;0;0;0;0;0;0;0;0;2.00;0;0;0;0;0;0;0;0;0;0;0;0;0;0;1.00;0;0;0;7.00;0;0;0;6.00;0;0;0;0;0;0;0;0;0;0;0;0;0;0;0;0;0;0;1.00;0;0;0;0;0;0;0;0;0;0;0;0;0;0;0;0;0;0;0;0;0;0;0;0;0;0;0;0;0;0;0;0;0;0;0;0;0;0;0;226.22;0;0;0;0;0;0;163.05;0;0;0;0;0;0;0;0;0;0;0;0;0;0;0;0;0;0;0;385.73;0;0;0;0;0;0;0;0;0;0;0;0;0;0;36.35;0;0;0;145.19;0;0;0;235.21;0;0;0;0;0;0;0;0;0;0;0;0;0;0;0;0;0;0;47.58;0;0;0;0;0;0;0;0;0;0
sfv-miR-S5-3p;0.00;sfv-mir-S5;0.00;0;0;0;0;0;0;0;0;0;0;0;0;0;0;0;0;0;0;0;0;0;0;0;0;0;0;0;0;0;0;0;0;0;0;0;0;0;0;0;0;0;0;0;0;0;0;0;0;0;0;0;0;0;0;0;0;0;0;0;0;0;0;0;0;0;0;0;0;0;0;0;0;0;0;0;0;0;0;0;0;0;0;0;0;0;0;0;0;0;0;0;0;0;0;0;0;0;0;0;0;0;0;0;0;0;0;0;0;0;0;0;0;0;0;0;0;0;0;0;0;0;0;0;0;0;0;0;0;0;0;0;0;0;0;0;0;0;0;0;0;0;0;0;0;0;0;0;0;0;0;0;0;0;0;0;0;0;0;0;0;0;0;0;0;0;0;0;0;0;0;0;0;0;0;0;0;0;0;0;0;0;0;0;0;0;0;0;0;0;0;0;0;0;0;0;0;0;0;0;0;0;0;0;0;0;0;0;0;0;0;0;0;0;0;0;0;0;0
sfv-miR-S6-5p;1060.00;sfv-mir-S6;1060.00;0;0;26.00;0;0;0;1.00;2.00;0;0;8.00;0;0;2.00;0;51.00;2.00;0;0;0;0;1.00;1.00;0;35.00;4.00;25.00;0;2.00;0;0;0;0;0;11.00;0;0;0;0;0;2.00;0;0;32.00;0;40.00;17.00;0;0;23.00;0;0;19.00;1.00;50.00;0;14.00;0;0;1.00;83.00;1.00;0;309.00;0;0;0;0;10.00;0;0;56.00;69.00;0;0;0;0;0;0;0;0;92.00;0;0;7.00;0;6.00;0;0;0;50.00;5.00;0;0;0;0;0;0;0;0;0;0;0;0;2.00;0;0;0;0;0;0;707.75;0;0;0;91.56;169.22;0;0;786.24;0;0;78.89;0;2444.05;74.40;0;0;0;0;80.43;186.71;0;1914.77;294.27;1184.44;0;117.15;0;0;0;0;0;484.33;0;0;0;0;0;59.24;0;0;1547.76;0;1119.60;456.30;0;0;1295.19;0;0;881.88;25.59;1402.29;0;2700.10;0;0;39.82;3645.79;75.64;0;8771.43;0;0;0;0;387.58;0;0;2035.62;4412.89;0;0;0;0;0;0;0;0;2172.37;0;0;245.18;0;290.23;0;0;0;3514.69;275.42;0;0;0;0;0;0;0;0;0;0;0;0;36.41;0;0;0;0
sfv-miR-S6-3p;0.00;sfv-mir-S6;0.00;0;0;0;0;0;0;0;0;0;0;0;0;0;0;0;0;0;0;0;0;0;0;0;0;0;0;0;0;0;0;0;0;0;0;0;0;0;0;0;0;0;0;0;0;0;0;0;0;0;0;0;0;0;0;0;0;0;0;0;0;0;0;0;0;0;0;0;0;0;0;0;0;0;0;0;0;0;0;0;0;0;0;0;0;0;0;0;0;0;0;0;0;0;0;0;0;0;0;0;0;0;0;0;0;0;0;0;0;0;0;0;0;0;0;0;0;0;0;0;0;0;0;0;0;0;0;0;0;0;0;0;0;0;0;0;0;0;0;0;0;0;0;0;0;0;0;0;0;0;0;0;0;0;0;0;0;0;0;0;0;0;0;0;0;0;0;0;0;0;0;0;0;0;0;0;0;0;0;0;0;0;0;0;0;0;0;0;0;0;0;0;0;0;0;0;0;0;0;0;0;0;0;0;0;0;0;0;0;0;0;0;0;0;0;0;0;0;0
sfv-miR-S7-5p;91.00;sfv-mir-S7;91.00;0;0;0;0;2.00;0;0;0;0;0;0;0;0;0;0;0;0;0;0;0;0;0;0;0;0;0;0;0;0;0;0;0;0;4.00;0;0;0;0;0;0;0;0;0;0;0;3.00;0;0;0;0;0;0;0;0;0;2.00;0;0;0;0;0;0;0;0;0;0;0;0;0;0;0;76.00;0;0;0;0;0;0;1.00;0;0;0;0;0;0;0;0;0;0;0;0;0;0;0;2.00;0;0;0;1.00;0;0;0;0;0;0;0;0;0;0;0;0;0;0;102.08;0;0;0;0;0;0;0;0;0;0;0;0;0;0;0;0;0;0;0;0;0;0;0;0;0;0;0;0;145.47;0;0;0;0;0;0;0;0;0;0;0;83.97;0;0;0;0;0;0;0;0;0;162.42;0;0;0;0;0;0;0;0;0;0;0;0;0;0;0;2762.63;0;0;0;0;0;0;67.47;0;0;0;0;0;0;0;0;0;0;0;0;0;0;0;1839.93;0;0;0;47.58;0;0;0;0;0;0;0;0;0;0
sfv-miR-S7-3p;0.00;sfv-mir-S7;0.00;0;0;0;0;0;0;0;0;0;0;0;0;0;0;0;0;0;0;0;0;0;0;0;0;0;0;0;0;0;0;0;0;0;0;0;0;0;0;0;0;0;0;0;0;0;0;0;0;0;0;0;0;0;0;0;0;0;0;0;0;0;0;0;0;0;0;0;0;0;0;0;0;0;0;0;0;0;0;0;0;0;0;0;0;0;0;0;0;0;0;0;0;0;0;0;0;0;0;0;0;0;0;0;0;0;0;0;0;0;0;0;0;0;0;0;0;0;0;0;0;0;0;0;0;0;0;0;0;0;0;0;0;0;0;0;0;0;0;0;0;0;0;0;0;0;0;0;0;0;0;0;0;0;0;0;0;0;0;0;0;0;0;0;0;0;0;0;0;0;0;0;0;0;0;0;0;0;0;0;0;0;0;0;0;0;0;0;0;0;0;0;0;0;0;0;0;0;0;0;0;0;0;0;0;0;0;0;0;0;0;0;0;0;0;0;0;0;0
sfv4-miRT124;3.00;sfv4-miRT124;3.00;0;0;0;0;0;0;0;0;0;0;0;0;0;0;0;0;0;0;0;0;0;0;0;0;0;0;0;0;0;0;3.00;0;0;0;0;0;0;0;0;0;0;0;0;0;0;0;0;0;0;0;0;0;0;0;0;0;0;0;0;0;0;0;0;0;0;0;0;0;0;0;0;0;0;0;0;0;0;0;0;0;0;0;0;0;0;0;0;0;0;0;0;0;0;0;0;0;0;0;0;0;0;0;0;0;0;0;0;0;0;0;0;0;0;0;0;0;0;0;0;0;0;0;0;0;0;0;0;0;0;0;0;0;0;0;0;0;0;0;0;99.85;0;0;0;0;0;0;0;0;0;0;0;0;0;0;0;0;0;0;0;0;0;0;0;0;0;0;0;0;0;0;0;0;0;0;0;0;0;0;0;0;0;0;0;0;0;0;0;0;0;0;0;0;0;0;0;0;0;0;0;0;0;0;0;0;0;0;0;0;0;0;0;0;0;0;0;0;0;0
sgiv-miR-1-3p;9.00;sgiv-miR-1-3p;9.00;0;0;0;0;0;0;0;0;0;0;0;0;0;0;0;0;0;0;0;0;0;0;0;0;0;0;0;0;0;0;0;0;0;0;0;0;0;0;0;0;0;0;0;0;0;0;0;0;0;0;0;0;0;0;0;0;0;0;0;0;0;0;0;0;0;0;0;0;0;0;0;0;0;0;0;0;0;0;0;0;0;0;0;0;0;0;0;0;0;0;0;0;0;0;0;0;0;0;0;0;0;0;0;0;7.00;0;2.00;0;0;0;0;0;0;0;0;0;0;0;0;0;0;0;0;0;0;0;0;0;0;0;0;0;0;0;0;0;0;0;0;0;0;0;0;0;0;0;0;0;0;0;0;0;0;0;0;0;0;0;0;0;0;0;0;0;0;0;0;0;0;0;0;0;0;0;0;0;0;0;0;0;0;0;0;0;0;0;0;0;0;0;0;0;0;0;0;0;0;0;0;0;0;0;0;0;0;0;0;0;0;0;0;0;0;127.45;0;215.40;0;0
sgiv-miR-1-5p;11.00;sgiv-miR-1-5p;11.00;0;0;0;0;0;0;0;0;0;0;0;0;0;0;0;0;0;0;0;0;0;0;0;0;7.00;2.00;0;0;1.00;0;0;0;0;0;0;0;0;0;0;0;0;0;0;0;0;0;1.00;0;0;0;0;0;0;0;0;0;0;0;0;0;0;0;0;0;0;0;0;0;0;0;0;0;0;0;0;0;0;0;0;0;0;0;0;0;0;0;0;0;0;0;0;0;0;0;0;0;0;0;0;0;0;0;0;0;0;0;0;0;0;0;0;0;0;0;0;0;0;0;0;0;0;0;0;0;0;0;0;0;0;0;0;0;0;382.95;147.13;0;0;58.58;0;0;0;0;0;0;0;0;0;0;0;0;0;0;0;0;0;26.84;0;0;0;0;0;0;0;0;0;0;0;0;0;0;0;0;0;0;0;0;0;0;0;0;0;0;0;0;0;0;0;0;0;0;0;0;0;0;0;0;0;0;0;0;0;0;0;0;0;0;0;0;0;0;0;0;0;0;0;0;0;0
sgiv-miR-10;1.00;sgiv-miR-10;1.00;0;0;0;0;0;0;0;0;0;0;0;0;0;0;0;0;0;0;0;0;0;0;1.00;0;0;0;0;0;0;0;0;0;0;0;0;0;0;0;0;0;0;0;0;0;0;0;0;0;0;0;0;0;0;0;0;0;0;0;0;0;0;0;0;0;0;0;0;0;0;0;0;0;0;0;0;0;0;0;0;0;0;0;0;0;0;0;0;0;0;0;0;0;0;0;0;0;0;0;0;0;0;0;0;0;0;0;0;0;0;0;0;0;0;0;0;0;0;0;0;0;0;0;0;0;0;0;0;0;0;0;0;186.71;0;0;0;0;0;0;0;0;0;0;0;0;0;0;0;0;0;0;0;0;0;0;0;0;0;0;0;0;0;0;0;0;0;0;0;0;0;0;0;0;0;0;0;0;0;0;0;0;0;0;0;0;0;0;0;0;0;0;0;0;0;0;0;0;0;0;0;0;0;0;0;0;0;0;0;0;0;0;0;0;0;0;0;0;0;0
sgiv-miR-11;0.00;sgiv-miR-11;0.00;0;0;0;0;0;0;0;0;0;0;0;0;0;0;0;0;0;0;0;0;0;0;0;0;0;0;0;0;0;0;0;0;0;0;0;0;0;0;0;0;0;0;0;0;0;0;0;0;0;0;0;0;0;0;0;0;0;0;0;0;0;0;0;0;0;0;0;0;0;0;0;0;0;0;0;0;0;0;0;0;0;0;0;0;0;0;0;0;0;0;0;0;0;0;0;0;0;0;0;0;0;0;0;0;0;0;0;0;0;0;0;0;0;0;0;0;0;0;0;0;0;0;0;0;0;0;0;0;0;0;0;0;0;0;0;0;0;0;0;0;0;0;0;0;0;0;0;0;0;0;0;0;0;0;0;0;0;0;0;0;0;0;0;0;0;0;0;0;0;0;0;0;0;0;0;0;0;0;0;0;0;0;0;0;0;0;0;0;0;0;0;0;0;0;0;0;0;0;0;0;0;0;0;0;0;0;0;0;0;0;0;0;0;0;0;0;0;0
sgiv-miR-12;0.00;sgiv-miR-12;0.00;0;0;0;0;0;0;0;0;0;0;0;0;0;0;0;0;0;0;0;0;0;0;0;0;0;0;0;0;0;0;0;0;0;0;0;0;0;0;0;0;0;0;0;0;0;0;0;0;0;0;0;0;0;0;0;0;0;0;0;0;0;0;0;0;0;0;0;0;0;0;0;0;0;0;0;0;0;0;0;0;0;0;0;0;0;0;0;0;0;0;0;0;0;0;0;0;0;0;0;0;0;0;0;0;0;0;0;0;0;0;0;0;0;0;0;0;0;0;0;0;0;0;0;0;0;0;0;0;0;0;0;0;0;0;0;0;0;0;0;0;0;0;0;0;0;0;0;0;0;0;0;0;0;0;0;0;0;0;0;0;0;0;0;0;0;0;0;0;0;0;0;0;0;0;0;0;0;0;0;0;0;0;0;0;0;0;0;0;0;0;0;0;0;0;0;0;0;0;0;0;0;0;0;0;0;0;0;0;0;0;0;0;0;0;0;0;0;0
sgiv-miR-13;7.00;sgiv-miR-13;7.00;0;0;0;0;0;0;0;0;0;0;0;0;0;0;0;0;0;0;1.00;0;0;0;0;0;0;0;0;0;0;0;0;0;0;0;0;0;0;0;0;0;0;0;0;0;0;0;0;0;0;0;0;0;0;4.00;2.00;0;0;0;0;0;0;0;0;0;0;0;0;0;0;0;0;0;0;0;0;0;0;0;0;0;0;0;0;0;0;0;0;0;0;0;0;0;0;0;0;0;0;0;0;0;0;0;0;0;0;0;0;0;0;0;0;0;0;0;0;0;0;0;0;0;0;0;0;0;0;0;0;57.98;0;0;0;0;0;0;0;0;0;0;0;0;0;0;0;0;0;0;0;0;0;0;0;0;0;0;0;0;0;0;0;0;0;0;102.35;56.09;0;0;0;0;0;0;0;0;0;0;0;0;0;0;0;0;0;0;0;0;0;0;0;0;0;0;0;0;0;0;0;0;0;0;0;0;0;0;0;0;0;0;0;0;0;0;0;0;0;0;0;0;0;0
sgiv-miR-14;13.00;sgiv-miR-14;13.00;0;0;2.00;0;0;0;0;0;0;0;0;0;0;0;0;0;0;0;0;0;0;0;0;0;0;1.00;0;0;0;0;0;0;0;0;0;0;0;0;0;0;0;0;0;0;0;0;0;0;0;0;0;0;0;0;0;0;0;9.00;0;0;0;0;0;0;0;0;0;0;0;0;0;0;0;0;0;0;0;0;0;0;0;0;0;0;0;0;0;0;0;0;0;0;0;0;0;0;0;0;0;1.00;0;0;0;0;0;0;0;0;0;0;0;54.44;0;0;0;0;0;0;0;0;0;0;0;0;0;0;0;0;0;0;0;0;0;0;73.57;0;0;0;0;0;0;0;0;0;0;0;0;0;0;0;0;0;0;0;0;0;0;0;0;0;0;0;0;0;0;0;21276.60;0;0;0;0;0;0;0;0;0;0;0;0;0;0;0;0;0;0;0;0;0;0;0;0;0;0;0;0;0;0;0;0;0;0;0;0;0;0;0;0;0;524.93;0;0;0;0;0;0;0;0;0
sgiv-miR-2;36.00;sgiv-miR-2;36.00;0;0;0;0;0;0;0;0;0;0;0;0;0;0;0;0;0;0;0;0;0;0;0;0;0;0;0;0;0;0;0;0;0;0;0;0;0;0;0;0;0;0;0;0;0;0;0;0;0;0;0;0;0;0;0;0;0;0;0;0;0;0;30.00;0;0;0;0;0;0;0;0;0;0;0;0;6.00;0;0;0;0;0;0;0;0;0;0;0;0;0;0;0;0;0;0;0;0;0;0;0;0;0;0;0;0;0;0;0;0;0;0;0;0;0;0;0;0;0;0;0;0;0;0;0;0;0;0;0;0;0;0;0;0;0;0;0;0;0;0;0;0;0;0;0;0;0;0;0;0;0;0;0;0;0;0;0;0;0;0;0;0;0;0;0;0;0;0;0;0;0;0;0;1429.05;0;0;0;0;0;0;0;0;0;0;0;0;124.45;0;0;0;0;0;0;0;0;0;0;0;0;0;0;0;0;0;0;0;0;0;0;0;0;0;0;0;0;0;0;0;0;0
sgiv-miR-3;63.00;sgiv-miR-3;63.00;0;0;0;0;0;0;0;0;0;0;0;0;0;0;0;0;0;0;0;0;0;0;0;0;0;0;0;0;0;0;0;62.00;0;0;0;0;0;0;0;0;0;0;0;1.00;0;0;0;0;0;0;0;0;0;0;0;0;0;0;0;0;0;0;0;0;0;0;0;0;0;0;0;0;0;0;0;0;0;0;0;0;0;0;0;0;0;0;0;0;0;0;0;0;0;0;0;0;0;0;0;0;0;0;0;0;0;0;0;0;0;0;0;0;0;0;0;0;0;0;0;0;0;0;0;0;0;0;0;0;0;0;0;0;0;0;0;0;0;0;0;0;1453.62;0;0;0;0;0;0;0;0;0;0;0;48.37;0;0;0;0;0;0;0;0;0;0;0;0;0;0;0;0;0;0;0;0;0;0;0;0;0;0;0;0;0;0;0;0;0;0;0;0;0;0;0;0;0;0;0;0;0;0;0;0;0;0;0;0;0;0;0;0;0;0;0;0;0;0;0;0;0
sgiv-miR-4;76.00;sgiv-miR-4;76.00;0;0;3.00;0;0;0;0;0;5.00;0;0;0;0;0;0;0;0;0;0;0;0;0;0;0;0;0;0;0;0;0;0;7.00;0;0;0;0;0;0;0;0;0;0;0;0;0;0;0;0;0;0;0;0;0;0;0;0;0;0;16.00;0;0;0;0;0;0;0;0;0;0;0;0;0;0;0;0;0;0;0;0;0;0;0;0;0;0;0;0;37.00;0;0;0;0;0;0;0;0;0;0;0;0;8.00;0;0;0;0;0;0;0;0;0;0;81.66;0;0;0;0;0;241.18;0;0;0;0;0;0;0;0;0;0;0;0;0;0;0;0;0;0;0;0;0;0;164.12;0;0;0;0;0;0;0;0;0;0;0;0;0;0;0;0;0;0;0;0;0;0;0;0;0;0;959.69;0;0;0;0;0;0;0;0;0;0;0;0;0;0;0;0;0;0;0;0;0;0;0;0;0;0;0;0;1045.02;0;0;0;0;0;0;0;0;0;0;0;0;2761.48;0;0;0;0;0;0;0;0
sgiv-miR-5;27.00;sgiv-miR-5;27.00;2.00;0;0;0;0;0;0;0;0;0;0;0;0;0;0;0;0;0;1.00;0;0;4.00;0;0;0;0;0;0;4.00;0;0;0;0;0;1.00;0;0;0;0;0;1.00;0;0;1.00;0;4.00;0;0;0;0;0;0;0;0;0;0;0;0;0;0;0;5.00;0;0;0;0;0;0;0;0;0;0;0;0;0;0;0;0;0;0;0;1.00;0;0;0;0;0;0;0;0;0;0;0;0;0;0;0;0;0;0;0;3.00;0;0;0;0;0;0;0;60.01;0;0;0;0;0;0;0;0;0;0;0;0;0;0;0;0;0;57.98;0;0;321.72;0;0;0;0;0;0;234.30;0;0;0;0;0;44.03;0;0;0;0;0;29.62;0;0;48.37;0;111.96;0;0;0;0;0;0;0;0;0;0;0;0;0;0;0;378.21;0;0;0;0;0;0;0;0;0;0;0;0;0;0;0;0;0;0;0;23.61;0;0;0;0;0;0;0;0;0;0;0;0;0;0;0;0;0;0;0;125.93;0;0;0;0;0;0;0
sgiv-miR-6;7.00;sgiv-miR-6;7.00;0;0;0;0;0;0;0;0;0;0;5.00;0;0;0;0;0;0;0;0;0;0;0;0;0;0;0;0;0;0;0;1.00;0;0;0;0;0;0;0;0;0;0;0;0;0;0;0;0;0;0;0;0;0;0;0;0;0;0;0;0;0;0;0;0;0;0;0;0;0;0;0;0;0;0;0;0;0;0;0;0;0;0;0;0;0;0;0;0;0;0;0;0;0;0;0;0;0;0;0;0;0;0;0;0;0;0;1.00;0;0;0;0;0;0;0;0;0;0;0;0;0;491.40;0;0;0;0;0;0;0;0;0;0;0;0;0;0;0;0;0;0;0;33.28;0;0;0;0;0;0;0;0;0;0;0;0;0;0;0;0;0;0;0;0;0;0;0;0;0;0;0;0;0;0;0;0;0;0;0;0;0;0;0;0;0;0;0;0;0;0;0;0;0;0;0;0;0;0;0;0;0;0;0;0;0;0;0;0;0;0;0;0;0;0;0;0;0;0;20.54;0;0;0
sgiv-miR-7;174.00;sgiv-miR-7;174.00;0;56.00;0;0;0;0;0;0;0;0;0;0;0;0;0;0;0;0;0;0;0;0;0;0;0;1.00;0;8.00;0;0;0;0;1.00;0;0;0;0;0;0;0;0;0;0;0;0;0;0;0;0;0;0;0;0;0;0;0;0;0;0;0;0;0;0;0;0;0;0;0;0;2.00;0;0;0;0;0;0;0;0;0;0;0;0;0;0;0;0;0;0;0;0;0;0;0;0;0;0;0;0;0;0;0;0;44.00;62.00;0;0;0;0;0;0;2100.21;0;0;0;0;0;0;0;0;0;0;0;0;0;0;0;0;0;0;0;0;0;0;0;73.57;0;1067.52;0;0;0;0;69.22;0;0;0;0;0;0;0;0;0;0;0;0;0;0;0;0;0;0;0;0;0;0;0;0;0;0;0;0;0;0;0;0;0;0;0;0;107.49;0;0;0;0;0;0;0;0;0;0;0;0;0;0;0;0;0;0;0;0;0;0;0;0;0;0;0;0;0;0;0;0;707.38;4012.17;0;0;0;0;0
sgiv-miR-8;0.00;sgiv-miR-8;0.00;0;0;0;0;0;0;0;0;0;0;0;0;0;0;0;0;0;0;0;0;0;0;0;0;0;0;0;0;0;0;0;0;0;0;0;0;0;0;0;0;0;0;0;0;0;0;0;0;0;0;0;0;0;0;0;0;0;0;0;0;0;0;0;0;0;0;0;0;0;0;0;0;0;0;0;0;0;0;0;0;0;0;0;0;0;0;0;0;0;0;0;0;0;0;0;0;0;0;0;0;0;0;0;0;0;0;0;0;0;0;0;0;0;0;0;0;0;0;0;0;0;0;0;0;0;0;0;0;0;0;0;0;0;0;0;0;0;0;0;0;0;0;0;0;0;0;0;0;0;0;0;0;0;0;0;0;0;0;0;0;0;0;0;0;0;0;0;0;0;0;0;0;0;0;0;0;0;0;0;0;0;0;0;0;0;0;0;0;0;0;0;0;0;0;0;0;0;0;0;0;0;0;0;0;0;0;0;0;0;0;0;0;0;0;0;0;0;0
sgiv-miR-9;15.00;sgiv-miR-9;15.00;0;1.00;0;0;0;0;1.00;0;0;0;0;0;0;0;0;0;0;0;0;0;0;0;0;0;0;0;0;0;0;0;0;0;0;0;0;0;0;0;0;0;1.00;0;0;0;0;0;0;0;1.00;0;0;0;0;0;0;0;3.00;0;0;0;0;0;0;1.00;0;0;0;0;0;0;0;0;1.00;0;0;1.00;0;0;0;0;0;0;0;2.00;0;0;0;0;0;0;0;0;0;0;0;0;0;0;0;0;0;1.00;0;0;0;0;2.00;0;0;0;37.50;0;0;0;0;91.56;0;0;0;0;0;0;0;0;0;0;0;0;0;0;0;0;0;0;0;0;0;0;0;0;0;0;0;0;0;0;0;0;0;29.62;0;0;0;0;0;0;0;92.89;0;0;0;0;0;0;0;578.59;0;0;0;0;0;0;28.39;0;0;0;0;0;0;0;0;63.95;0;0;20.74;0;0;0;0;0;0;0;100.06;0;0;0;0;0;0;0;0;0;0;0;0;0;0;0;0;0;41.98;0;0;0;0;215.40;0;0
sgiv-miR-homohsv;0.00;sgiv-miR-homohsv;0.00;0;0;0;0;0;0;0;0;0;0;0;0;0;0;0;0;0;0;0;0;0;0;0;0;0;0;0;0;0;0;0;0;0;0;0;0;0;0;0;0;0;0;0;0;0;0;0;0;0;0;0;0;0;0;0;0;0;0;0;0;0;0;0;0;0;0;0;0;0;0;0;0;0;0;0;0;0;0;0;0;0;0;0;0;0;0;0;0;0;0;0;0;0;0;0;0;0;0;0;0;0;0;0;0;0;0;0;0;0;0;0;0;0;0;0;0;0;0;0;0;0;0;0;0;0;0;0;0;0;0;0;0;0;0;0;0;0;0;0;0;0;0;0;0;0;0;0;0;0;0;0;0;0;0;0;0;0;0;0;0;0;0;0;0;0;0;0;0;0;0;0;0;0;0;0;0;0;0;0;0;0;0;0;0;0;0;0;0;0;0;0;0;0;0;0;0;0;0;0;0;0;0;0;0;0;0;0;0;0;0;0;0;0;0;0;0;0;0
sv40-miR-S1-5p;8.00;sv40-mir-S1;8.00;0;0;2.00;0;0;0;0;0;0;0;0;0;0;0;0;0;0;0;0;0;0;0;0;0;0;0;0;0;0;0;0;0;0;0;0;0;0;0;0;0;0;0;0;0;0;0;0;0;0;0;0;0;0;0;0;0;0;0;0;0;0;2.00;0;0;0;0;0;0;0;0;0;0;0;0;0;3.00;0;0;1.00;0;0;0;0;0;0;0;0;0;0;0;0;0;0;0;0;0;0;0;0;0;0;0;0;0;0;0;0;0;0;0;0;54.44;0;0;0;0;0;0;0;0;0;0;0;0;0;0;0;0;0;0;0;0;0;0;0;0;0;0;0;0;0;0;0;0;0;0;0;0;0;0;0;0;0;0;0;0;0;0;0;0;0;0;0;0;0;0;0;0;0;0;151.29;0;0;0;0;0;0;0;0;0;0;0;0;0;62.23;0;0;67.47;0;0;0;0;0;0;0;0;0;0;0;0;0;0;0;0;0;0;0;0;0;0;0;0;0;0;0;0;0;0
sv40-miR-S1-3p;0.00;sv40-mir-S1;0.00;0;0;0;0;0;0;0;0;0;0;0;0;0;0;0;0;0;0;0;0;0;0;0;0;0;0;0;0;0;0;0;0;0;0;0;0;0;0;0;0;0;0;0;0;0;0;0;0;0;0;0;0;0;0;0;0;0;0;0;0;0;0;0;0;0;0;0;0;0;0;0;0;0;0;0;0;0;0;0;0;0;0;0;0;0;0;0;0;0;0;0;0;0;0;0;0;0;0;0;0;0;0;0;0;0;0;0;0;0;0;0;0;0;0;0;0;0;0;0;0;0;0;0;0;0;0;0;0;0;0;0;0;0;0;0;0;0;0;0;0;0;0;0;0;0;0;0;0;0;0;0;0;0;0;0;0;0;0;0;0;0;0;0;0;0;0;0;0;0;0;0;0;0;0;0;0;0;0;0;0;0;0;0;0;0;0;0;0;0;0;0;0;0;0;0;0;0;0;0;0;0;0;0;0;0;0;0;0;0;0;0;0;0;0;0;0;0;0
ttv-miR-T1-5p;13811.00;ttv-mir-T1;13811.00;53.00;66.00;160.00;0;1.00;2.00;0;0;0;0;26.00;56.00;0;340.00;39.00;12.00;1.00;4.00;0;1.00;0;46.00;9.00;4.00;4.00;1.00;52.00;20.00;86.00;1.00;183.00;168.00;19.00;3.00;37.00;96.00;6.00;1.00;30.00;0;0;0;0;24.00;0;4.00;4611.00;70.00;1.00;15.00;33.00;88.00;65.00;1.00;127.00;0;17.00;0;15.00;1.00;0;0;67.00;3.00;0;77.00;65.00;9.00;109.00;35.00;2.00;83.00;69.00;0;0;181.00;86.00;1.00;414.00;4110.00;1.00;811.00;100.00;97.00;1.00;0;26.00;59.00;141.00;37.00;61.00;0;41.00;1.00;0;2.00;227.00;0;7.00;0;13.00;8.00;215.00;6.00;1.00;0;46.00;0;0;1590.30;2475.25;4355.40;0;51.04;73.61;0;0;0;0;2555.28;5824.23;0;13411.70;4992.32;575.07;37.20;94.24;0;264.34;0;3699.83;1680.36;532.55;218.83;73.57;2463.64;2668.80;5037.49;45.24;6090.86;3938.85;1315.24;109.10;1629.09;4009.69;244.58;63.55;1904.04;0;0;0;0;1160.82;0;111.96;123765.30;4557.89;92.89;844.69;4431.31;5737.38;3016.94;25.59;3561.81;0;3278.69;0;899.71;39.82;0;0;3191.54;85.16;0;3355.27;2543.63;615.60;4224.64;1881.01;65.92;3017.08;4412.89;0;0;3754.25;3923.18;30.04;27933.34;161119.60;157.08;19149.94;3569.64;4852.67;35.03;0;1257.68;1666.38;5326.38;804.14;4287.92;0;793.07;49.78;0;155.22;18577.63;0;333.03;0;4487.40;335.82;3456.54;388.27;18.21;0;4954.23;0;0
ttv-miR-T1-3p;5.00;ttv-mir-T1;5.00;0;0;0;0;0;0;0;0;0;0;0;0;0;0;0;0;0;0;0;0;0;0;0;0;0;0;0;0;0;0;0;0;0;0;0;0;0;0;0;0;0;0;0;0;0;0;5.00;0;0;0;0;0;0;0;0;0;0;0;0;0;0;0;0;0;0;0;0;0;0;0;0;0;0;0;0;0;0;0;0;0;0;0;0;0;0;0;0;0;0;0;0;0;0;0;0;0;0;0;0;0;0;0;0;0;0;0;0;0;0;0;0;0;0;0;0;0;0;0;0;0;0;0;0;0;0;0;0;0;0;0;0;0;0;0;0;0;0;0;0;0;0;0;0;0;0;0;0;0;0;0;0;0;0;0;0;134.21;0;0;0;0;0;0;0;0;0;0;0;0;0;0;0;0;0;0;0;0;0;0;0;0;0;0;0;0;0;0;0;0;0;0;0;0;0;0;0;0;0;0;0;0;0;0;0;0;0;0;0;0;0;0;0;0;0;0;0;0;0;0
ttv-twh-t1-5p;194.00;ttv-twh-t1-5p;194.00;0;0;0;0;0;0;0;0;0;0;0;0;0;0;0;0;0;0;101.00;0;0;0;0;0;0;0;0;0;0;0;0;0;0;0;0;0;0;0;0;0;0;0;0;0;0;0;0;0;0;0;0;0;0;0;0;0;0;0;0;0;0;0;0;0;0;0;0;0;0;24.00;0;0;0;0;0;1.00;0;0;0;65.00;0;0;0;0;0;0;0;0;0;0;0;2.00;0;0;0;0;1.00;0;0;0;0;0;0;0;0;0;0;0;0;0;0;0;0;0;0;0;0;0;0;0;0;0;0;0;0;0;0;5856.43;0;0;0;0;0;0;0;0;0;0;0;0;0;0;0;0;0;0;0;0;0;0;0;0;0;0;0;0;0;0;0;0;0;0;0;0;0;0;0;0;0;0;0;0;0;0;0;0;0;0;1289.84;0;0;0;0;0;20.74;0;0;0;2548.12;0;0;0;0;0;0;0;0;0;0;0;110.17;0;0;0;0;81.84;0;0;0;0;0;0;0;0;0;0;0;0
ttv-twh-t2-5p;188.00;ttv-twh-t2-5p;188.00;0;1.00;0;0;0;0;0;0;0;0;0;0;40.00;0;0;0;0;0;0;0;0;0;75.00;0;0;0;0;0;0;0;0;0;0;0;0;0;0;0;0;0;0;0;0;0;0;0;0;0;0;0;0;0;0;0;0;0;0;0;0;0;0;0;0;0;0;0;0;0;0;0;0;0;0;0;0;0;0;0;0;0;0;0;0;0;0;0;1.00;0;0;0;0;0;0;0;0;0;70.00;1.00;0;0;0;0;0;0;0;0;0;0;0;0;37.50;0;0;0;0;0;0;0;0;0;0;13788.35;0;0;0;0;0;0;0;0;0;14002.99;0;0;0;0;0;0;0;0;0;0;0;0;0;0;0;0;0;0;0;0;0;0;0;0;0;0;0;0;0;0;0;0;0;0;0;0;0;0;0;0;0;0;0;0;0;0;0;0;0;0;0;0;0;0;0;0;0;0;0;0;0;0;0;48.37;0;0;0;0;0;0;0;0;0;5728.78;34.40;0;0;0;0;0;0;0;0;0;0;0
ttv-yonKC197-t1-5p;550.00;ttv-yonKC197-t1-5p;550.00;0;1.00;15.00;0;0;0;0;0;0;0;0;0;0;0;1.00;0;0;0;0;0;0;5.00;0;0;0;0;0;0;0;2.00;4.00;0;0;0;0;0;1.00;0;0;1.00;0;9.00;0;0;0;1.00;0;0;0;2.00;1.00;34.00;0;0;1.00;0;0;0;0;0;0;1.00;0;0;1.00;34.00;7.00;46.00;1.00;8.00;2.00;51.00;1.00;0;0;0;0;0;63.00;77.00;0;0;0;0;1.00;0;0;1.00;0;0;0;0;98.00;0;0;0;76.00;0;0;0;1.00;1.00;0;1.00;0;1.00;0;0;0;0;37.50;408.32;0;0;0;0;0;0;0;0;0;0;0;128.01;0;0;0;0;0;0;402.16;0;0;0;0;0;0;0;90.49;133.13;0;0;0;0;0;40.76;0;0;152.09;0;560.47;0;0;0;27.99;0;0;0;112.63;134.28;2216.72;0;0;28.05;0;0;0;0;0;0;75.64;0;0;106.07;1481.55;273.93;3146.37;38.76;429.95;65.92;1853.87;63.95;0;0;0;0;0;4250.73;3018.54;0;0;0;0;35.03;0;0;28.24;0;0;0;0;1895.62;0;0;0;6219.82;0;0;0;345.18;41.98;0;64.71;0;20.54;0;0;0
tumv-miR-s1;8.00;tumv-miR-s1;8.00;1.00;0;0;0;0;0;0;0;0;0;0;0;0;0;0;0;0;0;1.00;0;0;3.00;0;0;0;0;0;0;0;0;0;0;0;0;0;0;0;0;0;0;1.00;1.00;0;0;0;0;0;0;0;0;0;0;0;0;0;0;0;0;0;0;0;0;0;0;0;0;0;0;0;0;0;0;0;0;0;0;0;0;0;0;0;0;0;0;0;0;0;0;0;0;0;0;0;0;0;0;0;0;0;0;0;0;0;1.00;0;0;0;0;0;30.01;0;0;0;0;0;0;0;0;0;0;0;0;0;0;0;0;0;57.98;0;0;241.29;0;0;0;0;0;0;0;0;0;0;0;0;0;0;0;0;0;0;29.62;62.27;0;0;0;0;0;0;0;0;0;0;0;0;0;0;0;0;0;0;0;0;0;0;0;0;0;0;0;0;0;0;0;0;0;0;0;0;0;0;0;0;0;0;0;0;0;0;0;0;0;0;0;0;0;0;0;0;0;0;0;0;0;64.71;0;0;0;0;0
tumv-miR-s10;2.00;tumv-miR-s10;2.00;0;0;0;0;0;0;0;0;0;0;0;0;0;0;0;0;0;0;0;2.00;0;0;0;0;0;0;0;0;0;0;0;0;0;0;0;0;0;0;0;0;0;0;0;0;0;0;0;0;0;0;0;0;0;0;0;0;0;0;0;0;0;0;0;0;0;0;0;0;0;0;0;0;0;0;0;0;0;0;0;0;0;0;0;0;0;0;0;0;0;0;0;0;0;0;0;0;0;0;0;0;0;0;0;0;0;0;0;0;0;0;0;0;0;0;0;0;0;0;0;0;0;0;0;0;0;0;0;0;528.68;0;0;0;0;0;0;0;0;0;0;0;0;0;0;0;0;0;0;0;0;0;0;0;0;0;0;0;0;0;0;0;0;0;0;0;0;0;0;0;0;0;0;0;0;0;0;0;0;0;0;0;0;0;0;0;0;0;0;0;0;0;0;0;0;0;0;0;0;0;0;0;0;0;0;0;0;0;0;0;0;0;0;0;0;0;0;0;0;0
tumv-miR-s11;98.00;tumv-miR-s11;98.00;0;0;0;0;0;0;0;0;0;0;0;0;0;3.00;2.00;0;0;0;0;0;0;0;0;2.00;4.00;0;0;0;0;0;0;0;0;0;0;0;1.00;0;0;0;0;0;0;0;0;0;0;0;0;0;5.00;0;0;0;0;0;0;0;0;0;4.00;0;0;0;0;0;0;0;0;0;0;0;0;0;0;43.00;0;0;0;0;0;0;0;0;0;0;0;0;0;0;0;0;1.00;0;0;1.00;0;30.00;0;0;0;2.00;0;0;0;0;0;0;0;0;0;0;0;0;0;0;0;0;0;0;0;0;118.34;256.02;0;0;0;0;0;0;0;0;266.28;218.83;0;0;0;0;0;0;0;0;0;0;0;40.76;0;0;0;0;0;0;0;0;0;0;0;0;0;671.41;0;0;0;0;0;0;0;0;0;175.70;0;0;0;0;0;0;0;0;0;0;0;0;0;0;891.89;0;0;0;0;0;0;0;0;0;0;0;0;0;0;0;0;19.34;0;0;77.61;0;1031.92;0;0;0;83.96;0;0;0;0;0;0;0
tumv-miR-s12;15.00;tumv-miR-s12;15.00;0;0;0;0;0;0;0;0;0;0;0;0;0;0;0;0;0;0;0;10.00;0;5.00;0;0;0;0;0;0;0;0;0;0;0;0;0;0;0;0;0;0;0;0;0;0;0;0;0;0;0;0;0;0;0;0;0;0;0;0;0;0;0;0;0;0;0;0;0;0;0;0;0;0;0;0;0;0;0;0;0;0;0;0;0;0;0;0;0;0;0;0;0;0;0;0;0;0;0;0;0;0;0;0;0;0;0;0;0;0;0;0;0;0;0;0;0;0;0;0;0;0;0;0;0;0;0;0;0;0;2643.40;0;402.16;0;0;0;0;0;0;0;0;0;0;0;0;0;0;0;0;0;0;0;0;0;0;0;0;0;0;0;0;0;0;0;0;0;0;0;0;0;0;0;0;0;0;0;0;0;0;0;0;0;0;0;0;0;0;0;0;0;0;0;0;0;0;0;0;0;0;0;0;0;0;0;0;0;0;0;0;0;0;0;0;0;0;0;0;0;0;0
tumv-miR-s13;60.00;tumv-miR-s13;60.00;0;0;0;0;0;0;0;0;0;0;0;0;0;0;0;0;0;0;0;0;0;0;0;0;0;0;0;0;0;0;0;0;0;0;0;0;0;0;0;0;0;0;0;0;0;0;0;0;0;0;0;0;4.00;0;0;0;0;0;0;0;0;0;0;0;0;0;0;0;0;0;0;0;0;0;0;0;0;0;0;0;0;0;0;0;0;0;0;0;0;0;0;0;0;0;0;0;0;0;56.00;0;0;0;0;0;0;0;0;0;0;0;0;0;0;0;0;0;0;0;0;0;0;0;0;0;0;0;0;0;0;0;0;0;0;0;0;0;0;0;0;0;0;0;0;0;0;0;0;0;0;0;0;0;0;0;0;0;0;0;0;0;0;185.66;0;0;0;0;0;0;0;0;0;0;0;0;0;0;0;0;0;0;0;0;0;0;0;0;0;0;0;0;0;0;0;0;0;0;0;0;0;0;0;0;0;0;0;0;0;2664.26;0;0;0;0;0;0;0;0;0;0
tumv-miR-s14;125.00;tumv-miR-s14;125.00;0;0;0;0;0;0;0;0;10.00;1.00;0;0;0;0;0;0;0;0;0;0;1.00;41.00;0;0;0;0;0;0;0;0;0;0;28.00;0;0;0;0;0;18.00;0;0;0;0;1.00;0;0;4.00;0;0;0;0;1.00;0;0;0;0;0;0;0;0;0;0;0;0;0;0;0;0;0;0;0;0;0;0;0;0;0;0;0;0;0;0;0;0;0;0;0;0;0;0;0;0;0;0;0;1.00;3.00;0;0;0;14.00;0;0;0;2.00;0;0;0;0;0;0;0;0;0;0;0;0;482.37;26.22;0;0;0;0;0;0;0;0;0;0;121.57;3297.68;0;0;0;0;0;0;0;0;0;0;1938.25;0;0;0;0;0;1142.42;0;0;0;0;48.37;0;0;107.37;0;0;0;0;65.20;0;0;0;0;0;0;0;0;0;0;0;0;0;0;0;0;0;0;0;0;0;0;0;0;0;0;0;0;0;0;0;0;0;0;0;0;0;0;0;0;0;0;0;77.61;245.52;0;0;0;4832.59;0;0;0;36.41;0;0;0;0
tumv-miR-s15;8.00;tumv-miR-s15;8.00;0;0;0;0;0;0;0;0;0;0;0;0;0;0;0;0;0;0;0;0;0;0;0;0;0;0;0;0;0;0;0;0;0;0;0;0;0;0;0;0;0;0;8.00;0;0;0;0;0;0;0;0;0;0;0;0;0;0;0;0;0;0;0;0;0;0;0;0;0;0;0;0;0;0;0;0;0;0;0;0;0;0;0;0;0;0;0;0;0;0;0;0;0;0;0;0;0;0;0;0;0;0;0;0;0;0;0;0;0;0;0;0;0;0;0;0;0;0;0;0;0;0;0;0;0;0;0;0;0;0;0;0;0;0;0;0;0;0;0;0;0;0;0;0;0;0;0;0;0;0;0;0;980.51;0;0;0;0;0;0;0;0;0;0;0;0;0;0;0;0;0;0;0;0;0;0;0;0;0;0;0;0;0;0;0;0;0;0;0;0;0;0;0;0;0;0;0;0;0;0;0;0;0;0;0;0;0;0;0;0;0;0;0;0;0;0;0;0;0;0
tumv-miR-s16;0.00;tumv-miR-s16;0.00;0;0;0;0;0;0;0;0;0;0;0;0;0;0;0;0;0;0;0;0;0;0;0;0;0;0;0;0;0;0;0;0;0;0;0;0;0;0;0;0;0;0;0;0;0;0;0;0;0;0;0;0;0;0;0;0;0;0;0;0;0;0;0;0;0;0;0;0;0;0;0;0;0;0;0;0;0;0;0;0;0;0;0;0;0;0;0;0;0;0;0;0;0;0;0;0;0;0;0;0;0;0;0;0;0;0;0;0;0;0;0;0;0;0;0;0;0;0;0;0;0;0;0;0;0;0;0;0;0;0;0;0;0;0;0;0;0;0;0;0;0;0;0;0;0;0;0;0;0;0;0;0;0;0;0;0;0;0;0;0;0;0;0;0;0;0;0;0;0;0;0;0;0;0;0;0;0;0;0;0;0;0;0;0;0;0;0;0;0;0;0;0;0;0;0;0;0;0;0;0;0;0;0;0;0;0;0;0;0;0;0;0;0;0;0;0;0;0
tumv-miR-s17;41.00;tumv-miR-s17;41.00;0;0;0;0;0;0;0;0;0;1.00;0;0;0;0;0;0;0;1.00;0;0;0;0;0;9.00;0;0;0;0;0;0;1.00;0;0;0;2.00;0;0;0;0;0;0;0;1.00;0;0;3.00;0;0;0;0;0;0;0;0;0;0;0;0;0;0;0;0;0;8.00;0;0;0;0;2.00;0;0;6.00;3.00;0;0;1.00;0;0;0;0;0;1.00;0;0;0;0;1.00;0;0;0;0;0;0;0;0;0;0;0;1.00;0;0;0;0;0;0;0;0;0;0;0;0;0;0;0;0;0;0;0;26.22;0;0;0;0;0;0;0;23.56;0;0;0;0;0;1198.24;0;0;0;0;0;0;33.28;0;0;0;88.06;0;0;0;0;0;0;0;122.56;0;0;83.97;0;0;0;0;0;0;0;0;0;0;0;0;0;0;0;0;0;227.09;0;0;0;0;77.52;0;0;218.10;191.86;0;0;20.74;0;0;0;0;0;23.61;0;0;0;0;48.37;0;0;0;0;0;0;0;0;0;0;0;47.58;0;0;0;0;0;0;0;0;0;0
tumv-miR-s18;14.00;tumv-miR-s18;14.00;0;0;0;0;0;0;0;0;0;0;0;0;0;0;0;0;0;0;0;0;0;0;0;0;0;0;0;0;0;0;0;0;0;0;1.00;0;0;0;0;0;1.00;0;0;0;0;1.00;0;1.00;0;0;0;0;0;0;0;0;3.00;0;0;0;0;0;4.00;0;0;1.00;0;0;0;0;0;0;0;0;0;1.00;0;0;0;0;0;0;1.00;0;0;0;0;0;0;0;0;0;0;0;0;0;0;0;0;0;0;0;0;0;0;0;0;0;0;0;0;0;0;0;0;0;0;0;0;0;0;0;0;0;0;0;0;0;0;0;0;0;0;0;0;0;0;0;0;0;0;0;0;44.03;0;0;0;0;0;29.62;0;0;0;0;27.99;0;65.11;0;0;0;0;0;0;0;0;578.59;0;0;0;0;0;190.54;0;0;43.57;0;0;0;0;0;0;0;0;0;20.74;0;0;0;0;0;0;35.70;0;0;0;0;0;0;0;0;0;0;0;0;0;0;0;0;0;0;0;0;0;0;0;0;0;0
tumv-miR-s19;123.00;tumv-miR-s19;123.00;0;0;0;0;0;0;0;0;0;0;0;0;0;0;0;0;0;0;0;0;0;0;0;0;0;0;0;0;0;0;0;0;0;0;0;0;0;123.00;0;0;0;0;0;0;0;0;0;0;0;0;0;0;0;0;0;0;0;0;0;0;0;0;0;0;0;0;0;0;0;0;0;0;0;0;0;0;0;0;0;0;0;0;0;0;0;0;0;0;0;0;0;0;0;0;0;0;0;0;0;0;0;0;0;0;0;0;0;0;0;0;0;0;0;0;0;0;0;0;0;0;0;0;0;0;0;0;0;0;0;0;0;0;0;0;0;0;0;0;0;0;0;0;0;0;0;0;7816.47;0;0;0;0;0;0;0;0;0;0;0;0;0;0;0;0;0;0;0;0;0;0;0;0;0;0;0;0;0;0;0;0;0;0;0;0;0;0;0;0;0;0;0;0;0;0;0;0;0;0;0;0;0;0;0;0;0;0;0;0;0;0;0;0;0;0;0;0;0;0;0
tumv-miR-s2;0.00;tumv-miR-s2;0.00;0;0;0;0;0;0;0;0;0;0;0;0;0;0;0;0;0;0;0;0;0;0;0;0;0;0;0;0;0;0;0;0;0;0;0;0;0;0;0;0;0;0;0;0;0;0;0;0;0;0;0;0;0;0;0;0;0;0;0;0;0;0;0;0;0;0;0;0;0;0;0;0;0;0;0;0;0;0;0;0;0;0;0;0;0;0;0;0;0;0;0;0;0;0;0;0;0;0;0;0;0;0;0;0;0;0;0;0;0;0;0;0;0;0;0;0;0;0;0;0;0;0;0;0;0;0;0;0;0;0;0;0;0;0;0;0;0;0;0;0;0;0;0;0;0;0;0;0;0;0;0;0;0;0;0;0;0;0;0;0;0;0;0;0;0;0;0;0;0;0;0;0;0;0;0;0;0;0;0;0;0;0;0;0;0;0;0;0;0;0;0;0;0;0;0;0;0;0;0;0;0;0;0;0;0;0;0;0;0;0;0;0;0;0;0;0;0;0
tumv-miR-s20;0.00;tumv-miR-s20;0.00;0;0;0;0;0;0;0;0;0;0;0;0;0;0;0;0;0;0;0;0;0;0;0;0;0;0;0;0;0;0;0;0;0;0;0;0;0;0;0;0;0;0;0;0;0;0;0;0;0;0;0;0;0;0;0;0;0;0;0;0;0;0;0;0;0;0;0;0;0;0;0;0;0;0;0;0;0;0;0;0;0;0;0;0;0;0;0;0;0;0;0;0;0;0;0;0;0;0;0;0;0;0;0;0;0;0;0;0;0;0;0;0;0;0;0;0;0;0;0;0;0;0;0;0;0;0;0;0;0;0;0;0;0;0;0;0;0;0;0;0;0;0;0;0;0;0;0;0;0;0;0;0;0;0;0;0;0;0;0;0;0;0;0;0;0;0;0;0;0;0;0;0;0;0;0;0;0;0;0;0;0;0;0;0;0;0;0;0;0;0;0;0;0;0;0;0;0;0;0;0;0;0;0;0;0;0;0;0;0;0;0;0;0;0;0;0;0;0
tumv-miR-s21;2.00;tumv-miR-s21;2.00;0;0;0;0;0;0;0;0;0;0;0;0;0;0;0;0;0;0;0;0;0;0;0;0;0;0;0;0;0;0;0;0;0;0;0;0;0;0;0;0;0;0;0;0;0;0;0;0;0;0;0;0;0;0;0;0;0;0;0;0;0;0;0;0;0;0;0;0;0;0;0;0;0;0;0;0;0;0;0;0;0;0;0;0;0;0;0;0;0;0;0;0;0;0;0;0;0;0;2.00;0;0;0;0;0;0;0;0;0;0;0;0;0;0;0;0;0;0;0;0;0;0;0;0;0;0;0;0;0;0;0;0;0;0;0;0;0;0;0;0;0;0;0;0;0;0;0;0;0;0;0;0;0;0;0;0;0;0;0;0;0;0;0;0;0;0;0;0;0;0;0;0;0;0;0;0;0;0;0;0;0;0;0;0;0;0;0;0;0;0;0;0;0;0;0;0;0;0;0;0;0;0;0;0;0;0;0;0;95.15;0;0;0;0;0;0;0;0;0;0
tumv-miR-s22;0.00;tumv-miR-s22;0.00;0;0;0;0;0;0;0;0;0;0;0;0;0;0;0;0;0;0;0;0;0;0;0;0;0;0;0;0;0;0;0;0;0;0;0;0;0;0;0;0;0;0;0;0;0;0;0;0;0;0;0;0;0;0;0;0;0;0;0;0;0;0;0;0;0;0;0;0;0;0;0;0;0;0;0;0;0;0;0;0;0;0;0;0;0;0;0;0;0;0;0;0;0;0;0;0;0;0;0;0;0;0;0;0;0;0;0;0;0;0;0;0;0;0;0;0;0;0;0;0;0;0;0;0;0;0;0;0;0;0;0;0;0;0;0;0;0;0;0;0;0;0;0;0;0;0;0;0;0;0;0;0;0;0;0;0;0;0;0;0;0;0;0;0;0;0;0;0;0;0;0;0;0;0;0;0;0;0;0;0;0;0;0;0;0;0;0;0;0;0;0;0;0;0;0;0;0;0;0;0;0;0;0;0;0;0;0;0;0;0;0;0;0;0;0;0;0;0
tumv-miR-s23;1.00;tumv-miR-s23;1.00;0;0;0;0;0;0;0;0;0;0;0;0;0;0;0;0;0;0;0;0;0;0;0;0;0;0;0;0;0;0;0;0;0;0;0;0;0;0;0;0;0;0;0;0;0;0;0;0;0;0;0;0;0;0;0;0;0;0;0;0;0;0;0;0;0;0;0;0;0;0;0;0;0;0;0;0;0;0;0;0;0;0;0;0;1.00;0;0;0;0;0;0;0;0;0;0;0;0;0;0;0;0;0;0;0;0;0;0;0;0;0;0;0;0;0;0;0;0;0;0;0;0;0;0;0;0;0;0;0;0;0;0;0;0;0;0;0;0;0;0;0;0;0;0;0;0;0;0;0;0;0;0;0;0;0;0;0;0;0;0;0;0;0;0;0;0;0;0;0;0;0;0;0;0;0;0;0;0;0;0;0;0;0;0;0;0;0;0;0;0;0;0;0;0;35.03;0;0;0;0;0;0;0;0;0;0;0;0;0;0;0;0;0;0;0;0;0;0;0;0
tumv-miR-s24;83.00;tumv-miR-s24;83.00;0;1.00;0;0;0;0;0;0;0;2.00;0;0;0;0;0;1.00;0;0;0;0;0;0;57.00;0;0;0;0;0;0;0;0;0;0;0;0;0;2.00;0;0;0;0;0;0;0;0;0;0;0;8.00;0;0;0;0;0;0;0;0;0;0;0;0;0;1.00;0;0;0;1.00;0;0;0;0;1.00;0;0;0;0;0;0;0;0;0;1.00;0;0;0;0;6.00;0;0;0;0;0;0;1.00;0;0;0;0;0;0;0;0;0;0;1.00;0;0;0;0;0;37.50;0;0;0;0;0;0;0;52.45;0;0;0;0;0;47.92;0;0;0;0;0;0;10642.27;0;0;0;0;0;0;0;0;0;0;0;0;0;81.53;0;0;0;0;0;0;0;0;0;0;0;743.15;0;0;0;0;0;0;0;0;0;0;0;0;0;47.63;0;0;0;39.13;0;0;0;0;36.35;0;0;0;0;0;0;0;0;0;23.61;0;0;0;0;290.23;0;0;0;0;0;0;49.78;0;0;0;0;0;0;0;0;0;0;18.21;0;0;0;0
tumv-miR-s25;0.00;tumv-miR-s25;0.00;0;0;0;0;0;0;0;0;0;0;0;0;0;0;0;0;0;0;0;0;0;0;0;0;0;0;0;0;0;0;0;0;0;0;0;0;0;0;0;0;0;0;0;0;0;0;0;0;0;0;0;0;0;0;0;0;0;0;0;0;0;0;0;0;0;0;0;0;0;0;0;0;0;0;0;0;0;0;0;0;0;0;0;0;0;0;0;0;0;0;0;0;0;0;0;0;0;0;0;0;0;0;0;0;0;0;0;0;0;0;0;0;0;0;0;0;0;0;0;0;0;0;0;0;0;0;0;0;0;0;0;0;0;0;0;0;0;0;0;0;0;0;0;0;0;0;0;0;0;0;0;0;0;0;0;0;0;0;0;0;0;0;0;0;0;0;0;0;0;0;0;0;0;0;0;0;0;0;0;0;0;0;0;0;0;0;0;0;0;0;0;0;0;0;0;0;0;0;0;0;0;0;0;0;0;0;0;0;0;0;0;0;0;0;0;0;0;0
tumv-miR-s26;2.00;tumv-miR-s26;2.00;0;0;0;0;0;0;0;0;1.00;0;0;0;0;0;0;0;0;0;1.00;0;0;0;0;0;0;0;0;0;0;0;0;0;0;0;0;0;0;0;0;0;0;0;0;0;0;0;0;0;0;0;0;0;0;0;0;0;0;0;0;0;0;0;0;0;0;0;0;0;0;0;0;0;0;0;0;0;0;0;0;0;0;0;0;0;0;0;0;0;0;0;0;0;0;0;0;0;0;0;0;0;0;0;0;0;0;0;0;0;0;0;0;0;0;0;0;0;0;48.24;0;0;0;0;0;0;0;0;0;57.98;0;0;0;0;0;0;0;0;0;0;0;0;0;0;0;0;0;0;0;0;0;0;0;0;0;0;0;0;0;0;0;0;0;0;0;0;0;0;0;0;0;0;0;0;0;0;0;0;0;0;0;0;0;0;0;0;0;0;0;0;0;0;0;0;0;0;0;0;0;0;0;0;0;0;0;0;0;0;0;0;0;0;0;0;0;0;0;0;0;0
tumv-miR-s27;15.00;tumv-miR-s27;15.00;0;0;0;0;0;0;0;0;0;0;0;0;0;0;0;0;0;0;0;10.00;0;5.00;0;0;0;0;0;0;0;0;0;0;0;0;0;0;0;0;0;0;0;0;0;0;0;0;0;0;0;0;0;0;0;0;0;0;0;0;0;0;0;0;0;0;0;0;0;0;0;0;0;0;0;0;0;0;0;0;0;0;0;0;0;0;0;0;0;0;0;0;0;0;0;0;0;0;0;0;0;0;0;0;0;0;0;0;0;0;0;0;0;0;0;0;0;0;0;0;0;0;0;0;0;0;0;0;0;0;2643.40;0;402.16;0;0;0;0;0;0;0;0;0;0;0;0;0;0;0;0;0;0;0;0;0;0;0;0;0;0;0;0;0;0;0;0;0;0;0;0;0;0;0;0;0;0;0;0;0;0;0;0;0;0;0;0;0;0;0;0;0;0;0;0;0;0;0;0;0;0;0;0;0;0;0;0;0;0;0;0;0;0;0;0;0;0;0;0;0;0;0
tumv-miR-s28;13.00;tumv-miR-s28;13.00;1.00;3.00;0;0;0;0;0;0;0;1.00;0;0;0;0;0;0;0;0;0;0;0;0;0;0;0;0;0;0;0;0;0;0;0;0;0;0;0;0;1.00;0;0;0;0;0;0;0;0;0;0;0;0;0;0;0;0;0;0;0;0;0;0;0;0;0;0;0;0;0;0;0;0;6.00;0;0;0;0;0;0;0;0;0;0;0;0;0;0;0;0;0;0;0;0;0;0;0;0;0;0;0;0;0;0;0;0;0;1.00;0;0;0;30.01;112.51;0;0;0;0;0;0;0;26.22;0;0;0;0;0;0;0;0;0;0;0;0;0;0;0;0;0;0;0;0;0;0;0;0;0;0;0;0;63.47;0;0;0;0;0;0;0;0;0;0;0;0;0;0;0;0;0;0;0;0;0;0;0;0;0;0;0;0;0;0;0;0;218.10;0;0;0;0;0;0;0;0;0;0;0;0;0;0;0;0;0;0;0;0;0;0;0;0;0;0;0;0;0;0;0;0;0;20.54;0;0;0
tumv-miR-s29;156.00;tumv-miR-s29;156.00;0;0;0;0;0;0;0;0;0;0;0;0;0;0;0;0;0;0;0;0;1.00;0;155.00;0;0;0;0;0;0;0;0;0;0;0;0;0;0;0;0;0;0;0;0;0;0;0;0;0;0;0;0;0;0;0;0;0;0;0;0;0;0;0;0;0;0;0;0;0;0;0;0;0;0;0;0;0;0;0;0;0;0;0;0;0;0;0;0;0;0;0;0;0;0;0;0;0;0;0;0;0;0;0;0;0;0;0;0;0;0;0;0;0;0;0;0;0;0;0;0;0;0;0;0;0;0;0;0;0;0;121.57;0;28939.51;0;0;0;0;0;0;0;0;0;0;0;0;0;0;0;0;0;0;0;0;0;0;0;0;0;0;0;0;0;0;0;0;0;0;0;0;0;0;0;0;0;0;0;0;0;0;0;0;0;0;0;0;0;0;0;0;0;0;0;0;0;0;0;0;0;0;0;0;0;0;0;0;0;0;0;0;0;0;0;0;0;0;0;0;0;0
tumv-miR-s3;71.00;tumv-miR-s3;71.00;0;0;0;0;0;0;0;0;0;0;0;0;0;0;0;0;0;0;0;0;0;0;0;0;0;0;0;0;0;0;0;0;0;0;0;0;0;0;0;0;0;0;0;0;0;0;0;0;0;0;0;0;0;0;0;0;0;0;0;0;0;0;0;0;0;0;0;0;0;0;0;0;0;0;0;0;0;0;0;0;0;0;0;0;0;71.00;0;0;0;0;0;0;0;0;0;0;0;0;0;0;0;0;0;0;0;0;0;0;0;0;0;0;0;0;0;0;0;0;0;0;0;0;0;0;0;0;0;0;0;0;0;0;0;0;0;0;0;0;0;0;0;0;0;0;0;0;0;0;0;0;0;0;0;0;0;0;0;0;0;0;0;0;0;0;0;0;0;0;0;0;0;0;0;0;0;0;0;0;0;0;0;0;0;0;0;0;0;0;0;0;0;0;0;0;4476.67;0;0;0;0;0;0;0;0;0;0;0;0;0;0;0;0;0;0;0;0;0;0;0
tumv-miR-s30;0.00;tumv-miR-s30;0.00;0;0;0;0;0;0;0;0;0;0;0;0;0;0;0;0;0;0;0;0;0;0;0;0;0;0;0;0;0;0;0;0;0;0;0;0;0;0;0;0;0;0;0;0;0;0;0;0;0;0;0;0;0;0;0;0;0;0;0;0;0;0;0;0;0;0;0;0;0;0;0;0;0;0;0;0;0;0;0;0;0;0;0;0;0;0;0;0;0;0;0;0;0;0;0;0;0;0;0;0;0;0;0;0;0;0;0;0;0;0;0;0;0;0;0;0;0;0;0;0;0;0;0;0;0;0;0;0;0;0;0;0;0;0;0;0;0;0;0;0;0;0;0;0;0;0;0;0;0;0;0;0;0;0;0;0;0;0;0;0;0;0;0;0;0;0;0;0;0;0;0;0;0;0;0;0;0;0;0;0;0;0;0;0;0;0;0;0;0;0;0;0;0;0;0;0;0;0;0;0;0;0;0;0;0;0;0;0;0;0;0;0;0;0;0;0;0;0
tumv-miR-s31;19.00;tumv-miR-s31;19.00;0;0;0;0;0;0;0;0;0;0;0;0;0;0;0;0;0;0;0;0;0;0;0;0;0;0;0;0;0;0;0;0;0;0;0;0;4.00;0;0;0;0;0;0;2.00;0;0;0;0;0;0;0;0;0;0;0;1.00;0;0;0;0;0;1.00;0;0;0;0;0;4.00;0;0;0;0;0;0;0;1.00;3.00;0;0;0;0;0;0;0;0;0;0;0;0;0;0;0;0;0;0;0;0;0;0;0;1.00;0;0;2.00;0;0;0;0;0;0;0;0;0;0;0;0;0;0;0;0;0;0;0;0;0;0;0;0;0;0;0;0;0;0;0;0;0;0;0;0;0;0;0;0;0;163.05;0;0;0;0;0;0;96.74;0;0;0;0;0;0;0;0;0;0;0;81.21;0;0;0;0;0;75.64;0;0;0;0;0;273.60;0;0;0;0;0;0;0;20.74;136.86;0;0;0;0;0;0;0;0;0;0;0;0;0;0;0;0;0;0;0;0;0;0;0;345.18;0;0;129.42;0;0;0;0;0
tumv-miR-s32;0.00;tumv-miR-s32;0.00;0;0;0;0;0;0;0;0;0;0;0;0;0;0;0;0;0;0;0;0;0;0;0;0;0;0;0;0;0;0;0;0;0;0;0;0;0;0;0;0;0;0;0;0;0;0;0;0;0;0;0;0;0;0;0;0;0;0;0;0;0;0;0;0;0;0;0;0;0;0;0;0;0;0;0;0;0;0;0;0;0;0;0;0;0;0;0;0;0;0;0;0;0;0;0;0;0;0;0;0;0;0;0;0;0;0;0;0;0;0;0;0;0;0;0;0;0;0;0;0;0;0;0;0;0;0;0;0;0;0;0;0;0;0;0;0;0;0;0;0;0;0;0;0;0;0;0;0;0;0;0;0;0;0;0;0;0;0;0;0;0;0;0;0;0;0;0;0;0;0;0;0;0;0;0;0;0;0;0;0;0;0;0;0;0;0;0;0;0;0;0;0;0;0;0;0;0;0;0;0;0;0;0;0;0;0;0;0;0;0;0;0;0;0;0;0;0;0
tumv-miR-s34;0.00;tumv-miR-s34;0.00;0;0;0;0;0;0;0;0;0;0;0;0;0;0;0;0;0;0;0;0;0;0;0;0;0;0;0;0;0;0;0;0;0;0;0;0;0;0;0;0;0;0;0;0;0;0;0;0;0;0;0;0;0;0;0;0;0;0;0;0;0;0;0;0;0;0;0;0;0;0;0;0;0;0;0;0;0;0;0;0;0;0;0;0;0;0;0;0;0;0;0;0;0;0;0;0;0;0;0;0;0;0;0;0;0;0;0;0;0;0;0;0;0;0;0;0;0;0;0;0;0;0;0;0;0;0;0;0;0;0;0;0;0;0;0;0;0;0;0;0;0;0;0;0;0;0;0;0;0;0;0;0;0;0;0;0;0;0;0;0;0;0;0;0;0;0;0;0;0;0;0;0;0;0;0;0;0;0;0;0;0;0;0;0;0;0;0;0;0;0;0;0;0;0;0;0;0;0;0;0;0;0;0;0;0;0;0;0;0;0;0;0;0;0;0;0;0;0
tumv-miR-s35;38.00;tumv-miR-s35;38.00;0;0;0;0;0;0;0;0;1.00;0;0;0;0;1.00;0;0;0;0;0;0;0;0;0;0;0;0;0;0;0;25.00;0;0;0;0;0;0;0;0;0;0;0;0;0;1.00;0;0;0;0;0;0;0;0;0;0;2.00;0;0;0;0;0;0;0;0;0;0;0;1.00;0;0;0;0;0;0;0;0;2.00;0;0;5.00;0;0;0;0;0;0;0;0;0;0;0;0;0;0;0;0;0;0;0;0;0;0;0;0;0;0;0;0;0;0;0;0;0;0;0;0;0;0;48.24;0;0;0;0;39.45;0;0;0;0;0;0;0;0;0;0;0;0;0;0;0;1131.12;0;0;0;0;0;0;0;0;0;0;0;0;0;48.37;0;0;0;0;0;0;0;0;0;0;56.09;0;0;0;0;0;0;0;0;0;0;0;39.13;0;0;0;0;0;0;0;0;41.48;0;0;337.36;0;0;0;0;0;0;0;0;0;0;0;0;0;0;0;0;0;0;0;0;0;0;0;0;0;0;0;0;0;0
tumv-miR-s36;0.00;tumv-miR-s36;0.00;0;0;0;0;0;0;0;0;0;0;0;0;0;0;0;0;0;0;0;0;0;0;0;0;0;0;0;0;0;0;0;0;0;0;0;0;0;0;0;0;0;0;0;0;0;0;0;0;0;0;0;0;0;0;0;0;0;0;0;0;0;0;0;0;0;0;0;0;0;0;0;0;0;0;0;0;0;0;0;0;0;0;0;0;0;0;0;0;0;0;0;0;0;0;0;0;0;0;0;0;0;0;0;0;0;0;0;0;0;0;0;0;0;0;0;0;0;0;0;0;0;0;0;0;0;0;0;0;0;0;0;0;0;0;0;0;0;0;0;0;0;0;0;0;0;0;0;0;0;0;0;0;0;0;0;0;0;0;0;0;0;0;0;0;0;0;0;0;0;0;0;0;0;0;0;0;0;0;0;0;0;0;0;0;0;0;0;0;0;0;0;0;0;0;0;0;0;0;0;0;0;0;0;0;0;0;0;0;0;0;0;0;0;0;0;0;0;0
tumv-miR-s37;17.00;tumv-miR-s37;17.00;0;0;0;0;0;0;0;0;0;0;0;0;0;0;0;0;0;0;0;2.00;0;5.00;0;0;0;0;0;0;0;0;0;0;0;0;0;0;0;0;0;0;0;0;0;0;0;0;0;0;0;0;0;1.00;0;0;0;0;0;0;0;0;0;0;0;0;0;0;1.00;0;0;0;0;0;0;0;0;4.00;0;0;0;0;0;0;0;0;0;0;0;0;0;0;0;0;0;0;0;1.00;0;0;0;0;0;0;3.00;0;0;0;0;0;0;0;0;0;0;0;0;0;0;0;0;0;0;0;0;0;0;0;0;0;528.68;0;402.16;0;0;0;0;0;0;0;0;0;0;0;0;0;0;0;0;0;0;0;0;0;0;0;0;0;0;0;0;0;65.20;0;0;0;0;0;0;0;0;0;0;0;0;0;0;39.13;0;0;0;0;0;0;0;0;82.97;0;0;0;0;0;0;0;0;0;0;0;0;0;0;0;0;0;0;0;77.61;0;0;0;0;0;0;48.23;0;0;0;0;0;0
tumv-miR-s38;13.00;tumv-miR-s38;13.00;0;0;0;0;0;0;0;0;2.00;0;0;0;0;0;0;0;0;0;0;0;0;0;0;0;0;0;0;0;0;0;0;0;0;0;5.00;0;0;0;0;0;0;0;0;0;0;0;0;0;1.00;0;0;0;0;0;0;0;0;0;0;0;0;0;0;1.00;0;0;0;0;0;0;0;0;0;0;0;0;0;0;0;2.00;0;0;0;0;0;0;0;0;0;0;0;0;0;0;0;0;1.00;0;0;0;0;0;0;0;0;1.00;0;0;0;0;0;0;0;0;0;0;0;96.47;0;0;0;0;0;0;0;0;0;0;0;0;0;0;0;0;0;0;0;0;0;0;0;0;0;220.15;0;0;0;0;0;0;0;0;0;0;0;0;0;92.89;0;0;0;0;0;0;0;0;0;0;0;0;0;0;28.39;0;0;0;0;0;0;0;0;0;0;0;0;0;0;0;78.40;0;0;0;0;0;0;0;0;0;0;0;0;0;0;0;0;81.84;0;0;0;0;0;0;0;0;20.54;0;0;0
tumv-miR-s39;2.00;tumv-miR-s39;2.00;0;0;0;0;0;0;0;0;0;0;0;0;0;0;0;0;0;0;0;0;0;0;0;0;0;0;0;0;0;0;0;0;0;0;0;0;0;0;0;0;0;0;0;0;0;1.00;0;0;0;0;0;0;0;0;0;0;0;0;0;0;0;0;0;0;0;0;0;0;0;0;0;0;0;0;0;0;0;0;1.00;0;0;0;0;0;0;0;0;0;0;0;0;0;0;0;0;0;0;0;0;0;0;0;0;0;0;0;0;0;0;0;0;0;0;0;0;0;0;0;0;0;0;0;0;0;0;0;0;0;0;0;0;0;0;0;0;0;0;0;0;0;0;0;0;0;0;0;0;0;0;0;0;0;0;0;27.99;0;0;0;0;0;0;0;0;0;0;0;0;0;0;0;0;0;0;0;0;0;0;0;0;0;0;0;0;0;0;0;0;67.47;0;0;0;0;0;0;0;0;0;0;0;0;0;0;0;0;0;0;0;0;0;0;0;0;0;0;0;0;0;0
tumv-miR-s4;0.00;tumv-miR-s4;0.00;0;0;0;0;0;0;0;0;0;0;0;0;0;0;0;0;0;0;0;0;0;0;0;0;0;0;0;0;0;0;0;0;0;0;0;0;0;0;0;0;0;0;0;0;0;0;0;0;0;0;0;0;0;0;0;0;0;0;0;0;0;0;0;0;0;0;0;0;0;0;0;0;0;0;0;0;0;0;0;0;0;0;0;0;0;0;0;0;0;0;0;0;0;0;0;0;0;0;0;0;0;0;0;0;0;0;0;0;0;0;0;0;0;0;0;0;0;0;0;0;0;0;0;0;0;0;0;0;0;0;0;0;0;0;0;0;0;0;0;0;0;0;0;0;0;0;0;0;0;0;0;0;0;0;0;0;0;0;0;0;0;0;0;0;0;0;0;0;0;0;0;0;0;0;0;0;0;0;0;0;0;0;0;0;0;0;0;0;0;0;0;0;0;0;0;0;0;0;0;0;0;0;0;0;0;0;0;0;0;0;0;0;0;0;0;0;0;0
tumv-miR-s40;45.00;tumv-miR-s40;45.00;0;31.00;0;0;0;0;0;0;0;0;0;0;0;0;0;0;0;0;0;0;0;0;0;0;0;0;0;0;0;0;0;0;0;0;0;0;0;0;0;0;0;0;0;0;0;1.00;0;0;0;0;0;0;0;0;0;0;9.00;0;0;0;0;0;0;0;0;0;0;0;0;0;0;0;0;0;0;0;0;0;0;0;0;0;0;0;0;0;0;0;0;0;2.00;0;0;0;0;0;0;0;0;0;2.00;0;0;0;0;0;0;0;0;0;1162.62;0;0;0;0;0;0;0;0;0;0;0;0;0;0;0;0;0;0;0;0;0;0;0;0;0;0;0;0;0;0;0;0;0;0;0;0;0;0;0;0;0;0;0;27.99;0;0;0;0;0;0;0;0;0;0;1735.78;0;0;0;0;0;0;0;0;0;0;0;0;0;0;0;0;0;0;0;0;0;0;0;0;0;0;0;0;0;0;0;0;0;140.59;0;0;0;0;0;0;0;0;0;690.37;0;0;0;0;0;0;0;0
tumv-miR-s41;33.00;tumv-miR-s41;33.00;0;0;0;0;0;0;0;0;0;0;0;0;0;0;0;0;0;0;0;0;0;0;0;0;0;0;0;0;0;0;0;0;0;0;0;22.00;1.00;0;0;0;0;0;0;0;0;0;9.00;0;0;0;0;0;1.00;0;0;0;0;0;0;0;0;0;0;0;0;0;0;0;0;0;0;0;0;0;0;0;0;0;0;0;0;0;0;0;0;0;0;0;0;0;0;0;0;0;0;0;0;0;0;0;0;0;0;0;0;0;0;0;0;0;0;0;0;0;0;0;0;0;0;0;0;0;0;0;0;0;0;0;0;0;0;0;0;0;0;0;0;0;0;0;0;0;0;0;918.89;40.76;0;0;0;0;0;0;0;0;0;241.57;0;0;0;0;0;46.41;0;0;0;0;0;0;0;0;0;0;0;0;0;0;0;0;0;0;0;0;0;0;0;0;0;0;0;0;0;0;0;0;0;0;0;0;0;0;0;0;0;0;0;0;0;0;0;0;0;0;0;0;0;0;0;0
tumv-miR-s42;0.00;tumv-miR-s42;0.00;0;0;0;0;0;0;0;0;0;0;0;0;0;0;0;0;0;0;0;0;0;0;0;0;0;0;0;0;0;0;0;0;0;0;0;0;0;0;0;0;0;0;0;0;0;0;0;0;0;0;0;0;0;0;0;0;0;0;0;0;0;0;0;0;0;0;0;0;0;0;0;0;0;0;0;0;0;0;0;0;0;0;0;0;0;0;0;0;0;0;0;0;0;0;0;0;0;0;0;0;0;0;0;0;0;0;0;0;0;0;0;0;0;0;0;0;0;0;0;0;0;0;0;0;0;0;0;0;0;0;0;0;0;0;0;0;0;0;0;0;0;0;0;0;0;0;0;0;0;0;0;0;0;0;0;0;0;0;0;0;0;0;0;0;0;0;0;0;0;0;0;0;0;0;0;0;0;0;0;0;0;0;0;0;0;0;0;0;0;0;0;0;0;0;0;0;0;0;0;0;0;0;0;0;0;0;0;0;0;0;0;0;0;0;0;0;0;0
tumv-miR-s43;0.00;tumv-miR-s43;0.00;0;0;0;0;0;0;0;0;0;0;0;0;0;0;0;0;0;0;0;0;0;0;0;0;0;0;0;0;0;0;0;0;0;0;0;0;0;0;0;0;0;0;0;0;0;0;0;0;0;0;0;0;0;0;0;0;0;0;0;0;0;0;0;0;0;0;0;0;0;0;0;0;0;0;0;0;0;0;0;0;0;0;0;0;0;0;0;0;0;0;0;0;0;0;0;0;0;0;0;0;0;0;0;0;0;0;0;0;0;0;0;0;0;0;0;0;0;0;0;0;0;0;0;0;0;0;0;0;0;0;0;0;0;0;0;0;0;0;0;0;0;0;0;0;0;0;0;0;0;0;0;0;0;0;0;0;0;0;0;0;0;0;0;0;0;0;0;0;0;0;0;0;0;0;0;0;0;0;0;0;0;0;0;0;0;0;0;0;0;0;0;0;0;0;0;0;0;0;0;0;0;0;0;0;0;0;0;0;0;0;0;0;0;0;0;0;0;0
tumv-miR-s44;0.00;tumv-miR-s44;0.00;0;0;0;0;0;0;0;0;0;0;0;0;0;0;0;0;0;0;0;0;0;0;0;0;0;0;0;0;0;0;0;0;0;0;0;0;0;0;0;0;0;0;0;0;0;0;0;0;0;0;0;0;0;0;0;0;0;0;0;0;0;0;0;0;0;0;0;0;0;0;0;0;0;0;0;0;0;0;0;0;0;0;0;0;0;0;0;0;0;0;0;0;0;0;0;0;0;0;0;0;0;0;0;0;0;0;0;0;0;0;0;0;0;0;0;0;0;0;0;0;0;0;0;0;0;0;0;0;0;0;0;0;0;0;0;0;0;0;0;0;0;0;0;0;0;0;0;0;0;0;0;0;0;0;0;0;0;0;0;0;0;0;0;0;0;0;0;0;0;0;0;0;0;0;0;0;0;0;0;0;0;0;0;0;0;0;0;0;0;0;0;0;0;0;0;0;0;0;0;0;0;0;0;0;0;0;0;0;0;0;0;0;0;0;0;0;0;0
tumv-miR-s45;0.00;tumv-miR-s45;0.00;0;0;0;0;0;0;0;0;0;0;0;0;0;0;0;0;0;0;0;0;0;0;0;0;0;0;0;0;0;0;0;0;0;0;0;0;0;0;0;0;0;0;0;0;0;0;0;0;0;0;0;0;0;0;0;0;0;0;0;0;0;0;0;0;0;0;0;0;0;0;0;0;0;0;0;0;0;0;0;0;0;0;0;0;0;0;0;0;0;0;0;0;0;0;0;0;0;0;0;0;0;0;0;0;0;0;0;0;0;0;0;0;0;0;0;0;0;0;0;0;0;0;0;0;0;0;0;0;0;0;0;0;0;0;0;0;0;0;0;0;0;0;0;0;0;0;0;0;0;0;0;0;0;0;0;0;0;0;0;0;0;0;0;0;0;0;0;0;0;0;0;0;0;0;0;0;0;0;0;0;0;0;0;0;0;0;0;0;0;0;0;0;0;0;0;0;0;0;0;0;0;0;0;0;0;0;0;0;0;0;0;0;0;0;0;0;0;0
tumv-miR-s46;0.00;tumv-miR-s46;0.00;0;0;0;0;0;0;0;0;0;0;0;0;0;0;0;0;0;0;0;0;0;0;0;0;0;0;0;0;0;0;0;0;0;0;0;0;0;0;0;0;0;0;0;0;0;0;0;0;0;0;0;0;0;0;0;0;0;0;0;0;0;0;0;0;0;0;0;0;0;0;0;0;0;0;0;0;0;0;0;0;0;0;0;0;0;0;0;0;0;0;0;0;0;0;0;0;0;0;0;0;0;0;0;0;0;0;0;0;0;0;0;0;0;0;0;0;0;0;0;0;0;0;0;0;0;0;0;0;0;0;0;0;0;0;0;0;0;0;0;0;0;0;0;0;0;0;0;0;0;0;0;0;0;0;0;0;0;0;0;0;0;0;0;0;0;0;0;0;0;0;0;0;0;0;0;0;0;0;0;0;0;0;0;0;0;0;0;0;0;0;0;0;0;0;0;0;0;0;0;0;0;0;0;0;0;0;0;0;0;0;0;0;0;0;0;0;0;0
tumv-miR-s47;155.00;tumv-miR-s47;155.00;0;54.00;14.00;0;0;0;0;0;0;0;0;0;8.00;2.00;4.00;0;0;0;0;0;0;3.00;0;0;4.00;3.00;0;0;0;0;0;0;0;0;0;0;0;0;0;0;0;0;0;0;0;0;0;0;16.00;0;0;0;0;0;0;0;0;0;0;0;0;37.00;2.00;0;0;0;0;0;0;0;0;3.00;0;0;0;1.00;0;0;0;0;0;0;0;0;0;0;0;2.00;0;0;0;0;0;1.00;0;0;0;0;0;0;0;0;0;0;0;1.00;0;0;0;0;2025.20;381.10;0;0;0;0;0;0;0;0;0;2757.67;78.89;512.03;0;0;0;0;0;0;241.29;0;0;218.83;220.70;0;0;0;0;0;0;0;0;0;0;0;0;0;0;0;0;0;0;0;0;0;0;1486.30;0;0;0;0;0;0;0;0;0;0;0;0;2798.79;95.27;0;0;0;0;0;0;0;0;109.05;0;0;0;20.74;0;0;0;0;0;0;0;0;0;0;0;56.49;0;0;0;0;0;49.78;0;0;0;0;0;0;0;0;0;0;0;20.54;0;0;0
tumv-miR-s48;1.00;tumv-miR-s48;1.00;0;0;0;0;0;0;0;0;0;0;0;0;0;0;0;0;0;0;0;0;0;0;0;0;0;0;0;0;0;0;0;0;0;0;0;0;0;0;0;0;0;0;0;0;0;0;0;0;1.00;0;0;0;0;0;0;0;0;0;0;0;0;0;0;0;0;0;0;0;0;0;0;0;0;0;0;0;0;0;0;0;0;0;0;0;0;0;0;0;0;0;0;0;0;0;0;0;0;0;0;0;0;0;0;0;0;0;0;0;0;0;0;0;0;0;0;0;0;0;0;0;0;0;0;0;0;0;0;0;0;0;0;0;0;0;0;0;0;0;0;0;0;0;0;0;0;0;0;0;0;0;0;0;0;0;0;0;0;92.89;0;0;0;0;0;0;0;0;0;0;0;0;0;0;0;0;0;0;0;0;0;0;0;0;0;0;0;0;0;0;0;0;0;0;0;0;0;0;0;0;0;0;0;0;0;0;0;0;0;0;0;0;0;0;0;0;0;0;0;0
tumv-miR-s49;5.00;tumv-miR-s49;5.00;0;0;0;0;0;0;0;0;0;0;0;0;0;0;0;0;0;2.00;0;0;0;0;0;0;0;0;0;0;0;0;0;0;0;0;0;0;0;0;0;0;0;0;0;1.00;0;0;0;0;0;0;0;0;0;0;2.00;0;0;0;0;0;0;0;0;0;0;0;0;0;0;0;0;0;0;0;0;0;0;0;0;0;0;0;0;0;0;0;0;0;0;0;0;0;0;0;0;0;0;0;0;0;0;0;0;0;0;0;0;0;0;0;0;0;0;0;0;0;0;0;0;0;0;0;0;0;0;0;47.12;0;0;0;0;0;0;0;0;0;0;0;0;0;0;0;0;0;0;0;0;0;0;0;0;0;48.37;0;0;0;0;0;0;0;0;0;0;56.09;0;0;0;0;0;0;0;0;0;0;0;0;0;0;0;0;0;0;0;0;0;0;0;0;0;0;0;0;0;0;0;0;0;0;0;0;0;0;0;0;0;0;0;0;0;0;0;0;0;0;0;0;0;0
tumv-miR-s5;0.00;tumv-miR-s5;0.00;0;0;0;0;0;0;0;0;0;0;0;0;0;0;0;0;0;0;0;0;0;0;0;0;0;0;0;0;0;0;0;0;0;0;0;0;0;0;0;0;0;0;0;0;0;0;0;0;0;0;0;0;0;0;0;0;0;0;0;0;0;0;0;0;0;0;0;0;0;0;0;0;0;0;0;0;0;0;0;0;0;0;0;0;0;0;0;0;0;0;0;0;0;0;0;0;0;0;0;0;0;0;0;0;0;0;0;0;0;0;0;0;0;0;0;0;0;0;0;0;0;0;0;0;0;0;0;0;0;0;0;0;0;0;0;0;0;0;0;0;0;0;0;0;0;0;0;0;0;0;0;0;0;0;0;0;0;0;0;0;0;0;0;0;0;0;0;0;0;0;0;0;0;0;0;0;0;0;0;0;0;0;0;0;0;0;0;0;0;0;0;0;0;0;0;0;0;0;0;0;0;0;0;0;0;0;0;0;0;0;0;0;0;0;0;0;0;0
tumv-miR-s50;4.00;tumv-miR-s50;4.00;0;0;0;0;0;0;0;0;0;0;0;0;0;0;0;0;0;0;0;0;0;0;0;0;0;0;0;0;0;0;0;0;0;0;0;0;0;0;0;0;0;0;0;0;0;0;0;0;0;0;0;0;0;0;0;0;0;0;0;0;0;0;0;0;0;0;0;0;0;0;0;0;0;0;0;0;0;0;0;0;0;0;0;0;0;0;0;0;0;0;0;0;0;0;0;0;0;0;0;0;4.00;0;0;0;0;0;0;0;0;0;0;0;0;0;0;0;0;0;0;0;0;0;0;0;0;0;0;0;0;0;0;0;0;0;0;0;0;0;0;0;0;0;0;0;0;0;0;0;0;0;0;0;0;0;0;0;0;0;0;0;0;0;0;0;0;0;0;0;0;0;0;0;0;0;0;0;0;0;0;0;0;0;0;0;0;0;0;0;0;0;0;0;0;0;0;0;0;0;0;0;0;0;0;0;0;0;0;0;0;1380.74;0;0;0;0;0;0;0;0
tumv-miR-s51;35.00;tumv-miR-s51;35.00;0;0;0;0;0;0;0;0;0;0;0;0;0;1.00;0;0;0;0;0;0;0;0;0;0;0;0;0;20.00;0;0;0;0;0;0;0;0;0;0;0;0;0;0;0;0;0;0;1.00;0;0;0;0;0;2.00;0;0;0;0;0;0;0;0;0;0;0;0;0;0;4.00;0;0;0;0;0;0;0;0;0;0;0;0;0;0;0;0;0;0;0;0;0;0;0;0;0;0;0;6.00;0;0;1.00;0;0;0;0;0;0;0;0;0;0;0;0;0;0;0;0;0;0;0;0;0;0;0;39.45;0;0;0;0;0;0;0;0;0;0;0;0;0;2668.80;0;0;0;0;0;0;0;0;0;0;0;0;0;0;0;0;0;0;26.84;0;0;0;0;0;92.83;0;0;0;0;0;0;0;0;0;0;0;0;0;0;273.60;0;0;0;0;0;0;0;0;0;0;0;0;0;0;0;0;0;0;0;0;0;0;0;0;0;0;0;465.66;0;0;47.58;0;0;0;0;0;0;0;0;0;0
tumv-miR-s52;8.00;tumv-miR-s52;8.00;0;0;0;0;0;0;0;0;0;0;0;0;0;0;0;0;0;0;0;0;0;0;0;0;0;0;0;0;0;5.00;0;0;0;0;0;0;0;0;0;0;0;0;0;0;0;0;0;0;0;0;0;0;0;0;0;0;0;0;0;0;3.00;0;0;0;0;0;0;0;0;0;0;0;0;0;0;0;0;0;0;0;0;0;0;0;0;0;0;0;0;0;0;0;0;0;0;0;0;0;0;0;0;0;0;0;0;0;0;0;0;0;0;0;0;0;0;0;0;0;0;0;0;0;0;0;0;0;0;0;0;0;0;0;0;0;0;0;0;0;226.22;0;0;0;0;0;0;0;0;0;0;0;0;0;0;0;0;0;0;0;0;0;0;0;0;0;0;0;0;0;0;131.78;0;0;0;0;0;0;0;0;0;0;0;0;0;0;0;0;0;0;0;0;0;0;0;0;0;0;0;0;0;0;0;0;0;0;0;0;0;0;0;0;0;0;0;0;0;0;0;0
tumv-miR-s53;235.00;tumv-miR-s53;235.00;52.00;0;0;0;0;2.00;0;0;1.00;0;0;0;0;0;0;0;0;0;0;5.00;0;0;0;0;0;0;0;0;0;0;0;0;0;0;1.00;0;0;0;18.00;1.00;0;0;0;1.00;0;0;0;0;0;0;0;0;0;0;0;0;0;0;0;52.00;0;0;0;0;0;0;1.00;0;0;0;0;1.00;0;1.00;0;0;1.00;0;0;5.00;1.00;0;0;0;0;0;0;2.00;0;0;0;0;0;0;0;2.00;0;0;0;0;7.00;80.00;0;1.00;0;0;0;0;0;1560.30;0;0;0;0;73.61;0;0;48.24;0;0;0;0;0;0;0;0;0;0;1321.70;0;0;0;0;0;0;0;0;0;0;0;0;0;0;44.03;0;0;0;1142.42;152.09;0;0;0;48.37;0;0;0;0;0;0;0;0;0;0;0;0;0;0;0;2070.81;0;0;0;0;0;0;39.13;0;0;0;0;36.35;0;32.91;0;0;45.62;0;0;196.01;157.08;0;0;0;0;0;0;56.49;0;0;0;0;0;0;0;155.22;0;0;0;0;2416.29;3358.24;0;64.71;0;0;0;0;0
tumv-miR-s54;0.00;tumv-miR-s54;0.00;0;0;0;0;0;0;0;0;0;0;0;0;0;0;0;0;0;0;0;0;0;0;0;0;0;0;0;0;0;0;0;0;0;0;0;0;0;0;0;0;0;0;0;0;0;0;0;0;0;0;0;0;0;0;0;0;0;0;0;0;0;0;0;0;0;0;0;0;0;0;0;0;0;0;0;0;0;0;0;0;0;0;0;0;0;0;0;0;0;0;0;0;0;0;0;0;0;0;0;0;0;0;0;0;0;0;0;0;0;0;0;0;0;0;0;0;0;0;0;0;0;0;0;0;0;0;0;0;0;0;0;0;0;0;0;0;0;0;0;0;0;0;0;0;0;0;0;0;0;0;0;0;0;0;0;0;0;0;0;0;0;0;0;0;0;0;0;0;0;0;0;0;0;0;0;0;0;0;0;0;0;0;0;0;0;0;0;0;0;0;0;0;0;0;0;0;0;0;0;0;0;0;0;0;0;0;0;0;0;0;0;0;0;0;0;0;0;0
tumv-miR-s55;0.00;tumv-miR-s55;0.00;0;0;0;0;0;0;0;0;0;0;0;0;0;0;0;0;0;0;0;0;0;0;0;0;0;0;0;0;0;0;0;0;0;0;0;0;0;0;0;0;0;0;0;0;0;0;0;0;0;0;0;0;0;0;0;0;0;0;0;0;0;0;0;0;0;0;0;0;0;0;0;0;0;0;0;0;0;0;0;0;0;0;0;0;0;0;0;0;0;0;0;0;0;0;0;0;0;0;0;0;0;0;0;0;0;0;0;0;0;0;0;0;0;0;0;0;0;0;0;0;0;0;0;0;0;0;0;0;0;0;0;0;0;0;0;0;0;0;0;0;0;0;0;0;0;0;0;0;0;0;0;0;0;0;0;0;0;0;0;0;0;0;0;0;0;0;0;0;0;0;0;0;0;0;0;0;0;0;0;0;0;0;0;0;0;0;0;0;0;0;0;0;0;0;0;0;0;0;0;0;0;0;0;0;0;0;0;0;0;0;0;0;0;0;0;0;0;0
tumv-miR-s56;0.00;tumv-miR-s56;0.00;0;0;0;0;0;0;0;0;0;0;0;0;0;0;0;0;0;0;0;0;0;0;0;0;0;0;0;0;0;0;0;0;0;0;0;0;0;0;0;0;0;0;0;0;0;0;0;0;0;0;0;0;0;0;0;0;0;0;0;0;0;0;0;0;0;0;0;0;0;0;0;0;0;0;0;0;0;0;0;0;0;0;0;0;0;0;0;0;0;0;0;0;0;0;0;0;0;0;0;0;0;0;0;0;0;0;0;0;0;0;0;0;0;0;0;0;0;0;0;0;0;0;0;0;0;0;0;0;0;0;0;0;0;0;0;0;0;0;0;0;0;0;0;0;0;0;0;0;0;0;0;0;0;0;0;0;0;0;0;0;0;0;0;0;0;0;0;0;0;0;0;0;0;0;0;0;0;0;0;0;0;0;0;0;0;0;0;0;0;0;0;0;0;0;0;0;0;0;0;0;0;0;0;0;0;0;0;0;0;0;0;0;0;0;0;0;0;0
tumv-miR-s57;0.00;tumv-miR-s57;0.00;0;0;0;0;0;0;0;0;0;0;0;0;0;0;0;0;0;0;0;0;0;0;0;0;0;0;0;0;0;0;0;0;0;0;0;0;0;0;0;0;0;0;0;0;0;0;0;0;0;0;0;0;0;0;0;0;0;0;0;0;0;0;0;0;0;0;0;0;0;0;0;0;0;0;0;0;0;0;0;0;0;0;0;0;0;0;0;0;0;0;0;0;0;0;0;0;0;0;0;0;0;0;0;0;0;0;0;0;0;0;0;0;0;0;0;0;0;0;0;0;0;0;0;0;0;0;0;0;0;0;0;0;0;0;0;0;0;0;0;0;0;0;0;0;0;0;0;0;0;0;0;0;0;0;0;0;0;0;0;0;0;0;0;0;0;0;0;0;0;0;0;0;0;0;0;0;0;0;0;0;0;0;0;0;0;0;0;0;0;0;0;0;0;0;0;0;0;0;0;0;0;0;0;0;0;0;0;0;0;0;0;0;0;0;0;0;0;0
tumv-miR-s58;0.00;tumv-miR-s58;0.00;0;0;0;0;0;0;0;0;0;0;0;0;0;0;0;0;0;0;0;0;0;0;0;0;0;0;0;0;0;0;0;0;0;0;0;0;0;0;0;0;0;0;0;0;0;0;0;0;0;0;0;0;0;0;0;0;0;0;0;0;0;0;0;0;0;0;0;0;0;0;0;0;0;0;0;0;0;0;0;0;0;0;0;0;0;0;0;0;0;0;0;0;0;0;0;0;0;0;0;0;0;0;0;0;0;0;0;0;0;0;0;0;0;0;0;0;0;0;0;0;0;0;0;0;0;0;0;0;0;0;0;0;0;0;0;0;0;0;0;0;0;0;0;0;0;0;0;0;0;0;0;0;0;0;0;0;0;0;0;0;0;0;0;0;0;0;0;0;0;0;0;0;0;0;0;0;0;0;0;0;0;0;0;0;0;0;0;0;0;0;0;0;0;0;0;0;0;0;0;0;0;0;0;0;0;0;0;0;0;0;0;0;0;0;0;0;0;0
tumv-miR-s6;0.00;tumv-miR-s6;0.00;0;0;0;0;0;0;0;0;0;0;0;0;0;0;0;0;0;0;0;0;0;0;0;0;0;0;0;0;0;0;0;0;0;0;0;0;0;0;0;0;0;0;0;0;0;0;0;0;0;0;0;0;0;0;0;0;0;0;0;0;0;0;0;0;0;0;0;0;0;0;0;0;0;0;0;0;0;0;0;0;0;0;0;0;0;0;0;0;0;0;0;0;0;0;0;0;0;0;0;0;0;0;0;0;0;0;0;0;0;0;0;0;0;0;0;0;0;0;0;0;0;0;0;0;0;0;0;0;0;0;0;0;0;0;0;0;0;0;0;0;0;0;0;0;0;0;0;0;0;0;0;0;0;0;0;0;0;0;0;0;0;0;0;0;0;0;0;0;0;0;0;0;0;0;0;0;0;0;0;0;0;0;0;0;0;0;0;0;0;0;0;0;0;0;0;0;0;0;0;0;0;0;0;0;0;0;0;0;0;0;0;0;0;0;0;0;0;0
tumv-miR-s61;0.00;tumv-miR-s61;0.00;0;0;0;0;0;0;0;0;0;0;0;0;0;0;0;0;0;0;0;0;0;0;0;0;0;0;0;0;0;0;0;0;0;0;0;0;0;0;0;0;0;0;0;0;0;0;0;0;0;0;0;0;0;0;0;0;0;0;0;0;0;0;0;0;0;0;0;0;0;0;0;0;0;0;0;0;0;0;0;0;0;0;0;0;0;0;0;0;0;0;0;0;0;0;0;0;0;0;0;0;0;0;0;0;0;0;0;0;0;0;0;0;0;0;0;0;0;0;0;0;0;0;0;0;0;0;0;0;0;0;0;0;0;0;0;0;0;0;0;0;0;0;0;0;0;0;0;0;0;0;0;0;0;0;0;0;0;0;0;0;0;0;0;0;0;0;0;0;0;0;0;0;0;0;0;0;0;0;0;0;0;0;0;0;0;0;0;0;0;0;0;0;0;0;0;0;0;0;0;0;0;0;0;0;0;0;0;0;0;0;0;0;0;0;0;0;0;0
tumv-miR-s62;4.00;tumv-miR-s62;4.00;0;0;0;0;0;0;0;0;0;0;0;0;0;0;0;0;0;0;0;0;0;0;0;0;0;0;0;0;0;0;0;0;0;0;0;0;0;0;0;0;0;0;0;0;0;0;0;0;0;0;2.00;0;0;0;0;0;0;0;0;0;0;0;0;0;0;1.00;0;0;0;0;0;0;0;0;0;0;0;0;0;0;0;0;0;0;0;0;0;0;0;0;0;0;0;0;0;0;0;0;0;0;0;0;0;0;0;0;1.00;0;0;0;0;0;0;0;0;0;0;0;0;0;0;0;0;0;0;0;0;0;0;0;0;0;0;0;0;0;0;0;0;0;0;0;0;0;0;0;0;0;0;0;0;0;0;0;0;0;0;0;0;268.56;0;0;0;0;0;0;0;0;0;0;0;0;0;0;43.57;0;0;0;0;0;0;0;0;0;0;0;0;0;0;0;0;0;0;0;0;0;0;0;0;0;0;0;0;0;0;0;0;0;0;0;0;0;0;0;0;107.70;0;0
tumv-miR-s63;13.00;tumv-miR-s63;13.00;0;0;0;0;0;0;0;0;2.00;0;0;0;0;0;0;0;0;0;0;0;0;0;0;0;0;0;0;0;0;0;0;0;0;0;5.00;0;0;0;0;0;0;0;0;0;0;0;0;0;1.00;0;0;0;0;0;0;0;0;0;0;0;0;0;0;1.00;0;0;0;0;0;0;0;0;0;0;0;0;0;0;0;2.00;0;0;0;0;0;0;0;0;0;0;0;0;0;0;0;0;1.00;0;0;0;0;0;0;0;0;1.00;0;0;0;0;0;0;0;0;0;0;0;96.47;0;0;0;0;0;0;0;0;0;0;0;0;0;0;0;0;0;0;0;0;0;0;0;0;0;220.15;0;0;0;0;0;0;0;0;0;0;0;0;0;92.89;0;0;0;0;0;0;0;0;0;0;0;0;0;0;28.39;0;0;0;0;0;0;0;0;0;0;0;0;0;0;0;78.40;0;0;0;0;0;0;0;0;0;0;0;0;0;0;0;0;81.84;0;0;0;0;0;0;0;0;20.54;0;0;0
tumv-miR-s64;2.00;tumv-miR-s64;2.00;0;0;0;0;0;0;0;0;0;0;0;0;0;0;0;0;0;0;0;0;0;0;0;0;0;0;0;0;0;0;0;0;0;0;0;0;0;0;0;0;0;0;0;0;0;1.00;0;0;0;0;0;0;0;0;0;0;0;0;0;0;0;0;0;0;0;0;0;0;0;0;0;0;0;0;0;0;0;0;1.00;0;0;0;0;0;0;0;0;0;0;0;0;0;0;0;0;0;0;0;0;0;0;0;0;0;0;0;0;0;0;0;0;0;0;0;0;0;0;0;0;0;0;0;0;0;0;0;0;0;0;0;0;0;0;0;0;0;0;0;0;0;0;0;0;0;0;0;0;0;0;0;0;0;0;0;27.99;0;0;0;0;0;0;0;0;0;0;0;0;0;0;0;0;0;0;0;0;0;0;0;0;0;0;0;0;0;0;0;0;67.47;0;0;0;0;0;0;0;0;0;0;0;0;0;0;0;0;0;0;0;0;0;0;0;0;0;0;0;0;0;0
tumv-miR-s65;1.00;tumv-miR-s65;1.00;0;0;0;0;0;0;0;0;0;0;0;1.00;0;0;0;0;0;0;0;0;0;0;0;0;0;0;0;0;0;0;0;0;0;0;0;0;0;0;0;0;0;0;0;0;0;0;0;0;0;0;0;0;0;0;0;0;0;0;0;0;0;0;0;0;0;0;0;0;0;0;0;0;0;0;0;0;0;0;0;0;0;0;0;0;0;0;0;0;0;0;0;0;0;0;0;0;0;0;0;0;0;0;0;0;0;0;0;0;0;0;0;0;0;0;0;0;0;0;0;0;104.00;0;0;0;0;0;0;0;0;0;0;0;0;0;0;0;0;0;0;0;0;0;0;0;0;0;0;0;0;0;0;0;0;0;0;0;0;0;0;0;0;0;0;0;0;0;0;0;0;0;0;0;0;0;0;0;0;0;0;0;0;0;0;0;0;0;0;0;0;0;0;0;0;0;0;0;0;0;0;0;0;0;0;0;0;0;0;0;0;0;0;0;0;0;0;0;0;0
tumv-miR-s66;6.00;tumv-miR-s66;6.00;0;0;0;0;0;0;0;0;0;0;0;0;0;0;0;0;0;0;0;0;0;0;0;0;0;0;0;0;0;0;0;0;0;0;0;0;0;0;0;0;0;1.00;0;0;0;0;0;0;0;0;1.00;0;0;0;0;0;0;0;0;0;4.00;0;0;0;0;0;0;0;0;0;0;0;0;0;0;0;0;0;0;0;0;0;0;0;0;0;0;0;0;0;0;0;0;0;0;0;0;0;0;0;0;0;0;0;0;0;0;0;0;0;0;0;0;0;0;0;0;0;0;0;0;0;0;0;0;0;0;0;0;0;0;0;0;0;0;0;0;0;0;0;0;0;0;0;0;0;0;0;0;0;62.27;0;0;0;0;0;0;0;0;134.28;0;0;0;0;0;0;0;0;0;175.70;0;0;0;0;0;0;0;0;0;0;0;0;0;0;0;0;0;0;0;0;0;0;0;0;0;0;0;0;0;0;0;0;0;0;0;0;0;0;0;0;0;0;0;0;0;0;0;0
tumv-miR-s67;60.00;tumv-miR-s67;60.00;0;0;0;0;0;0;0;0;0;0;0;0;0;0;0;0;0;0;0;0;0;0;0;0;0;0;0;0;0;0;0;0;0;0;0;0;0;0;0;0;0;0;0;0;0;0;0;0;0;0;0;0;4.00;0;0;0;0;0;0;0;0;0;0;0;0;0;0;0;0;0;0;0;0;0;0;0;0;0;0;0;0;0;0;0;0;0;0;0;0;0;0;0;0;0;0;0;0;0;56.00;0;0;0;0;0;0;0;0;0;0;0;0;0;0;0;0;0;0;0;0;0;0;0;0;0;0;0;0;0;0;0;0;0;0;0;0;0;0;0;0;0;0;0;0;0;0;0;0;0;0;0;0;0;0;0;0;0;0;0;0;0;0;185.66;0;0;0;0;0;0;0;0;0;0;0;0;0;0;0;0;0;0;0;0;0;0;0;0;0;0;0;0;0;0;0;0;0;0;0;0;0;0;0;0;0;0;0;0;0;2664.26;0;0;0;0;0;0;0;0;0;0
tumv-miR-s68;0.00;tumv-miR-s68;0.00;0;0;0;0;0;0;0;0;0;0;0;0;0;0;0;0;0;0;0;0;0;0;0;0;0;0;0;0;0;0;0;0;0;0;0;0;0;0;0;0;0;0;0;0;0;0;0;0;0;0;0;0;0;0;0;0;0;0;0;0;0;0;0;0;0;0;0;0;0;0;0;0;0;0;0;0;0;0;0;0;0;0;0;0;0;0;0;0;0;0;0;0;0;0;0;0;0;0;0;0;0;0;0;0;0;0;0;0;0;0;0;0;0;0;0;0;0;0;0;0;0;0;0;0;0;0;0;0;0;0;0;0;0;0;0;0;0;0;0;0;0;0;0;0;0;0;0;0;0;0;0;0;0;0;0;0;0;0;0;0;0;0;0;0;0;0;0;0;0;0;0;0;0;0;0;0;0;0;0;0;0;0;0;0;0;0;0;0;0;0;0;0;0;0;0;0;0;0;0;0;0;0;0;0;0;0;0;0;0;0;0;0;0;0;0;0;0;0
tumv-miR-s69;0.00;tumv-miR-s69;0.00;0;0;0;0;0;0;0;0;0;0;0;0;0;0;0;0;0;0;0;0;0;0;0;0;0;0;0;0;0;0;0;0;0;0;0;0;0;0;0;0;0;0;0;0;0;0;0;0;0;0;0;0;0;0;0;0;0;0;0;0;0;0;0;0;0;0;0;0;0;0;0;0;0;0;0;0;0;0;0;0;0;0;0;0;0;0;0;0;0;0;0;0;0;0;0;0;0;0;0;0;0;0;0;0;0;0;0;0;0;0;0;0;0;0;0;0;0;0;0;0;0;0;0;0;0;0;0;0;0;0;0;0;0;0;0;0;0;0;0;0;0;0;0;0;0;0;0;0;0;0;0;0;0;0;0;0;0;0;0;0;0;0;0;0;0;0;0;0;0;0;0;0;0;0;0;0;0;0;0;0;0;0;0;0;0;0;0;0;0;0;0;0;0;0;0;0;0;0;0;0;0;0;0;0;0;0;0;0;0;0;0;0;0;0;0;0;0;0
tumv-miR-s7;380.00;tumv-miR-s7;380.00;0;0;0;0;0;0;0;0;0;0;0;0;0;0;0;0;0;0;0;0;1.00;0;0;0;0;0;0;0;0;0;0;0;48.00;0;17.00;0;0;0;18.00;0;0;0;0;1.00;0;0;4.00;0;0;13.00;20.00;0;30.00;0;0;0;0;0;0;0;0;0;49.00;0;0;0;0;0;0;0;0;75.00;0;0;0;0;0;0;0;85.00;0;0;0;0;0;0;0;0;0;0;0;0;0;0;0;0;3.00;0;0;0;14.00;0;0;0;2.00;0;0;0;0;0;0;0;0;0;0;0;0;0;0;0;0;0;0;0;0;0;0;0;0;121.57;0;0;0;0;0;0;0;0;0;0;0;3322.72;0;748.50;0;0;0;1142.42;0;0;0;0;48.37;0;0;107.37;0;0;732.06;2685.65;0;1392.43;0;0;0;0;0;0;0;0;0;2334.11;0;0;0;0;0;0;0;0;2726.28;0;0;0;0;0;0;0;3332.16;0;0;0;0;0;0;0;0;0;0;0;0;0;0;0;0;245.52;0;0;0;4832.59;0;0;0;36.41;0;0;0;0
tumv-miR-s70;88.00;tumv-miR-s70;88.00;0;0;0;0;0;0;0;31.00;0;0;0;0;0;1.00;0;0;0;0;0;0;0;0;0;0;0;0;0;0;0;0;0;0;0;0;0;0;0;0;0;0;0;0;0;0;0;0;0;0;0;0;0;0;0;0;0;0;0;0;0;0;0;0;0;0;0;0;0;0;0;0;0;0;0;0;0;0;0;0;0;0;0;0;0;0;0;0;0;0;0;1.00;0;0;0;0;0;54.00;0;0;0;0;0;1.00;0;0;0;0;0;0;0;0;0;0;0;0;0;0;2622.90;0;0;0;0;0;39.45;0;0;0;0;0;0;0;0;0;0;0;0;0;0;0;0;0;0;0;0;0;0;0;0;0;0;0;0;0;0;0;0;0;0;0;0;0;0;0;0;0;0;0;0;0;0;0;0;0;0;0;0;0;0;0;0;0;0;0;0;0;0;0;0;0;0;0;0;0;0;0;0;0;0;0;21.73;0;0;0;0;0;4190.92;0;0;0;0;0;41.98;0;0;0;0;0;0;0
tumv-miR-s71;0.00;tumv-miR-s71;0.00;0;0;0;0;0;0;0;0;0;0;0;0;0;0;0;0;0;0;0;0;0;0;0;0;0;0;0;0;0;0;0;0;0;0;0;0;0;0;0;0;0;0;0;0;0;0;0;0;0;0;0;0;0;0;0;0;0;0;0;0;0;0;0;0;0;0;0;0;0;0;0;0;0;0;0;0;0;0;0;0;0;0;0;0;0;0;0;0;0;0;0;0;0;0;0;0;0;0;0;0;0;0;0;0;0;0;0;0;0;0;0;0;0;0;0;0;0;0;0;0;0;0;0;0;0;0;0;0;0;0;0;0;0;0;0;0;0;0;0;0;0;0;0;0;0;0;0;0;0;0;0;0;0;0;0;0;0;0;0;0;0;0;0;0;0;0;0;0;0;0;0;0;0;0;0;0;0;0;0;0;0;0;0;0;0;0;0;0;0;0;0;0;0;0;0;0;0;0;0;0;0;0;0;0;0;0;0;0;0;0;0;0;0;0;0;0;0;0
tumv-miR-s72;1.00;tumv-miR-s72;1.00;0;0;0;0;0;0;0;0;0;0;0;0;0;0;0;0;0;0;0;0;0;0;0;0;0;0;0;0;0;0;0;0;0;0;0;0;0;0;0;0;0;0;0;0;0;0;0;0;0;0;0;0;0;0;0;0;0;0;0;0;0;0;0;0;0;0;0;0;0;0;0;0;0;0;0;0;0;0;0;0;0;0;0;0;0;0;1.00;0;0;0;0;0;0;0;0;0;0;0;0;0;0;0;0;0;0;0;0;0;0;0;0;0;0;0;0;0;0;0;0;0;0;0;0;0;0;0;0;0;0;0;0;0;0;0;0;0;0;0;0;0;0;0;0;0;0;0;0;0;0;0;0;0;0;0;0;0;0;0;0;0;0;0;0;0;0;0;0;0;0;0;0;0;0;0;0;0;0;0;0;0;0;0;0;0;0;0;0;0;0;0;0;0;0;0;0;48.37;0;0;0;0;0;0;0;0;0;0;0;0;0;0;0;0;0;0;0;0;0;0
tumv-miR-s73;119.00;tumv-miR-s73;119.00;0;0;0;0;0;15.00;0;1.00;0;1.00;0;0;0;0;0;1.00;0;0;0;0;0;0;0;0;0;4.00;0;0;0;0;0;0;0;0;0;0;0;0;0;0;0;0;0;0;0;0;1.00;0;0;0;26.00;1.00;1.00;0;1.00;0;0;0;0;0;1.00;0;0;0;0;0;0;0;0;0;0;0;0;0;0;0;0;0;0;0;0;0;0;0;0;0;0;0;0;0;0;0;0;0;0;0;0;0;61.00;0;0;1.00;0;0;4.00;0;0;0;0;0;0;0;0;0;552.10;0;84.61;0;26.22;0;0;0;0;0;47.92;0;0;0;0;0;0;0;0;0;294.27;0;0;0;0;0;0;0;0;0;0;0;0;0;0;0;0;0;0;0;0;26.84;0;0;0;3491.34;65.20;46.41;0;28.05;0;0;0;0;0;43.93;0;0;0;0;0;0;0;0;0;0;0;0;0;0;0;0;0;0;0;0;0;0;0;0;0;0;0;0;0;0;0;0;0;0;0;0;0;2902.14;0;0;41.98;0;0;72.83;0;0;0;0
tumv-miR-s74;0.00;tumv-miR-s74;0.00;0;0;0;0;0;0;0;0;0;0;0;0;0;0;0;0;0;0;0;0;0;0;0;0;0;0;0;0;0;0;0;0;0;0;0;0;0;0;0;0;0;0;0;0;0;0;0;0;0;0;0;0;0;0;0;0;0;0;0;0;0;0;0;0;0;0;0;0;0;0;0;0;0;0;0;0;0;0;0;0;0;0;0;0;0;0;0;0;0;0;0;0;0;0;0;0;0;0;0;0;0;0;0;0;0;0;0;0;0;0;0;0;0;0;0;0;0;0;0;0;0;0;0;0;0;0;0;0;0;0;0;0;0;0;0;0;0;0;0;0;0;0;0;0;0;0;0;0;0;0;0;0;0;0;0;0;0;0;0;0;0;0;0;0;0;0;0;0;0;0;0;0;0;0;0;0;0;0;0;0;0;0;0;0;0;0;0;0;0;0;0;0;0;0;0;0;0;0;0;0;0;0;0;0;0;0;0;0;0;0;0;0;0;0;0;0;0;0
tumv-miR-s75;0.00;tumv-miR-s75;0.00;0;0;0;0;0;0;0;0;0;0;0;0;0;0;0;0;0;0;0;0;0;0;0;0;0;0;0;0;0;0;0;0;0;0;0;0;0;0;0;0;0;0;0;0;0;0;0;0;0;0;0;0;0;0;0;0;0;0;0;0;0;0;0;0;0;0;0;0;0;0;0;0;0;0;0;0;0;0;0;0;0;0;0;0;0;0;0;0;0;0;0;0;0;0;0;0;0;0;0;0;0;0;0;0;0;0;0;0;0;0;0;0;0;0;0;0;0;0;0;0;0;0;0;0;0;0;0;0;0;0;0;0;0;0;0;0;0;0;0;0;0;0;0;0;0;0;0;0;0;0;0;0;0;0;0;0;0;0;0;0;0;0;0;0;0;0;0;0;0;0;0;0;0;0;0;0;0;0;0;0;0;0;0;0;0;0;0;0;0;0;0;0;0;0;0;0;0;0;0;0;0;0;0;0;0;0;0;0;0;0;0;0;0;0;0;0;0;0
tumv-miR-s76;0.00;tumv-miR-s76;0.00;0;0;0;0;0;0;0;0;0;0;0;0;0;0;0;0;0;0;0;0;0;0;0;0;0;0;0;0;0;0;0;0;0;0;0;0;0;0;0;0;0;0;0;0;0;0;0;0;0;0;0;0;0;0;0;0;0;0;0;0;0;0;0;0;0;0;0;0;0;0;0;0;0;0;0;0;0;0;0;0;0;0;0;0;0;0;0;0;0;0;0;0;0;0;0;0;0;0;0;0;0;0;0;0;0;0;0;0;0;0;0;0;0;0;0;0;0;0;0;0;0;0;0;0;0;0;0;0;0;0;0;0;0;0;0;0;0;0;0;0;0;0;0;0;0;0;0;0;0;0;0;0;0;0;0;0;0;0;0;0;0;0;0;0;0;0;0;0;0;0;0;0;0;0;0;0;0;0;0;0;0;0;0;0;0;0;0;0;0;0;0;0;0;0;0;0;0;0;0;0;0;0;0;0;0;0;0;0;0;0;0;0;0;0;0;0;0;0
tumv-miR-s77;15.00;tumv-miR-s77;15.00;0;0;0;0;0;0;0;0;0;0;0;0;0;0;0;0;0;0;0;0;0;0;0;0;0;0;0;0;0;0;0;0;0;0;14.00;0;0;0;1.00;0;0;0;0;0;0;0;0;0;0;0;0;0;0;0;0;0;0;0;0;0;0;0;0;0;0;0;0;0;0;0;0;0;0;0;0;0;0;0;0;0;0;0;0;0;0;0;0;0;0;0;0;0;0;0;0;0;0;0;0;0;0;0;0;0;0;0;0;0;0;0;0;0;0;0;0;0;0;0;0;0;0;0;0;0;0;0;0;0;0;0;0;0;0;0;0;0;0;0;0;0;0;0;0;616.41;0;0;0;63.47;0;0;0;0;0;0;0;0;0;0;0;0;0;0;0;0;0;0;0;0;0;0;0;0;0;0;0;0;0;0;0;0;0;0;0;0;0;0;0;0;0;0;0;0;0;0;0;0;0;0;0;0;0;0;0;0;0;0;0;0;0;0;0;0;0;0;0;0;0;0
tumv-miR-s78;0.00;tumv-miR-s78;0.00;0;0;0;0;0;0;0;0;0;0;0;0;0;0;0;0;0;0;0;0;0;0;0;0;0;0;0;0;0;0;0;0;0;0;0;0;0;0;0;0;0;0;0;0;0;0;0;0;0;0;0;0;0;0;0;0;0;0;0;0;0;0;0;0;0;0;0;0;0;0;0;0;0;0;0;0;0;0;0;0;0;0;0;0;0;0;0;0;0;0;0;0;0;0;0;0;0;0;0;0;0;0;0;0;0;0;0;0;0;0;0;0;0;0;0;0;0;0;0;0;0;0;0;0;0;0;0;0;0;0;0;0;0;0;0;0;0;0;0;0;0;0;0;0;0;0;0;0;0;0;0;0;0;0;0;0;0;0;0;0;0;0;0;0;0;0;0;0;0;0;0;0;0;0;0;0;0;0;0;0;0;0;0;0;0;0;0;0;0;0;0;0;0;0;0;0;0;0;0;0;0;0;0;0;0;0;0;0;0;0;0;0;0;0;0;0;0;0
tumv-miR-s79;4.00;tumv-miR-s79;4.00;0;0;0;0;0;0;0;0;0;0;2.00;0;0;0;0;0;0;0;0;0;0;0;0;0;0;0;0;0;0;0;0;0;0;0;0;0;0;0;0;0;0;0;0;0;0;0;0;0;0;0;0;0;0;0;0;0;0;0;0;0;1.00;0;0;0;0;0;0;0;0;0;0;0;0;0;0;0;0;0;0;0;0;0;0;0;0;0;0;0;0;0;0;0;0;0;0;0;0;0;0;0;0;1.00;0;0;0;0;0;0;0;0;0;0;0;0;0;0;0;0;0;196.56;0;0;0;0;0;0;0;0;0;0;0;0;0;0;0;0;0;0;0;0;0;0;0;0;0;0;0;0;0;0;0;0;0;0;0;0;0;0;0;0;0;0;0;0;0;0;0;0;0;43.93;0;0;0;0;0;0;0;0;0;0;0;0;0;0;0;0;0;0;0;0;0;0;0;0;0;0;0;0;0;0;0;0;0;0;0;0;0;0;0;0;41.98;0;0;0;0;0;0;0
tumv-miR-s8;0.00;tumv-miR-s8;0.00;0;0;0;0;0;0;0;0;0;0;0;0;0;0;0;0;0;0;0;0;0;0;0;0;0;0;0;0;0;0;0;0;0;0;0;0;0;0;0;0;0;0;0;0;0;0;0;0;0;0;0;0;0;0;0;0;0;0;0;0;0;0;0;0;0;0;0;0;0;0;0;0;0;0;0;0;0;0;0;0;0;0;0;0;0;0;0;0;0;0;0;0;0;0;0;0;0;0;0;0;0;0;0;0;0;0;0;0;0;0;0;0;0;0;0;0;0;0;0;0;0;0;0;0;0;0;0;0;0;0;0;0;0;0;0;0;0;0;0;0;0;0;0;0;0;0;0;0;0;0;0;0;0;0;0;0;0;0;0;0;0;0;0;0;0;0;0;0;0;0;0;0;0;0;0;0;0;0;0;0;0;0;0;0;0;0;0;0;0;0;0;0;0;0;0;0;0;0;0;0;0;0;0;0;0;0;0;0;0;0;0;0;0;0;0;0;0;0
tumv-miR-s80;16.00;tumv-miR-s80;16.00;0;0;0;0;0;0;0;0;0;0;0;0;0;0;0;1.00;0;0;0;0;0;0;0;0;0;0;0;0;0;0;0;0;0;0;0;0;0;0;0;0;0;0;0;0;0;0;0;0;0;0;0;0;0;0;0;0;0;0;0;0;0;0;0;0;0;0;0;0;0;0;0;1.00;0;0;0;0;0;0;0;0;0;12.00;0;0;0;0;0;0;0;0;0;0;0;0;0;0;0;0;2.00;0;0;0;0;0;0;0;0;0;0;0;0;0;0;0;0;0;0;0;0;0;0;0;0;0;47.92;0;0;0;0;0;0;0;0;0;0;0;0;0;0;0;0;0;0;0;0;0;0;0;0;0;0;0;0;0;0;0;0;0;0;0;0;0;0;0;0;0;0;0;0;0;0;0;0;0;0;0;0;0;0;0;36.35;0;0;0;0;0;0;0;0;0;283.35;0;0;0;0;0;0;0;0;0;0;0;0;0;0;0;0;95.15;0;0;0;0;0;0;0;0;0;0
tumv-miR-s81;0.00;tumv-miR-s81;0.00;0;0;0;0;0;0;0;0;0;0;0;0;0;0;0;0;0;0;0;0;0;0;0;0;0;0;0;0;0;0;0;0;0;0;0;0;0;0;0;0;0;0;0;0;0;0;0;0;0;0;0;0;0;0;0;0;0;0;0;0;0;0;0;0;0;0;0;0;0;0;0;0;0;0;0;0;0;0;0;0;0;0;0;0;0;0;0;0;0;0;0;0;0;0;0;0;0;0;0;0;0;0;0;0;0;0;0;0;0;0;0;0;0;0;0;0;0;0;0;0;0;0;0;0;0;0;0;0;0;0;0;0;0;0;0;0;0;0;0;0;0;0;0;0;0;0;0;0;0;0;0;0;0;0;0;0;0;0;0;0;0;0;0;0;0;0;0;0;0;0;0;0;0;0;0;0;0;0;0;0;0;0;0;0;0;0;0;0;0;0;0;0;0;0;0;0;0;0;0;0;0;0;0;0;0;0;0;0;0;0;0;0;0;0;0;0;0;0
tumv-miR-s82;1.00;tumv-miR-s82;1.00;0;0;0;0;0;0;0;0;0;0;0;0;0;0;0;0;0;0;0;0;0;0;1.00;0;0;0;0;0;0;0;0;0;0;0;0;0;0;0;0;0;0;0;0;0;0;0;0;0;0;0;0;0;0;0;0;0;0;0;0;0;0;0;0;0;0;0;0;0;0;0;0;0;0;0;0;0;0;0;0;0;0;0;0;0;0;0;0;0;0;0;0;0;0;0;0;0;0;0;0;0;0;0;0;0;0;0;0;0;0;0;0;0;0;0;0;0;0;0;0;0;0;0;0;0;0;0;0;0;0;0;0;186.71;0;0;0;0;0;0;0;0;0;0;0;0;0;0;0;0;0;0;0;0;0;0;0;0;0;0;0;0;0;0;0;0;0;0;0;0;0;0;0;0;0;0;0;0;0;0;0;0;0;0;0;0;0;0;0;0;0;0;0;0;0;0;0;0;0;0;0;0;0;0;0;0;0;0;0;0;0;0;0;0;0;0;0;0;0;0
tumv-miR-s9;6.00;tumv-miR-s9;6.00;0;0;0;0;0;0;0;0;0;0;0;0;0;0;0;0;0;0;0;0;0;0;0;0;0;0;0;0;0;0;0;0;0;0;0;0;0;0;0;0;0;1.00;0;0;0;0;0;0;0;0;1.00;0;0;0;0;0;0;0;0;0;4.00;0;0;0;0;0;0;0;0;0;0;0;0;0;0;0;0;0;0;0;0;0;0;0;0;0;0;0;0;0;0;0;0;0;0;0;0;0;0;0;0;0;0;0;0;0;0;0;0;0;0;0;0;0;0;0;0;0;0;0;0;0;0;0;0;0;0;0;0;0;0;0;0;0;0;0;0;0;0;0;0;0;0;0;0;0;0;0;0;0;62.27;0;0;0;0;0;0;0;0;134.28;0;0;0;0;0;0;0;0;0;175.70;0;0;0;0;0;0;0;0;0;0;0;0;0;0;0;0;0;0;0;0;0;0;0;0;0;0;0;0;0;0;0;0;0;0;0;0;0;0;0;0;0;0;0;0;0;0;0;0
wssv-miR113;241.00;wssv-miR113;241.00;0;0;0;28.00;0;0;0;0;0;0;0;0;0;0;0;0;0;0;0;0;0;0;0;0;0;0;0;35.00;0;0;0;0;0;0;26.00;0;0;0;0;0;0;0;0;0;0;0;0;0;0;0;0;0;0;0;0;0;0;0;0;0;0;0;0;0;0;0;0;0;0;0;0;0;0;80.00;0;0;0;0;0;0;0;0;0;0;0;0;0;0;0;0;2.00;0;0;0;0;0;0;0;0;0;0;0;0;68.00;0;0;2.00;0;0;0;0;0;4075.69;0;0;0;0;0;0;0;0;0;0;0;0;0;0;0;0;0;0;0;0;0;0;0;4670.40;0;0;0;0;0;0;1144.77;0;0;0;0;0;0;0;0;0;0;0;0;0;0;0;0;0;0;0;0;0;0;0;0;0;0;0;0;0;0;0;0;0;0;0;0;0;0;2632.62;0;0;0;0;0;0;0;0;0;0;0;0;0;0;0;0;140.59;0;0;0;0;0;0;0;0;0;0;0;0;4400.44;0;0;215.40;0;0
wssv-miR12;9.00;wssv-miR12;9.00;0;0;0;0;0;0;0;0;0;2.00;0;0;0;0;0;0;0;0;0;0;0;4.00;0;0;0;0;0;0;0;0;0;1.00;0;0;0;0;0;0;0;0;0;0;0;0;0;0;0;0;0;0;0;0;0;0;0;0;0;0;0;0;0;0;0;0;0;0;0;0;0;0;0;0;0;0;0;0;1.00;0;0;0;0;0;0;0;0;0;0;0;0;0;0;1.00;0;0;0;0;0;0;0;0;0;0;0;0;0;0;0;0;0;0;0;0;0;0;0;0;0;0;52.45;0;0;0;0;0;0;0;0;0;0;0;321.72;0;0;0;0;0;0;0;0;0;23.45;0;0;0;0;0;0;0;0;0;0;0;0;0;0;0;0;0;0;0;0;0;0;0;0;0;0;0;0;0;0;0;0;0;0;0;0;0;0;0;0;0;0;0;0;45.62;0;0;0;0;0;0;0;0;0;0;0;0;0;0;55.08;0;0;0;0;0;0;0;0;0;0;0;0;0;0;0;0;0
wssv-miR123;0.00;wssv-miR123;0.00;0;0;0;0;0;0;0;0;0;0;0;0;0;0;0;0;0;0;0;0;0;0;0;0;0;0;0;0;0;0;0;0;0;0;0;0;0;0;0;0;0;0;0;0;0;0;0;0;0;0;0;0;0;0;0;0;0;0;0;0;0;0;0;0;0;0;0;0;0;0;0;0;0;0;0;0;0;0;0;0;0;0;0;0;0;0;0;0;0;0;0;0;0;0;0;0;0;0;0;0;0;0;0;0;0;0;0;0;0;0;0;0;0;0;0;0;0;0;0;0;0;0;0;0;0;0;0;0;0;0;0;0;0;0;0;0;0;0;0;0;0;0;0;0;0;0;0;0;0;0;0;0;0;0;0;0;0;0;0;0;0;0;0;0;0;0;0;0;0;0;0;0;0;0;0;0;0;0;0;0;0;0;0;0;0;0;0;0;0;0;0;0;0;0;0;0;0;0;0;0;0;0;0;0;0;0;0;0;0;0;0;0;0;0;0;0;0;0
wssv-miR126;53.00;wssv-miR126;53.00;0;0;1.00;0;0;0;0;0;10.00;0;0;0;0;1.00;0;1.00;0;1.00;0;0;0;1.00;0;0;0;0;0;0;0;0;1.00;0;0;0;0;2.00;0;0;0;0;0;0;0;1.00;0;1.00;0;0;0;1.00;0;0;0;0;0;0;0;0;0;0;0;21.00;0;0;0;0;0;0;1.00;2.00;0;2.00;0;0;0;0;0;0;0;0;0;0;0;0;0;0;5.00;1.00;0;0;0;0;0;0;0;0;0;0;0;0;0;0;0;0;0;0;0;0;0;0;0;27.22;0;0;0;0;0;482.37;0;0;0;0;39.45;0;47.92;0;23.56;0;0;0;80.43;0;0;0;0;0;0;0;0;33.28;0;0;0;0;83.54;0;0;0;0;0;0;0;48.37;0;27.99;0;0;0;56.31;0;0;0;0;0;0;0;0;0;0;0;1588.50;0;0;0;0;0;0;38.76;107.49;0;72.70;0;0;0;0;0;0;0;0;0;0;0;0;0;0;241.86;28.24;0;0;0;0;0;0;0;0;0;0;0;0;0;0;0;0;0;0;0;0;0
wssv-miR129;0.00;wssv-miR129;0.00;0;0;0;0;0;0;0;0;0;0;0;0;0;0;0;0;0;0;0;0;0;0;0;0;0;0;0;0;0;0;0;0;0;0;0;0;0;0;0;0;0;0;0;0;0;0;0;0;0;0;0;0;0;0;0;0;0;0;0;0;0;0;0;0;0;0;0;0;0;0;0;0;0;0;0;0;0;0;0;0;0;0;0;0;0;0;0;0;0;0;0;0;0;0;0;0;0;0;0;0;0;0;0;0;0;0;0;0;0;0;0;0;0;0;0;0;0;0;0;0;0;0;0;0;0;0;0;0;0;0;0;0;0;0;0;0;0;0;0;0;0;0;0;0;0;0;0;0;0;0;0;0;0;0;0;0;0;0;0;0;0;0;0;0;0;0;0;0;0;0;0;0;0;0;0;0;0;0;0;0;0;0;0;0;0;0;0;0;0;0;0;0;0;0;0;0;0;0;0;0;0;0;0;0;0;0;0;0;0;0;0;0;0;0;0;0;0;0
wssv-miR143;0.00;wssv-miR143;0.00;0;0;0;0;0;0;0;0;0;0;0;0;0;0;0;0;0;0;0;0;0;0;0;0;0;0;0;0;0;0;0;0;0;0;0;0;0;0;0;0;0;0;0;0;0;0;0;0;0;0;0;0;0;0;0;0;0;0;0;0;0;0;0;0;0;0;0;0;0;0;0;0;0;0;0;0;0;0;0;0;0;0;0;0;0;0;0;0;0;0;0;0;0;0;0;0;0;0;0;0;0;0;0;0;0;0;0;0;0;0;0;0;0;0;0;0;0;0;0;0;0;0;0;0;0;0;0;0;0;0;0;0;0;0;0;0;0;0;0;0;0;0;0;0;0;0;0;0;0;0;0;0;0;0;0;0;0;0;0;0;0;0;0;0;0;0;0;0;0;0;0;0;0;0;0;0;0;0;0;0;0;0;0;0;0;0;0;0;0;0;0;0;0;0;0;0;0;0;0;0;0;0;0;0;0;0;0;0;0;0;0;0;0;0;0;0;0;0
wssv-miR144;104.00;wssv-miR144;104.00;0;0;0;0;0;0;0;0;0;0;0;0;0;0;0;0;0;0;0;0;0;0;0;0;0;0;0;0;0;0;1.00;34.00;0;0;0;0;0;0;0;0;0;0;0;0;0;0;0;0;0;0;0;0;0;1.00;0;0;0;0;0;0;0;18.00;0;0;0;0;0;0;0;0;0;50.00;0;0;0;0;0;0;0;0;0;0;0;0;0;0;0;0;0;0;0;0;0;0;0;0;0;0;0;0;0;0;0;0;0;0;0;0;0;0;0;0;0;0;0;0;0;0;0;0;0;0;0;0;0;0;0;0;0;0;0;0;0;0;0;0;0;0;0;33.28;797.15;0;0;0;0;0;0;0;0;0;0;0;0;0;0;0;0;0;0;0;0;0;25.59;0;0;0;0;0;0;0;1361.57;0;0;0;0;0;0;0;0;0;1817.52;0;0;0;0;0;0;0;0;0;0;0;0;0;0;0;0;0;0;0;0;0;0;0;0;0;0;0;0;0;0;0;0;0;0;0;0;0
wssv-miR154-5p;33591.00;wssv-miR154-5p;33591.00;118.00;605.00;248.00;111.00;169.00;144.00;1.00;75.00;248.00;1393.00;129.00;404.00;0;450.00;0;88.00;89.00;76.00;114.00;3.00;1.00;149.00;14.00;50.00;134.00;273.00;130.00;70.00;787.00;1379.00;517.00;265.00;383.00;289.00;173.00;464.00;323.00;564.00;199.00;163.00;230.00;0;236.00;229.00;616.00;188.00;472.00;259.00;677.00;364.00;187.00;144.00;165.00;1909.00;134.00;303.00;24.00;2.00;595.00;544.00;164.00;614.00;1288.00;920.00;6.00;457.00;339.00;203.00;398.00;126.00;166.00;120.00;2.00;139.00;338.00;384.00;315.00;899.00;324.00;8.00;182.00;705.00;1042.00;506.00;197.00;337.00;114.00;351.00;696.00;163.00;191.00;654.00;706.00;114.00;85.00;175.00;323.00;333.00;266.00;2.00;2.00;273.00;606.00;50.00;66.00;34.00;120.00;11.00;7.00;3540.67;22689.77;6750.87;16157.21;8625.97;5300.16;91.56;6345.71;11962.76;36531.00;12678.13;42017.68;0;17750.78;0;4217.19;3310.77;1790.64;6610.23;793.02;121.57;11984.24;2613.89;6656.90;7330.82;20083.87;6159.09;9340.81;46098.88;62392.54;17207.52;6213.07;26512.53;10509.86;7617.12;19380.17;13166.48;35841.38;12630.11;24790.87;6812.80;0;28925.11;11076.18;29985.88;5262.13;12669.10;16864.18;62888.99;20497.80;25110.78;9388.45;7658.39;48844.77;3758.13;24606.14;4628.74;4728.13;35688.58;21663.81;7203.72;46444.78;61353.78;26115.59;636.40;19913.72;13266.02;13885.09;15425.76;6771.65;5471.51;4362.05;127.91;4574.17;8743.57;7964.82;14369.78;27004.30;21860.87;313.61;28589.38;16646.99;37195.69;25313.92;6900.18;21248.42;5514.44;9913.57;26291.93;3542.55;13426.12;36025.12;13656.23;5674.75;78196.87;13581.68;26434.24;11454.32;12655.22;1049.87;690.37;11459.99;9742.61;3235.62;1201.66;698.31;12924.07;6715.51;6261.18
wssv-miR16;0.00;wssv-miR16;0.00;0;0;0;0;0;0;0;0;0;0;0;0;0;0;0;0;0;0;0;0;0;0;0;0;0;0;0;0;0;0;0;0;0;0;0;0;0;0;0;0;0;0;0;0;0;0;0;0;0;0;0;0;0;0;0;0;0;0;0;0;0;0;0;0;0;0;0;0;0;0;0;0;0;0;0;0;0;0;0;0;0;0;0;0;0;0;0;0;0;0;0;0;0;0;0;0;0;0;0;0;0;0;0;0;0;0;0;0;0;0;0;0;0;0;0;0;0;0;0;0;0;0;0;0;0;0;0;0;0;0;0;0;0;0;0;0;0;0;0;0;0;0;0;0;0;0;0;0;0;0;0;0;0;0;0;0;0;0;0;0;0;0;0;0;0;0;0;0;0;0;0;0;0;0;0;0;0;0;0;0;0;0;0;0;0;0;0;0;0;0;0;0;0;0;0;0;0;0;0;0;0;0;0;0;0;0;0;0;0;0;0;0;0;0;0;0;0;0
wssv-miR162;0.00;wssv-miR162;0.00;0;0;0;0;0;0;0;0;0;0;0;0;0;0;0;0;0;0;0;0;0;0;0;0;0;0;0;0;0;0;0;0;0;0;0;0;0;0;0;0;0;0;0;0;0;0;0;0;0;0;0;0;0;0;0;0;0;0;0;0;0;0;0;0;0;0;0;0;0;0;0;0;0;0;0;0;0;0;0;0;0;0;0;0;0;0;0;0;0;0;0;0;0;0;0;0;0;0;0;0;0;0;0;0;0;0;0;0;0;0;0;0;0;0;0;0;0;0;0;0;0;0;0;0;0;0;0;0;0;0;0;0;0;0;0;0;0;0;0;0;0;0;0;0;0;0;0;0;0;0;0;0;0;0;0;0;0;0;0;0;0;0;0;0;0;0;0;0;0;0;0;0;0;0;0;0;0;0;0;0;0;0;0;0;0;0;0;0;0;0;0;0;0;0;0;0;0;0;0;0;0;0;0;0;0;0;0;0;0;0;0;0;0;0;0;0;0;0
wssv-miR173;0.00;wssv-miR173;0.00;0;0;0;0;0;0;0;0;0;0;0;0;0;0;0;0;0;0;0;0;0;0;0;0;0;0;0;0;0;0;0;0;0;0;0;0;0;0;0;0;0;0;0;0;0;0;0;0;0;0;0;0;0;0;0;0;0;0;0;0;0;0;0;0;0;0;0;0;0;0;0;0;0;0;0;0;0;0;0;0;0;0;0;0;0;0;0;0;0;0;0;0;0;0;0;0;0;0;0;0;0;0;0;0;0;0;0;0;0;0;0;0;0;0;0;0;0;0;0;0;0;0;0;0;0;0;0;0;0;0;0;0;0;0;0;0;0;0;0;0;0;0;0;0;0;0;0;0;0;0;0;0;0;0;0;0;0;0;0;0;0;0;0;0;0;0;0;0;0;0;0;0;0;0;0;0;0;0;0;0;0;0;0;0;0;0;0;0;0;0;0;0;0;0;0;0;0;0;0;0;0;0;0;0;0;0;0;0;0;0;0;0;0;0;0;0;0;0
wssv-miR185;5.00;wssv-miR185;5.00;0;0;0;0;0;0;0;0;0;0;0;0;0;0;0;0;0;0;0;0;0;0;0;0;0;0;0;1.00;0;0;0;0;0;0;0;0;0;0;0;0;0;0;0;0;0;0;0;0;0;0;0;0;0;0;0;0;0;0;0;0;0;0;0;0;0;0;0;0;0;0;0;0;0;0;0;2.00;0;0;0;0;0;0;0;0;0;0;0;0;0;0;0;0;0;0;0;2.00;0;0;0;0;0;0;0;0;0;0;0;0;0;0;0;0;0;0;0;0;0;0;0;0;0;0;0;0;0;0;0;0;0;0;0;0;0;0;0;0;133.44;0;0;0;0;0;0;0;0;0;0;0;0;0;0;0;0;0;0;0;0;0;0;0;0;0;0;0;0;0;0;0;0;0;0;0;0;0;0;0;0;0;0;0;0;0;0;0;41.48;0;0;0;0;0;0;0;0;0;0;0;0;0;0;0;0;0;0;0;155.22;0;0;0;0;0;0;0;0;0;0;0;0;0
wssv-miR190;0.00;wssv-miR190;0.00;0;0;0;0;0;0;0;0;0;0;0;0;0;0;0;0;0;0;0;0;0;0;0;0;0;0;0;0;0;0;0;0;0;0;0;0;0;0;0;0;0;0;0;0;0;0;0;0;0;0;0;0;0;0;0;0;0;0;0;0;0;0;0;0;0;0;0;0;0;0;0;0;0;0;0;0;0;0;0;0;0;0;0;0;0;0;0;0;0;0;0;0;0;0;0;0;0;0;0;0;0;0;0;0;0;0;0;0;0;0;0;0;0;0;0;0;0;0;0;0;0;0;0;0;0;0;0;0;0;0;0;0;0;0;0;0;0;0;0;0;0;0;0;0;0;0;0;0;0;0;0;0;0;0;0;0;0;0;0;0;0;0;0;0;0;0;0;0;0;0;0;0;0;0;0;0;0;0;0;0;0;0;0;0;0;0;0;0;0;0;0;0;0;0;0;0;0;0;0;0;0;0;0;0;0;0;0;0;0;0;0;0;0;0;0;0;0;0
wssv-miR197;0.00;wssv-miR197;0.00;0;0;0;0;0;0;0;0;0;0;0;0;0;0;0;0;0;0;0;0;0;0;0;0;0;0;0;0;0;0;0;0;0;0;0;0;0;0;0;0;0;0;0;0;0;0;0;0;0;0;0;0;0;0;0;0;0;0;0;0;0;0;0;0;0;0;0;0;0;0;0;0;0;0;0;0;0;0;0;0;0;0;0;0;0;0;0;0;0;0;0;0;0;0;0;0;0;0;0;0;0;0;0;0;0;0;0;0;0;0;0;0;0;0;0;0;0;0;0;0;0;0;0;0;0;0;0;0;0;0;0;0;0;0;0;0;0;0;0;0;0;0;0;0;0;0;0;0;0;0;0;0;0;0;0;0;0;0;0;0;0;0;0;0;0;0;0;0;0;0;0;0;0;0;0;0;0;0;0;0;0;0;0;0;0;0;0;0;0;0;0;0;0;0;0;0;0;0;0;0;0;0;0;0;0;0;0;0;0;0;0;0;0;0;0;0;0;0
wssv-miR201;0.00;wssv-miR201;0.00;0;0;0;0;0;0;0;0;0;0;0;0;0;0;0;0;0;0;0;0;0;0;0;0;0;0;0;0;0;0;0;0;0;0;0;0;0;0;0;0;0;0;0;0;0;0;0;0;0;0;0;0;0;0;0;0;0;0;0;0;0;0;0;0;0;0;0;0;0;0;0;0;0;0;0;0;0;0;0;0;0;0;0;0;0;0;0;0;0;0;0;0;0;0;0;0;0;0;0;0;0;0;0;0;0;0;0;0;0;0;0;0;0;0;0;0;0;0;0;0;0;0;0;0;0;0;0;0;0;0;0;0;0;0;0;0;0;0;0;0;0;0;0;0;0;0;0;0;0;0;0;0;0;0;0;0;0;0;0;0;0;0;0;0;0;0;0;0;0;0;0;0;0;0;0;0;0;0;0;0;0;0;0;0;0;0;0;0;0;0;0;0;0;0;0;0;0;0;0;0;0;0;0;0;0;0;0;0;0;0;0;0;0;0;0;0;0;0
wssv-miR206;3.00;wssv-miR206;3.00;0;0;0;0;0;0;0;0;0;0;0;0;0;0;0;0;0;0;0;0;0;0;0;0;0;0;0;0;0;0;0;0;0;0;0;0;0;0;0;0;0;0;0;0;0;0;0;0;0;0;0;0;2.00;0;0;0;0;0;0;0;0;0;0;0;0;0;0;0;0;0;0;0;0;0;0;0;0;0;0;0;0;0;0;0;0;1.00;0;0;0;0;0;0;0;0;0;0;0;0;0;0;0;0;0;0;0;0;0;0;0;0;0;0;0;0;0;0;0;0;0;0;0;0;0;0;0;0;0;0;0;0;0;0;0;0;0;0;0;0;0;0;0;0;0;0;0;0;0;0;0;0;0;0;0;0;0;0;0;0;0;0;0;92.83;0;0;0;0;0;0;0;0;0;0;0;0;0;0;0;0;0;0;0;0;0;0;0;0;0;0;0;0;0;0;0;0;63.05;0;0;0;0;0;0;0;0;0;0;0;0;0;0;0;0;0;0;0;0;0;0;0
wssv-miR211;0.00;wssv-miR211;0.00;0;0;0;0;0;0;0;0;0;0;0;0;0;0;0;0;0;0;0;0;0;0;0;0;0;0;0;0;0;0;0;0;0;0;0;0;0;0;0;0;0;0;0;0;0;0;0;0;0;0;0;0;0;0;0;0;0;0;0;0;0;0;0;0;0;0;0;0;0;0;0;0;0;0;0;0;0;0;0;0;0;0;0;0;0;0;0;0;0;0;0;0;0;0;0;0;0;0;0;0;0;0;0;0;0;0;0;0;0;0;0;0;0;0;0;0;0;0;0;0;0;0;0;0;0;0;0;0;0;0;0;0;0;0;0;0;0;0;0;0;0;0;0;0;0;0;0;0;0;0;0;0;0;0;0;0;0;0;0;0;0;0;0;0;0;0;0;0;0;0;0;0;0;0;0;0;0;0;0;0;0;0;0;0;0;0;0;0;0;0;0;0;0;0;0;0;0;0;0;0;0;0;0;0;0;0;0;0;0;0;0;0;0;0;0;0;0;0
wssv-miR214;18586.00;wssv-miR214;18586.00;19.00;71.00;111.00;80.00;568.00;160.00;3.00;0;638.00;52.00;21.00;66.00;77.00;251.00;0;218.00;49.00;2.00;234.00;17.00;2.00;0;1.00;0;1.00;0;21.00;512.00;70.00;152.00;23.00;273.00;13.00;178.00;20.00;84.00;135.00;279.00;158.00;154.00;31.00;0;359.00;35.00;0;146.00;26.00;3.00;2.00;45.00;16.00;51.00;182.00;4.00;41.00;60.00;23.00;1.00;38.00;133.00;220.00;55.00;355.00;134.00;101.00;100.00;215.00;0;6.00;88.00;0;140.00;86.00;274.00;3.00;133.00;95.00;286.00;1020.00;179.00;87.00;106.00;2339.00;405.00;305.00;166.00;100.00;150.00;328.00;427.00;63.00;30.00;290.00;1.00;48.00;2190.00;237.00;8.00;143.00;1.00;0;600.00;575.00;245.00;97.00;139.00;107.00;0;0;570.11;2662.77;3021.56;11644.83;28991.43;5889.06;274.67;0;30775.17;1363.68;2063.88;6864.27;26542.57;9900.99;0;10447.12;1822.78;47.12;13568.36;4493.79;243.13;0;186.71;0;54.71;0;994.93;68321.32;4100.28;6877.21;765.52;6400.64;899.90;6473.20;880.59;3508.48;5503.02;17730.05;10027.93;23422.05;918.25;0;44000.49;1692.87;0;4086.55;697.87;195.34;185.79;2534.07;2148.52;3325.07;8447.44;102.35;1149.88;4872.50;4435.87;2364.07;2279.27;5296.48;9663.53;4160.36;16910.40;3803.79;10712.77;4357.49;8413.56;0;232.55;4729.40;0;5089.06;5500.13;9016.72;77.61;2758.65;4333.74;8590.91;68821.27;7017.13;13666.35;2502.95;83493.97;20261.14;10683.01;10466.58;4837.23;4236.57;12390.45;9280.19;4428.51;1652.53;5609.50;49.78;44158.23;169965.08;19396.02;275.18;6803.37;524.93;0;25186.80;9244.22;15854.53;1766.08;2854.85;11523.96;0;0
wssv-miR23;0.00;wssv-miR23;0.00;0;0;0;0;0;0;0;0;0;0;0;0;0;0;0;0;0;0;0;0;0;0;0;0;0;0;0;0;0;0;0;0;0;0;0;0;0;0;0;0;0;0;0;0;0;0;0;0;0;0;0;0;0;0;0;0;0;0;0;0;0;0;0;0;0;0;0;0;0;0;0;0;0;0;0;0;0;0;0;0;0;0;0;0;0;0;0;0;0;0;0;0;0;0;0;0;0;0;0;0;0;0;0;0;0;0;0;0;0;0;0;0;0;0;0;0;0;0;0;0;0;0;0;0;0;0;0;0;0;0;0;0;0;0;0;0;0;0;0;0;0;0;0;0;0;0;0;0;0;0;0;0;0;0;0;0;0;0;0;0;0;0;0;0;0;0;0;0;0;0;0;0;0;0;0;0;0;0;0;0;0;0;0;0;0;0;0;0;0;0;0;0;0;0;0;0;0;0;0;0;0;0;0;0;0;0;0;0;0;0;0;0;0;0;0;0;0;0
wssv-miR36-3p;0.00;wssv-miR36-3p;0.00;0;0;0;0;0;0;0;0;0;0;0;0;0;0;0;0;0;0;0;0;0;0;0;0;0;0;0;0;0;0;0;0;0;0;0;0;0;0;0;0;0;0;0;0;0;0;0;0;0;0;0;0;0;0;0;0;0;0;0;0;0;0;0;0;0;0;0;0;0;0;0;0;0;0;0;0;0;0;0;0;0;0;0;0;0;0;0;0;0;0;0;0;0;0;0;0;0;0;0;0;0;0;0;0;0;0;0;0;0;0;0;0;0;0;0;0;0;0;0;0;0;0;0;0;0;0;0;0;0;0;0;0;0;0;0;0;0;0;0;0;0;0;0;0;0;0;0;0;0;0;0;0;0;0;0;0;0;0;0;0;0;0;0;0;0;0;0;0;0;0;0;0;0;0;0;0;0;0;0;0;0;0;0;0;0;0;0;0;0;0;0;0;0;0;0;0;0;0;0;0;0;0;0;0;0;0;0;0;0;0;0;0;0;0;0;0;0;0
wssv-miR36-5p;1.00;wssv-miR36-5p;1.00;0;0;0;0;0;0;0;0;0;0;0;0;0;0;0;0;0;0;0;0;0;0;0;1.00;0;0;0;0;0;0;0;0;0;0;0;0;0;0;0;0;0;0;0;0;0;0;0;0;0;0;0;0;0;0;0;0;0;0;0;0;0;0;0;0;0;0;0;0;0;0;0;0;0;0;0;0;0;0;0;0;0;0;0;0;0;0;0;0;0;0;0;0;0;0;0;0;0;0;0;0;0;0;0;0;0;0;0;0;0;0;0;0;0;0;0;0;0;0;0;0;0;0;0;0;0;0;0;0;0;0;0;0;133.14;0;0;0;0;0;0;0;0;0;0;0;0;0;0;0;0;0;0;0;0;0;0;0;0;0;0;0;0;0;0;0;0;0;0;0;0;0;0;0;0;0;0;0;0;0;0;0;0;0;0;0;0;0;0;0;0;0;0;0;0;0;0;0;0;0;0;0;0;0;0;0;0;0;0;0;0;0;0;0;0;0;0;0;0;0
wssv-miR45;14.00;wssv-miR45;14.00;6.00;0;0;0;0;0;0;0;0;0;0;0;0;0;0;0;0;0;0;0;0;0;0;0;0;0;0;0;0;0;0;0;0;0;0;0;0;0;0;0;0;0;0;0;0;0;0;0;0;0;0;0;0;0;0;0;0;0;0;0;0;0;0;0;0;0;0;1.00;0;0;0;0;0;0;0;7.00;0;0;0;0;0;0;0;0;0;0;0;0;0;0;0;0;0;0;0;0;0;0;0;0;0;0;0;0;0;0;0;0;0;180.03;0;0;0;0;0;0;0;0;0;0;0;0;0;0;0;0;0;0;0;0;0;0;0;0;0;0;0;0;0;0;0;0;0;0;0;0;0;0;0;0;0;0;0;0;0;0;0;0;0;0;0;0;0;0;0;0;0;0;0;0;0;0;0;0;0;0;68.40;0;0;0;0;0;0;0;145.19;0;0;0;0;0;0;0;0;0;0;0;0;0;0;0;0;0;0;0;0;0;0;0;0;0;0;0;0;0;0;0;0;0
wssv-miR49;0.00;wssv-miR49;0.00;0;0;0;0;0;0;0;0;0;0;0;0;0;0;0;0;0;0;0;0;0;0;0;0;0;0;0;0;0;0;0;0;0;0;0;0;0;0;0;0;0;0;0;0;0;0;0;0;0;0;0;0;0;0;0;0;0;0;0;0;0;0;0;0;0;0;0;0;0;0;0;0;0;0;0;0;0;0;0;0;0;0;0;0;0;0;0;0;0;0;0;0;0;0;0;0;0;0;0;0;0;0;0;0;0;0;0;0;0;0;0;0;0;0;0;0;0;0;0;0;0;0;0;0;0;0;0;0;0;0;0;0;0;0;0;0;0;0;0;0;0;0;0;0;0;0;0;0;0;0;0;0;0;0;0;0;0;0;0;0;0;0;0;0;0;0;0;0;0;0;0;0;0;0;0;0;0;0;0;0;0;0;0;0;0;0;0;0;0;0;0;0;0;0;0;0;0;0;0;0;0;0;0;0;0;0;0;0;0;0;0;0;0;0;0;0;0;0
wssv-miR5-3p;79.00;wssv-miR5-3p;79.00;0;0;0;0;0;0;0;0;0;0;0;0;0;0;0;0;0;0;0;0;1.00;0;76.00;0;0;0;0;0;0;0;0;0;0;0;0;0;0;0;0;0;0;0;0;0;0;0;0;0;0;1.00;0;0;0;0;0;0;0;0;0;0;0;0;0;0;0;0;0;0;0;1.00;0;0;0;0;0;0;0;0;0;0;0;0;0;0;0;0;0;0;0;0;0;0;0;0;0;0;0;0;0;0;0;0;0;0;0;0;0;0;0;0;0;0;0;0;0;0;0;0;0;0;0;0;0;0;0;0;0;0;0;121.57;0;14189.69;0;0;0;0;0;0;0;0;0;0;0;0;0;0;0;0;0;0;0;0;0;0;0;0;0;0;56.31;0;0;0;0;0;0;0;0;0;0;0;0;0;0;0;0;0;0;0;53.74;0;0;0;0;0;0;0;0;0;0;0;0;0;0;0;0;0;0;0;0;0;0;0;0;0;0;0;0;0;0;0;0;0;0;0;0;0;0;0
wssv-miR5-5p;273.00;wssv-miR5-5p;273.00;5.00;1.00;0;0;0;0;168.00;0;0;0;0;0;0;0;0;0;0;1.00;0;0;0;0;0;0;0;0;0;0;0;0;0;0;0;0;1.00;0;0;0;0;0;0;0;0;5.00;0;0;0;0;0;0;0;0;0;0;28.00;0;0;0;0;0;0;0;0;0;0;0;0;0;0;0;7.00;0;0;0;0;0;0;0;0;0;0;0;0;0;0;0;0;0;0;0;0;0;0;56.00;0;0;0;1.00;0;0;0;0;0;0;0;0;0;0;0;150.03;37.50;0;0;0;0;15381.80;0;0;0;0;0;0;0;0;0;0;23.56;0;0;0;0;0;0;0;0;0;0;0;0;0;0;0;0;44.03;0;0;0;0;0;0;0;0;241.84;0;0;0;0;0;0;0;0;0;0;785.28;0;0;0;0;0;0;0;0;0;0;0;0;0;0;0;230.73;0;0;0;0;0;0;0;0;0;0;0;0;0;0;0;0;0;0;0;0;0;0;2787.60;0;0;0;34.40;0;0;0;0;0;0;0;0;0;0;0
wssv-miR51;0.00;wssv-miR51;0.00;0;0;0;0;0;0;0;0;0;0;0;0;0;0;0;0;0;0;0;0;0;0;0;0;0;0;0;0;0;0;0;0;0;0;0;0;0;0;0;0;0;0;0;0;0;0;0;0;0;0;0;0;0;0;0;0;0;0;0;0;0;0;0;0;0;0;0;0;0;0;0;0;0;0;0;0;0;0;0;0;0;0;0;0;0;0;0;0;0;0;0;0;0;0;0;0;0;0;0;0;0;0;0;0;0;0;0;0;0;0;0;0;0;0;0;0;0;0;0;0;0;0;0;0;0;0;0;0;0;0;0;0;0;0;0;0;0;0;0;0;0;0;0;0;0;0;0;0;0;0;0;0;0;0;0;0;0;0;0;0;0;0;0;0;0;0;0;0;0;0;0;0;0;0;0;0;0;0;0;0;0;0;0;0;0;0;0;0;0;0;0;0;0;0;0;0;0;0;0;0;0;0;0;0;0;0;0;0;0;0;0;0;0;0;0;0;0;0
wssv-miR66;0.00;wssv-miR66;0.00;0;0;0;0;0;0;0;0;0;0;0;0;0;0;0;0;0;0;0;0;0;0;0;0;0;0;0;0;0;0;0;0;0;0;0;0;0;0;0;0;0;0;0;0;0;0;0;0;0;0;0;0;0;0;0;0;0;0;0;0;0;0;0;0;0;0;0;0;0;0;0;0;0;0;0;0;0;0;0;0;0;0;0;0;0;0;0;0;0;0;0;0;0;0;0;0;0;0;0;0;0;0;0;0;0;0;0;0;0;0;0;0;0;0;0;0;0;0;0;0;0;0;0;0;0;0;0;0;0;0;0;0;0;0;0;0;0;0;0;0;0;0;0;0;0;0;0;0;0;0;0;0;0;0;0;0;0;0;0;0;0;0;0;0;0;0;0;0;0;0;0;0;0;0;0;0;0;0;0;0;0;0;0;0;0;0;0;0;0;0;0;0;0;0;0;0;0;0;0;0;0;0;0;0;0;0;0;0;0;0;0;0;0;0;0;0;0;0
wssv-miR68;1.00;wssv-miR68;1.00;0;0;0;0;0;0;0;1.00;0;0;0;0;0;0;0;0;0;0;0;0;0;0;0;0;0;0;0;0;0;0;0;0;0;0;0;0;0;0;0;0;0;0;0;0;0;0;0;0;0;0;0;0;0;0;0;0;0;0;0;0;0;0;0;0;0;0;0;0;0;0;0;0;0;0;0;0;0;0;0;0;0;0;0;0;0;0;0;0;0;0;0;0;0;0;0;0;0;0;0;0;0;0;0;0;0;0;0;0;0;0;0;0;0;0;0;0;84.61;0;0;0;0;0;0;0;0;0;0;0;0;0;0;0;0;0;0;0;0;0;0;0;0;0;0;0;0;0;0;0;0;0;0;0;0;0;0;0;0;0;0;0;0;0;0;0;0;0;0;0;0;0;0;0;0;0;0;0;0;0;0;0;0;0;0;0;0;0;0;0;0;0;0;0;0;0;0;0;0;0;0;0;0;0;0;0;0;0;0;0;0;0;0;0;0;0;0;0;0;0
wssv-miR72;0.00;wssv-miR72;0.00;0;0;0;0;0;0;0;0;0;0;0;0;0;0;0;0;0;0;0;0;0;0;0;0;0;0;0;0;0;0;0;0;0;0;0;0;0;0;0;0;0;0;0;0;0;0;0;0;0;0;0;0;0;0;0;0;0;0;0;0;0;0;0;0;0;0;0;0;0;0;0;0;0;0;0;0;0;0;0;0;0;0;0;0;0;0;0;0;0;0;0;0;0;0;0;0;0;0;0;0;0;0;0;0;0;0;0;0;0;0;0;0;0;0;0;0;0;0;0;0;0;0;0;0;0;0;0;0;0;0;0;0;0;0;0;0;0;0;0;0;0;0;0;0;0;0;0;0;0;0;0;0;0;0;0;0;0;0;0;0;0;0;0;0;0;0;0;0;0;0;0;0;0;0;0;0;0;0;0;0;0;0;0;0;0;0;0;0;0;0;0;0;0;0;0;0;0;0;0;0;0;0;0;0;0;0;0;0;0;0;0;0;0;0;0;0;0;0
wssv-miR76;14.00;wssv-miR76;14.00;0;0;0;0;0;0;0;0;0;0;0;0;0;0;0;0;0;0;0;12.00;0;0;0;0;0;0;0;0;0;0;0;0;0;0;0;1.00;0;0;0;0;0;0;0;0;0;0;0;0;0;0;0;0;0;0;0;0;0;0;0;0;0;0;0;0;0;0;0;0;0;0;0;0;0;0;0;0;0;0;0;0;0;0;0;0;0;0;0;0;0;0;0;0;0;0;0;0;0;0;0;1.00;0;0;0;0;0;0;0;0;0;0;0;0;0;0;0;0;0;0;0;0;0;0;0;0;0;0;0;0;3172.09;0;0;0;0;0;0;0;0;0;0;0;0;0;0;0;41.77;0;0;0;0;0;0;0;0;0;0;0;0;0;0;0;0;0;0;0;0;0;0;0;0;0;0;0;0;0;0;0;0;0;0;0;0;0;0;0;0;0;0;0;0;0;0;0;0;0;0;0;0;0;0;0;0;0;0;0;0;0;0;0;524.93;0;0;0;0;0;0;0;0;0
wssv-miR77;87.00;wssv-miR77;87.00;0;0;0;0;0;0;0;0;0;0;0;0;0;0;0;0;0;0;0;9.00;0;0;0;0;0;0;0;0;0;0;0;0;0;0;0;0;0;0;0;0;0;0;0;0;0;0;0;0;1.00;0;0;0;0;0;0;0;0;0;0;69.00;0;0;0;0;0;0;0;0;7.00;0;0;0;0;0;0;1.00;0;0;0;0;0;0;0;0;0;0;0;0;0;0;0;0;0;0;0;0;0;0;0;0;0;0;0;0;0;0;0;0;0;0;0;0;0;0;0;0;0;0;0;0;0;0;0;0;0;0;0;0;2379.06;0;0;0;0;0;0;0;0;0;0;0;0;0;0;0;0;0;0;0;0;0;0;0;0;0;0;0;0;92.89;0;0;0;0;0;0;0;0;0;0;2747.80;0;0;0;0;0;0;0;0;271.31;0;0;0;0;0;0;20.74;0;0;0;0;0;0;0;0;0;0;0;0;0;0;0;0;0;0;0;0;0;0;0;0;0;0;0;0;0;0;0;0;0
wssv-miR82;7.00;wssv-miR82;7.00;0;0;0;0;0;0;7.00;0;0;0;0;0;0;0;0;0;0;0;0;0;0;0;0;0;0;0;0;0;0;0;0;0;0;0;0;0;0;0;0;0;0;0;0;0;0;0;0;0;0;0;0;0;0;0;0;0;0;0;0;0;0;0;0;0;0;0;0;0;0;0;0;0;0;0;0;0;0;0;0;0;0;0;0;0;0;0;0;0;0;0;0;0;0;0;0;0;0;0;0;0;0;0;0;0;0;0;0;0;0;0;0;0;0;0;0;640.91;0;0;0;0;0;0;0;0;0;0;0;0;0;0;0;0;0;0;0;0;0;0;0;0;0;0;0;0;0;0;0;0;0;0;0;0;0;0;0;0;0;0;0;0;0;0;0;0;0;0;0;0;0;0;0;0;0;0;0;0;0;0;0;0;0;0;0;0;0;0;0;0;0;0;0;0;0;0;0;0;0;0;0;0;0;0;0;0;0;0;0;0;0;0;0;0;0;0;0;0;0;0
wssv-miR83;2.00;wssv-miR83;2.00;0;0;1.00;0;0;0;0;0;0;0;0;0;0;0;0;0;0;0;0;0;0;0;0;0;0;0;0;0;0;0;0;0;0;0;0;0;0;0;0;0;0;0;0;0;0;0;0;0;0;0;0;0;1.00;0;0;0;0;0;0;0;0;0;0;0;0;0;0;0;0;0;0;0;0;0;0;0;0;0;0;0;0;0;0;0;0;0;0;0;0;0;0;0;0;0;0;0;0;0;0;0;0;0;0;0;0;0;0;0;0;0;0;27.22;0;0;0;0;0;0;0;0;0;0;0;0;0;0;0;0;0;0;0;0;0;0;0;0;0;0;0;0;0;0;0;0;0;0;0;0;0;0;0;0;0;0;0;0;0;0;0;0;0;46.41;0;0;0;0;0;0;0;0;0;0;0;0;0;0;0;0;0;0;0;0;0;0;0;0;0;0;0;0;0;0;0;0;0;0;0;0;0;0;0;0;0;0;0;0;0;0;0;0;0;0;0;0;0;0;0;0
wssv-miR9;157.00;wssv-miR9;157.00;0;4.00;2.00;0;0;0;0;0;3.00;0;0;0;0;2.00;0;1.00;2.00;0;0;0;0;1.00;1.00;7.00;0;0;0;0;1.00;0;1.00;64.00;0;1.00;3.00;0;0;0;0;0;0;0;0;2.00;0;2.00;0;1.00;0;0;2.00;0;1.00;0;2.00;0;15.00;0;0;0;0;0;0;1.00;0;1.00;0;0;2.00;0;0;5.00;0;1.00;0;9.00;0;0;8.00;0;0;1.00;0;0;6.00;0;1.00;0;1.00;0;0;1.00;0;0;0;0;0;0;0;0;0;1.00;0;1.00;0;0;0;0;0;0;150.02;54.44;0;0;0;0;0;144.71;0;0;0;0;78.89;0;47.92;74.40;0;0;0;0;80.43;186.71;931.97;0;0;0;0;58.58;0;33.28;1500.52;0;36.37;132.09;0;0;0;0;0;0;0;0;96.74;0;55.98;0;65.11;0;0;268.56;0;46.41;0;56.09;0;2892.96;0;0;0;0;0;0;28.39;0;43.57;0;0;77.52;0;0;181.75;0;32.91;0;186.68;0;0;539.77;0;0;23.61;0;0;210.16;0;48.37;0;37.78;0;0;55.08;0;0;0;0;0;0;0;0;0;41.98;0;64.71;0;0;0;0;0
wssv-miR99-3p;0.00;wssv-miR99-3p;0.00;0;0;0;0;0;0;0;0;0;0;0;0;0;0;0;0;0;0;0;0;0;0;0;0;0;0;0;0;0;0;0;0;0;0;0;0;0;0;0;0;0;0;0;0;0;0;0;0;0;0;0;0;0;0;0;0;0;0;0;0;0;0;0;0;0;0;0;0;0;0;0;0;0;0;0;0;0;0;0;0;0;0;0;0;0;0;0;0;0;0;0;0;0;0;0;0;0;0;0;0;0;0;0;0;0;0;0;0;0;0;0;0;0;0;0;0;0;0;0;0;0;0;0;0;0;0;0;0;0;0;0;0;0;0;0;0;0;0;0;0;0;0;0;0;0;0;0;0;0;0;0;0;0;0;0;0;0;0;0;0;0;0;0;0;0;0;0;0;0;0;0;0;0;0;0;0;0;0;0;0;0;0;0;0;0;0;0;0;0;0;0;0;0;0;0;0;0;0;0;0;0;0;0;0;0;0;0;0;0;0;0;0;0;0;0;0;0;0
wssv-miR99-5p;1.00;wssv-miR99-5p;1.00;0;0;0;0;0;0;0;0;0;0;0;0;0;0;0;0;0;0;0;0;0;0;0;0;0;0;0;0;0;0;1.00;0;0;0;0;0;0;0;0;0;0;0;0;0;0;0;0;0;0;0;0;0;0;0;0;0;0;0;0;0;0;0;0;0;0;0;0;0;0;0;0;0;0;0;0;0;0;0;0;0;0;0;0;0;0;0;0;0;0;0;0;0;0;0;0;0;0;0;0;0;0;0;0;0;0;0;0;0;0;0;0;0;0;0;0;0;0;0;0;0;0;0;0;0;0;0;0;0;0;0;0;0;0;0;0;0;0;0;0;33.28;0;0;0;0;0;0;0;0;0;0;0;0;0;0;0;0;0;0;0;0;0;0;0;0;0;0;0;0;0;0;0;0;0;0;0;0;0;0;0;0;0;0;0;0;0;0;0;0;0;0;0;0;0;0;0;0;0;0;0;0;0;0;0;0;0;0;0;0;0;0;0;0;0;0;0;0;0;0
